customer_id,first_purchase,last_purchase,invoice_count,monetary_gbp,recency_days,recency_score,frequency_score,monetary_score,rfm_score,segment
14646,2010-12-20 10:09:00,2011-12-08 12:12:00,73,280206.02,2,5,5,5,15,Champions
18102,2010-12-07 16:42:00,2011-12-09 11:50:00,60,259657.3,1,5,5,5,15,Champions
17450,2010-12-07 09:23:00,2011-12-01 13:29:00,46,194390.79,9,5,5,5,15,Champions
16446,2011-05-18 09:52:00,2011-12-09 09:15:00,2,168472.5,1,5,3,5,13,Champions
14911,2010-12-01 14:05:00,2011-12-08 15:54:00,201,143711.17,2,5,5,5,15,Champions
12415,2011-01-06 11:12:00,2011-11-15 14:22:00,21,124914.53,25,4,5,5,14,Champions
14156,2010-12-03 11:48:00,2011-11-30 10:54:00,55,117210.08,10,5,5,5,15,Champions
17511,2010-12-01 10:19:00,2011-12-07 10:12:00,31,91062.38,3,5,5,5,15,Champions
16029,2010-12-01 09:57:00,2011-11-01 10:27:00,63,80850.84,39,3,5,5,13,Champions
12346,2011-01-18 10:01:00,2011-01-18 10:01:00,1,77183.6,326,1,1,5,7,Other
16684,2010-12-16 17:34:00,2011-12-05 14:06:00,28,66653.56,5,5,5,5,15,Champions
14096,2011-08-30 10:49:00,2011-12-05 17:17:00,17,65164.79,5,5,5,5,15,Champions
13694,2010-12-01 12:12:00,2011-12-06 09:32:00,50,65039.62,4,5,5,5,15,Champions
15311,2010-12-01 09:41:00,2011-12-09 12:00:00,91,60632.75,1,5,5,5,15,Champions
13089,2010-12-05 10:27:00,2011-12-07 09:02:00,97,58762.08,3,5,5,5,15,Champions
17949,2010-12-03 13:12:00,2011-12-08 18:46:00,45,58510.48,2,5,5,5,15,Champions
15769,2010-12-03 15:16:00,2011-12-02 13:52:00,26,56252.72,8,5,5,5,15,Champions
15061,2010-12-02 15:19:00,2011-12-06 12:06:00,48,54534.14,4,5,5,5,15,Champions
14298,2010-12-14 12:59:00,2011-12-01 13:12:00,44,51527.3,9,5,5,5,15,Champions
14088,2011-01-21 13:07:00,2011-11-29 16:16:00,13,50491.81,11,5,5,5,15,Champions
15749,2011-01-11 12:55:00,2011-04-18 13:20:00,3,44534.3,236,1,3,5,9,At risk
12931,2010-12-17 09:45:00,2011-11-18 12:39:00,15,42055.96,22,4,5,5,14,Champions
17841,2010-12-01 14:41:00,2011-12-08 12:07:00,124,40519.84,2,5,5,5,15,Champions
15098,2011-06-10 15:22:00,2011-06-10 15:33:00,3,39916.5,183,1,3,5,9,At risk
13798,2010-12-02 17:24:00,2011-12-08 15:51:00,57,37153.85,2,5,5,5,15,Champions
16013,2010-12-03 13:09:00,2011-12-06 10:36:00,47,37130.6,4,5,5,5,15,Champions
16422,2010-12-05 15:35:00,2011-11-22 14:00:00,51,34684.4,18,4,5,5,14,Champions
15838,2010-12-07 11:26:00,2011-11-28 14:00:00,19,33643.08,12,5,5,5,15,Champions
12748,2010-12-01 12:48:00,2011-12-09 12:20:00,209,33053.19,1,5,5,5,15,Champions
17404,2010-12-14 13:28:00,2011-12-05 16:26:00,15,31906.82,5,5,5,5,15,Champions
17389,2011-01-12 15:48:00,2011-12-09 09:38:00,34,31833.68,1,5,5,5,15,Champions
13098,2011-01-26 13:46:00,2011-12-08 14:14:00,28,28882.44,2,5,5,5,15,Champions
14680,2010-12-03 12:05:00,2011-11-14 16:59:00,16,28754.11,26,4,5,5,14,Champions
13081,2010-12-03 17:20:00,2011-11-28 10:54:00,11,28337.38,12,5,5,5,15,Champions
13408,2010-12-01 10:39:00,2011-12-08 09:05:00,62,28117.04,2,5,5,5,15,Champions
17857,2010-12-09 11:35:00,2011-12-05 13:13:00,23,26879.04,5,5,5,5,15,Champions
16333,2011-02-03 10:50:00,2011-12-02 12:19:00,22,26626.8,8,5,5,5,15,Champions
13777,2010-12-01 16:01:00,2011-12-09 12:25:00,33,25977.16,1,5,5,5,15,Champions
12753,2010-12-12 11:44:00,2011-11-17 10:52:00,6,21429.39,23,4,5,5,14,Champions
12744,2011-01-25 13:26:00,2011-10-19 11:18:00,7,21279.29,52,3,5,5,13,Champions
16210,2010-12-01 12:27:00,2011-12-08 12:36:00,18,21086.3,2,5,5,5,15,Champions
17675,2010-12-07 13:22:00,2011-12-08 18:03:00,31,20374.28,2,5,5,5,15,Champions
17381,2010-12-02 12:58:00,2011-12-01 11:59:00,29,20275.61,9,5,5,5,15,Champions
12471,2010-12-10 09:35:00,2011-12-07 15:43:00,30,19788.65,3,5,5,5,15,Champions
15039,2010-12-06 11:26:00,2011-11-30 11:31:00,47,19766.59,10,5,5,5,15,Champions
12731,2010-12-10 10:56:00,2011-11-16 11:59:00,12,18895.91,24,4,5,5,14,Champions
15159,2010-12-13 15:44:00,2011-12-08 12:05:00,30,18641.010000000002,2,5,5,5,15,Champions
12901,2011-03-14 10:41:00,2011-12-01 10:07:00,28,17654.54,9,5,5,5,15,Champions
12678,2010-12-21 11:00:00,2011-10-28 13:04:00,12,17628.46,43,3,5,5,13,Champions
14031,2010-12-02 16:34:00,2011-12-02 17:13:00,19,17286.86,8,5,5,5,15,Champions
17428,2010-12-06 09:37:00,2011-12-09 09:45:00,28,17256.85,1,5,5,5,15,Champions
13767,2010-12-01 10:47:00,2011-12-07 15:00:00,37,17220.36,3,5,5,5,15,Champions
13881,2011-02-01 10:14:00,2011-12-06 12:50:00,20,17159.52,4,5,5,5,15,Champions
16839,2010-12-05 11:15:00,2011-12-01 09:03:00,34,16594.35,9,5,5,5,15,Champions
12921,2010-12-01 15:06:00,2011-11-30 16:22:00,37,16587.09,10,5,5,5,15,Champions
17677,2010-12-06 08:42:00,2011-12-08 09:56:00,30,16345.38,2,5,5,5,15,Champions
15189,2011-01-11 12:29:00,2011-12-08 13:22:00,41,16225.39,2,5,5,5,15,Champions
14607,2011-03-23 15:22:00,2011-11-24 10:35:00,14,16209.5,16,4,5,5,14,Champions
15856,2010-12-09 13:34:00,2011-12-05 17:09:00,27,16143.64,5,5,5,5,15,Champions
14051,2010-12-08 12:49:00,2011-12-09 10:20:00,23,15610.390000000001,1,5,5,5,15,Champions
15513,2010-12-01 11:22:00,2011-11-06 14:36:00,19,14758.220000000001,34,3,5,5,13,Champions
16133,2011-01-25 15:55:00,2011-12-06 11:24:00,33,14589.04,4,5,5,5,15,Champions
14866,2010-12-08 14:58:00,2011-11-29 11:45:00,12,14389.9,11,5,5,5,15,Champions
16705,2010-12-16 10:51:00,2011-12-09 12:08:00,20,14034.99,1,5,5,5,15,Champions
12681,2010-12-07 10:08:00,2011-11-25 11:33:00,22,13787.54,15,4,5,5,14,Champions
12621,2010-12-09 10:16:00,2011-12-08 11:25:00,20,13689.67,2,5,5,5,15,Champions
12540,2010-12-13 09:39:00,2011-11-20 11:31:00,17,13400.24,20,4,5,5,14,Champions
12433,2010-12-01 13:24:00,2011-12-09 10:02:00,7,13375.87,1,5,5,5,15,Champions
15498,2010-12-08 12:29:00,2011-12-07 12:48:00,27,13316.4,3,5,5,5,15,Champions
12477,2011-02-11 12:45:00,2011-11-17 09:51:00,6,13219.74,23,4,4,5,13,Champions
17735,2010-12-07 10:32:00,2011-12-07 16:47:00,19,13110.02,3,5,5,5,15,Champions
16525,2010-12-08 11:31:00,2011-12-07 15:07:00,26,13027.45,3,5,5,5,15,Champions
14258,2011-01-06 12:18:00,2011-11-30 15:27:00,9,12669.98,10,5,5,5,15,Champions
13078,2010-12-08 09:07:00,2011-12-06 15:36:00,26,12627.94,4,5,5,5,15,Champions
12536,2011-10-11 14:52:00,2011-10-27 14:20:00,3,12601.830000000002,44,3,3,5,11,Other
15640,2010-12-02 15:40:00,2011-12-05 14:35:00,15,12416.11,5,5,5,5,15,Champions
16000,2011-12-07 12:14:00,2011-12-07 12:17:00,3,12393.7,3,5,4,5,14,Champions
17340,2010-12-08 15:56:00,2011-11-10 10:45:00,11,12353.29,30,4,5,5,14,Champions
12682,2010-12-03 13:59:00,2011-12-06 10:00:00,31,12279.82,4,5,5,5,15,Champions
13113,2010-12-08 13:21:00,2011-12-09 12:49:00,24,12245.960000000001,1,5,5,5,15,Champions
14606,2010-12-01 16:57:00,2011-12-08 19:28:00,93,12076.15,2,5,5,5,15,Champions
12557,2010-12-03 12:20:00,2011-11-23 16:59:00,5,11990.960000000001,17,4,4,5,13,Champions
12939,2011-01-09 11:20:00,2011-10-06 14:33:00,8,11581.8,65,3,5,5,13,Champions
15125,2011-03-14 09:59:00,2011-11-14 13:57:00,15,11528.48,26,4,5,5,14,Champions
14194,2011-02-04 14:51:00,2011-12-05 10:38:00,21,11349.52,5,5,5,5,15,Champions
12971,2010-12-02 16:42:00,2011-12-06 12:20:00,86,11189.91,4,5,5,5,15,Champions
14895,2011-02-22 13:08:00,2011-12-02 09:23:00,20,11138.710000000001,8,5,5,5,15,Champions
12409,2011-06-10 12:19:00,2011-09-22 10:38:00,3,11072.67,79,2,3,5,10,At risk
17581,2010-12-02 14:47:00,2011-12-09 12:21:00,25,11025.24,1,5,5,5,15,Champions
15482,2010-12-16 10:08:00,2011-11-24 10:46:00,12,10879.76,16,4,5,5,14,Champions
13319,2010-12-09 10:04:00,2011-12-04 13:34:00,26,10845.550000000001,6,5,5,5,15,Champions
17107,2011-03-06 15:17:00,2011-11-06 14:14:00,6,10797.48,34,3,5,5,13,Champions
13340,2011-03-08 11:39:00,2011-10-25 13:15:00,7,10736.48,46,3,5,5,13,Champions
17139,2011-02-24 09:32:00,2011-11-24 10:12:00,12,10650.77,16,4,5,5,14,Champions
16779,2010-12-08 09:56:00,2011-12-07 14:54:00,22,10611.720000000001,3,5,5,5,15,Champions
17865,2010-12-10 14:53:00,2011-11-09 12:08:00,20,10526.32,31,4,5,5,14,Champions
17706,2010-12-08 11:02:00,2011-12-05 13:34:00,17,10504.49,5,5,5,5,15,Champions
15251,2011-04-12 10:38:00,2011-11-30 15:02:00,11,10484.99,10,5,5,5,15,Champions
14062,2010-12-10 15:56:00,2011-11-30 10:04:00,12,10464.85,10,5,5,5,15,Champions
14769,2010-12-17 11:40:00,2011-12-07 10:24:00,8,10416.98,3,5,5,5,15,Champions
15615,2010-12-15 16:21:00,2011-11-29 14:42:00,23,10399.74,11,5,5,5,15,Champions
15502,2010-12-05 15:40:00,2011-11-24 12:48:00,12,10384.93,16,4,5,5,14,Champions
16180,2011-04-01 10:23:00,2011-08-31 16:28:00,8,10254.18,101,2,5,5,12,Loyal
16843,2011-01-16 16:10:00,2011-10-28 09:06:00,16,10196.57,43,3,5,5,13,Champions
12590,2011-05-12 14:46:00,2011-05-12 14:52:00,2,9864.26,212,1,2,5,8,Other
13199,2010-12-08 10:51:00,2011-12-06 12:30:00,38,9817.12,4,5,5,5,15,Champions
13001,2011-01-17 12:45:00,2011-12-05 14:51:00,13,9785.970000000001,5,5,5,5,15,Champions
15078,2010-12-06 12:38:00,2011-12-02 15:41:00,32,9743.11,8,5,5,5,15,Champions
12709,2010-12-08 09:49:00,2011-11-24 15:38:00,15,9706.52,16,4,5,5,14,Champions
13458,2010-12-15 12:05:00,2011-12-02 15:29:00,14,9646.57,8,5,5,5,15,Champions
14733,2010-12-07 11:30:00,2011-11-23 15:39:00,12,9585.91,17,4,5,5,14,Champions
16523,2011-01-28 12:06:00,2011-12-08 09:06:00,21,9418.470000000001,2,5,5,5,15,Champions
12567,2010-12-05 11:57:00,2011-11-17 11:02:00,10,9401.28,23,4,5,5,14,Champions
14367,2011-03-08 14:12:00,2011-12-01 13:19:00,16,9227.82,9,5,5,5,15,Champions
14667,2010-12-06 13:13:00,2011-11-29 11:30:00,25,9175.04,11,5,5,5,15,Champions
18092,2010-12-09 10:00:00,2011-12-07 13:14:00,11,9068.26,3,5,5,5,15,Champions
12451,2011-01-19 09:05:00,2011-11-29 08:40:00,5,9035.52,11,5,4,5,14,Champions
13969,2010-12-09 19:32:00,2011-12-02 15:11:00,18,9024.17,8,5,5,5,15,Champions
13488,2010-12-07 13:01:00,2011-11-22 14:41:00,13,8968.31,18,4,5,5,14,Champions
13090,2010-12-02 07:48:00,2011-12-01 12:39:00,14,8910.82,9,5,5,5,15,Champions
16033,2010-12-05 10:36:00,2011-12-04 12:44:00,20,8778.82,6,5,5,5,15,Champions
17017,2010-12-02 10:17:00,2011-12-07 09:32:00,20,8694.26,3,5,5,5,15,Champions
17306,2010-12-21 13:34:00,2011-11-29 12:14:00,19,8631.31,11,5,5,5,15,Champions
16656,2010-12-10 11:23:00,2011-11-17 14:43:00,15,8625.8,23,4,5,5,14,Champions
17243,2010-12-05 10:03:00,2011-12-08 13:26:00,26,8540.05,2,5,5,5,15,Champions
14527,2010-12-05 13:17:00,2011-12-07 12:19:00,55,8507.13,3,5,5,5,15,Champions
12683,2010-12-09 10:37:00,2011-12-05 16:31:00,15,8476.57,5,5,5,5,15,Champions
18139,2011-11-21 14:06:00,2011-11-22 10:44:00,6,8438.34,18,4,5,5,14,Champions
15358,2010-12-09 10:04:00,2011-12-05 09:04:00,22,8347.2,5,5,5,5,15,Champions
16558,2010-12-08 12:01:00,2011-12-09 10:20:00,20,8338.49,1,5,5,5,15,Champions
14056,2011-02-28 15:19:00,2011-12-08 13:36:00,23,8152.71,2,5,5,5,15,Champions
14936,2011-03-09 11:53:00,2011-11-06 10:30:00,8,8137.02,34,3,5,5,13,Champions
16672,2011-03-18 10:15:00,2011-12-07 16:29:00,20,8134.9400000000005,3,5,5,5,15,Champions
13854,2010-12-09 10:48:00,2011-12-01 09:06:00,25,8109.5199999999995,9,5,5,5,15,Champions
14952,2010-12-10 12:48:00,2011-10-11 10:33:00,11,8099.49,60,3,5,5,13,Champions
18109,2010-12-05 10:58:00,2011-12-08 11:36:00,26,8004.92,2,5,5,5,15,Champions
14796,2010-12-08 10:40:00,2011-12-08 15:31:00,17,7975.49,2,5,5,5,15,Champions
12428,2011-03-01 09:33:00,2011-11-14 08:22:00,9,7956.46,26,4,5,5,14,Champions
15290,2010-12-15 16:03:00,2011-12-05 11:39:00,18,7943.22,5,5,5,5,15,Champions
14849,2010-12-01 12:22:00,2011-11-18 10:58:00,25,7930.54,22,4,5,5,14,Champions
12757,2011-05-12 19:01:00,2011-11-24 12:30:00,13,7834.650000000001,16,4,5,5,14,Champions
13093,2010-12-01 15:00:00,2011-03-09 12:14:00,8,7832.47,276,1,5,5,11,Loyal
12435,2011-03-17 07:40:00,2011-09-21 09:06:00,2,7829.89,80,2,2,5,9,Other
13629,2011-01-05 12:09:00,2011-11-16 13:21:00,11,7792.36,24,4,5,5,14,Champions
17811,2011-01-10 10:58:00,2011-12-05 13:46:00,39,7761.82,5,5,5,5,15,Champions
15044,2010-12-12 14:27:00,2011-11-20 13:20:00,17,7634.7300000000005,20,4,5,5,14,Champions
15194,2010-12-06 15:00:00,2011-12-06 15:10:00,15,7616.53,4,5,5,5,15,Champions
18172,2011-02-23 10:44:00,2011-11-25 11:12:00,20,7561.68,15,4,5,5,14,Champions
13263,2011-01-18 16:31:00,2011-12-08 13:59:00,35,7436.93,2,5,5,5,15,Champions
12980,2010-12-16 11:36:00,2011-07-05 09:34:00,9,7374.900000000001,158,2,5,5,12,Loyal
15465,2010-12-05 10:12:00,2011-11-20 10:11:00,18,7354.62,20,4,5,5,14,Champions
17396,2010-12-03 09:45:00,2011-10-31 14:12:00,8,7330.8,40,3,5,5,13,Champions
12474,2011-01-14 10:06:00,2011-11-22 14:39:00,18,7324.09,18,4,5,5,14,Champions
12583,2010-12-01 08:45:00,2011-12-07 08:07:00,15,7281.38,3,5,5,5,15,Champions
13018,2011-02-17 11:05:00,2011-11-23 13:28:00,28,7277.7,17,4,5,5,14,Champions
18229,2010-12-01 16:25:00,2011-11-28 09:48:00,20,7276.900000000001,12,5,5,5,15,Champions
16729,2011-04-12 14:22:00,2011-11-01 14:29:00,21,7205.33,39,3,5,5,13,Champions
16745,2011-02-01 11:31:00,2011-09-14 11:58:00,17,7180.7,87,2,5,5,12,Loyal
16873,2010-12-10 15:45:00,2011-12-05 12:05:00,6,7123.62,5,5,5,5,15,Champions
13324,2010-12-14 09:50:00,2011-11-03 16:28:00,10,7121.95,37,3,5,5,13,Champions
16923,2010-12-12 11:06:00,2011-11-27 13:00:00,19,7069.08,13,5,5,5,15,Champions
13985,2011-03-20 13:48:00,2011-12-05 17:06:00,15,7060.13,5,5,5,5,15,Champions
14961,2010-12-14 11:38:00,2011-11-29 09:42:00,9,7044.68,11,5,5,5,15,Champions
12766,2010-12-08 13:53:00,2011-12-06 08:46:00,7,6989.63,4,5,5,5,15,Champions
12798,2011-06-22 10:11:00,2011-11-29 15:52:00,3,6977.04,11,5,3,5,13,Champions
12989,2010-12-10 13:24:00,2011-12-06 15:28:00,15,6924.110000000001,4,5,5,5,15,Champions
13027,2010-12-20 12:45:00,2011-08-18 09:39:00,6,6912.0,114,2,5,5,12,Loyal
16187,2011-02-28 13:34:00,2011-11-08 09:50:00,15,6911.4400000000005,32,4,5,5,14,Champions
16713,2010-12-08 13:01:00,2011-11-21 12:36:00,15,6910.78,19,4,5,5,14,Champions
17416,2011-03-03 13:45:00,2011-11-10 12:47:00,7,6893.42,30,4,5,5,14,Champions
12705,2010-12-17 15:58:00,2011-11-24 13:17:00,9,6868.29,16,4,5,5,14,Champions
12476,2010-12-13 14:39:00,2011-11-24 12:40:00,11,6816.42,16,4,5,5,14,Champions
12830,2011-06-21 10:53:00,2011-11-02 11:54:00,6,6814.64,38,3,5,5,13,Champions
15601,2010-12-02 10:39:00,2011-11-28 15:15:00,14,6776.56,12,5,5,5,15,Champions
16652,2011-03-11 13:13:00,2011-10-12 09:38:00,7,6773.97,59,3,5,5,13,Champions
18055,2010-12-05 10:52:00,2011-12-02 14:25:00,10,6761.34,8,5,5,5,15,Champions
16532,2011-01-05 12:37:00,2011-11-22 11:08:00,3,6748.8,18,4,4,5,13,Champions
15023,2010-12-05 13:49:00,2011-12-06 17:23:00,11,6720.41,4,5,5,5,15,Champions
13576,2010-12-01 17:24:00,2011-11-29 15:34:00,18,6717.34,11,5,5,5,15,Champions
15249,2011-03-28 12:49:00,2011-11-08 11:45:00,13,6688.46,32,4,5,5,14,Champions
16746,2010-12-16 11:43:00,2011-12-05 12:33:00,18,6680.11,5,5,5,5,15,Champions
16353,2010-12-05 12:09:00,2011-12-06 12:23:00,23,6675.71,4,5,5,5,15,Champions
12626,2011-01-17 11:01:00,2011-11-16 16:06:00,9,6620.48,24,4,5,5,14,Champions
16182,2011-02-18 10:11:00,2011-09-28 13:23:00,4,6617.65,73,2,4,5,11,Loyal
15144,2011-01-31 13:17:00,2011-12-01 15:12:00,17,6580.44,9,5,5,5,15,Champions
12472,2010-12-05 14:19:00,2011-11-07 14:01:00,7,6572.11,33,3,5,5,13,Champions
17338,2010-12-13 12:57:00,2011-11-22 14:23:00,8,6493.54,18,4,5,5,14,Champions
18223,2010-12-16 16:42:00,2011-12-05 09:11:00,14,6484.54,5,5,5,5,15,Champions
15694,2010-12-02 07:49:00,2011-12-09 09:44:00,14,6479.4,1,5,5,5,15,Champions
13225,2010-12-13 09:49:00,2011-12-06 13:29:00,7,6463.84,4,5,5,5,15,Champions
13102,2010-12-09 13:38:00,2011-12-08 12:52:00,24,6424.09,2,5,5,5,15,Champions
12431,2010-12-01 10:03:00,2011-11-04 11:55:00,15,6419.95,36,3,5,5,13,Champions
16814,2010-12-05 11:45:00,2011-11-25 13:27:00,21,6416.7,15,4,5,5,14,Champions
13871,2011-02-04 09:30:00,2011-11-17 10:49:00,13,6403.25,23,4,5,5,14,Champions
12359,2011-01-12 12:43:00,2011-10-13 12:47:00,4,6310.03,58,3,4,5,12,Loyal
13668,2010-12-12 12:35:00,2011-12-07 12:11:00,21,6309.83,3,5,5,5,15,Champions
13709,2011-01-28 14:57:00,2011-12-06 10:28:00,13,6307.650000000001,4,5,5,5,15,Champions
15005,2010-12-08 14:36:00,2011-11-24 12:25:00,28,6295.37,16,4,5,5,14,Champions
16126,2011-02-16 11:18:00,2011-11-10 16:03:00,4,6287.77,30,4,4,5,13,Champions
17315,2010-12-17 12:24:00,2011-12-08 12:15:00,38,6281.23,2,5,5,5,15,Champions
14057,2010-12-14 12:11:00,2011-11-16 10:32:00,17,6211.66,24,4,5,5,14,Champions
12357,2011-11-06 16:07:00,2011-11-06 16:07:00,1,6207.67,34,3,1,5,9,Other
14060,2010-12-02 12:11:00,2011-12-05 12:29:00,19,6140.42,5,5,5,5,15,Champions
13418,2010-12-02 10:45:00,2011-11-28 10:23:00,18,6127.43,12,5,5,5,15,Champions
15939,2011-01-12 12:43:00,2011-09-11 11:30:00,15,6115.01,90,2,5,5,12,Loyal
17509,2011-10-07 13:14:00,2011-10-13 10:26:00,8,6083.64,58,3,5,5,13,Champions
14735,2010-12-16 16:05:00,2011-12-06 12:09:00,32,6065.69,4,5,5,5,15,Champions
13097,2010-12-14 15:13:00,2011-11-07 10:43:00,10,6003.22,33,3,5,5,13,Champions
12637,2011-01-20 10:47:00,2011-10-03 13:46:00,8,6002.9,68,3,5,5,13,Champions
14101,2011-01-17 13:09:00,2011-09-27 12:28:00,6,5976.79,74,2,5,5,12,Loyal
15382,2011-02-17 12:01:00,2011-11-25 10:58:00,6,5955.71,15,4,5,5,14,Champions
14944,2011-02-16 12:47:00,2011-11-10 09:10:00,12,5900.25,30,4,5,5,14,Champions
13209,2010-12-13 10:31:00,2011-11-09 13:54:00,8,5891.61,31,4,5,5,14,Champions
13534,2010-12-16 15:23:00,2011-12-07 14:52:00,25,5870.08,3,5,5,5,15,Champions
14505,2010-12-12 16:14:00,2011-11-22 15:45:00,8,5859.43,18,4,5,5,14,Champions
14415,2010-12-14 13:31:00,2011-12-08 14:38:00,13,5855.57,2,5,5,5,15,Champions
13050,2010-12-08 09:30:00,2011-11-25 09:18:00,17,5836.86,15,4,5,5,14,Champions
12720,2010-12-05 15:21:00,2011-12-07 08:03:00,25,5781.73,3,5,5,5,15,Champions
15218,2011-01-25 11:20:00,2011-11-29 11:48:00,11,5756.89,11,5,5,5,15,Champions
17686,2011-02-10 10:18:00,2011-12-02 15:39:00,7,5739.46,8,5,5,5,15,Champions
13316,2011-03-30 13:01:00,2011-11-02 13:40:00,4,5732.93,38,3,4,5,12,Loyal
13178,2010-12-14 12:22:00,2011-11-13 16:14:00,11,5725.47,27,4,5,5,14,Champions
16553,2010-12-14 13:58:00,2011-06-29 15:42:00,12,5719.82,164,2,5,5,12,Loyal
13468,2010-12-01 15:08:00,2011-12-08 10:39:00,37,5704.97,2,5,5,5,15,Champions
14110,2011-03-18 09:59:00,2011-12-06 12:26:00,12,5683.15,4,5,5,5,15,Champions
17716,2011-03-17 10:38:00,2011-11-17 12:00:00,11,5655.99,23,4,5,5,14,Champions
13004,2010-12-17 08:20:00,2011-11-28 11:27:00,18,5655.91,12,5,5,5,15,Champions
17049,2011-03-09 08:33:00,2011-12-07 10:48:00,9,5655.03,3,5,5,5,15,Champions
18118,2010-12-05 12:13:00,2011-11-29 11:32:00,26,5625.08,11,5,5,5,15,Champions
17757,2010-12-02 17:17:00,2011-12-08 15:31:00,30,5593.39,2,5,5,5,15,Champions
12839,2010-12-07 15:48:00,2011-12-07 12:33:00,14,5591.42,3,5,5,5,15,Champions
12481,2010-12-09 10:13:00,2011-11-17 08:29:00,10,5579.82,23,4,5,5,14,Champions
14688,2010-12-01 09:37:00,2011-12-02 12:26:00,21,5579.1,8,5,5,5,15,Champions
14049,2011-01-26 11:27:00,2011-11-23 12:20:00,4,5578.72,17,4,4,5,13,Champions
16767,2011-01-27 13:38:00,2011-11-09 09:42:00,11,5575.56,31,4,5,5,14,Champions
12539,2011-01-10 09:11:00,2011-11-17 13:30:00,4,5568.35,23,4,4,5,13,Champions
16161,2010-12-06 10:03:00,2011-12-08 12:10:00,19,5533.67,2,5,5,5,15,Champions
18225,2010-12-09 15:46:00,2011-12-06 13:27:00,12,5504.96,4,5,5,5,15,Champions
16609,2011-04-01 10:11:00,2011-11-24 13:32:00,7,5493.46,16,4,5,5,14,Champions
15805,2010-12-10 09:33:00,2011-11-16 16:32:00,17,5488.18,24,4,5,5,14,Champions
16985,2010-12-16 10:38:00,2011-11-22 13:33:00,10,5464.12,18,4,5,5,14,Champions
16265,2010-12-10 10:21:00,2011-11-30 16:41:00,9,5447.0,10,5,5,5,15,Champions
18198,2011-01-07 13:39:00,2011-12-05 14:49:00,17,5425.56,5,5,5,5,15,Champions
12490,2011-01-14 09:13:00,2011-12-04 16:07:00,10,5417.93,6,5,5,5,15,Champions
17809,2010-12-01 09:41:00,2011-11-23 12:59:00,12,5411.91,17,4,5,5,14,Champions
16701,2010-12-13 11:51:00,2011-12-01 11:10:00,13,5398.3,9,5,5,5,15,Champions
17719,2011-03-29 11:29:00,2011-11-02 10:36:00,15,5396.04,38,3,5,5,13,Champions
17850,2010-12-01 08:26:00,2010-12-02 15:27:00,34,5391.21,373,1,5,5,11,Loyal
16303,2011-01-10 14:16:00,2011-11-14 10:49:00,3,5360.63,26,4,4,5,13,Champions
13269,2010-12-05 11:51:00,2011-12-08 14:53:00,15,5343.28,2,5,5,5,15,Champions
17730,2011-01-17 14:49:00,2011-12-06 15:43:00,13,5298.4800000000005,4,5,5,5,15,Champions
15150,2011-03-15 14:21:00,2011-11-22 12:52:00,10,5291.33,18,4,5,5,14,Champions
17061,2011-04-21 13:29:00,2011-09-27 11:24:00,11,5232.2300000000005,74,2,5,5,12,Loyal
18226,2011-01-06 09:00:00,2011-10-26 13:36:00,11,5228.05,45,3,5,5,13,Champions
12362,2011-02-17 10:30:00,2011-12-06 15:40:00,10,5226.23,4,5,5,5,15,Champions
16258,2011-05-04 14:33:00,2011-10-25 13:30:00,5,5203.51,46,3,4,5,12,Loyal
13756,2010-12-07 11:41:00,2011-12-07 16:44:00,14,5189.52,3,5,5,5,15,Champions
16191,2010-12-14 12:38:00,2011-12-07 11:26:00,13,5180.52,3,5,5,5,15,Champions
15727,2010-12-15 15:47:00,2011-11-23 12:36:00,7,5159.06,17,4,5,5,14,Champions
13599,2010-12-08 10:11:00,2011-12-08 16:10:00,21,5149.92,2,5,5,5,15,Champions
17858,2010-12-05 13:08:00,2011-12-04 11:56:00,12,5140.66,6,5,5,5,15,Champions
15903,2011-02-17 14:04:00,2011-11-30 08:08:00,7,5126.76,10,5,5,5,15,Champions
13941,2010-12-02 10:17:00,2011-11-18 09:43:00,5,5112.96,22,4,4,5,13,Champions
15046,2011-01-05 15:30:00,2011-11-30 15:50:00,15,5090.42,10,5,5,5,15,Champions
16700,2010-12-08 16:34:00,2011-12-01 11:00:00,13,5076.55,9,5,5,5,15,Champions
13139,2011-03-25 11:57:00,2011-11-23 13:54:00,7,5064.94,17,4,5,5,14,Champions
12432,2011-06-20 13:27:00,2011-10-28 11:43:00,5,5059.32,43,3,4,5,12,Loyal
17602,2011-01-19 16:18:00,2011-12-07 13:53:00,6,5054.42,3,5,5,5,15,Champions
15301,2010-12-06 12:21:00,2011-10-20 09:57:00,12,5049.95,51,3,5,5,13,Champions
17426,2011-03-02 16:34:00,2011-12-01 18:07:00,6,5037.26,9,5,5,5,15,Champions
15719,2011-01-06 12:31:00,2011-11-07 12:29:00,13,5030.07,33,4,5,5,14,Champions
14755,2011-01-09 14:02:00,2011-11-30 11:24:00,11,5010.28,10,5,5,5,15,Champions
14562,2011-02-08 14:45:00,2011-12-06 11:05:00,18,5006.77,4,5,5,5,15,Champions
12444,2011-06-21 14:00:00,2011-11-18 13:23:00,5,5005.46,22,4,4,5,13,Champions
14329,2011-01-14 13:42:00,2011-11-22 15:50:00,7,4975.24,18,4,5,5,14,Champions
15032,2010-12-08 12:57:00,2011-03-28 15:03:00,3,4959.1,257,1,3,5,9,At risk
12437,2011-01-12 14:13:00,2011-12-08 11:35:00,18,4951.41,2,5,5,5,15,Champions
12700,2011-05-08 16:10:00,2011-12-02 10:47:00,4,4939.99,8,5,4,5,14,Champions
14709,2010-12-16 13:43:00,2011-11-24 15:41:00,13,4921.04,16,4,5,5,14,Champions
15786,2011-08-17 13:33:00,2011-10-24 14:13:00,3,4919.0,47,3,4,5,12,Loyal
15547,2010-12-12 13:26:00,2011-12-02 12:52:00,14,4910.6,8,5,5,5,15,Champions
17133,2011-03-18 13:47:00,2011-11-24 12:27:00,7,4892.240000000001,16,4,5,5,14,Champions
12664,2011-01-21 11:42:00,2011-12-01 17:07:00,9,4881.88,9,5,5,5,15,Champions
12688,2011-08-18 08:49:00,2011-08-18 08:49:00,1,4873.8099999999995,114,2,1,5,8,Other
14292,2011-03-02 08:26:00,2011-12-02 11:50:00,9,4871.93,8,5,5,5,15,Champions
17652,2011-03-03 14:05:00,2011-11-14 12:55:00,12,4867.72,26,4,5,5,14,Champions
15738,2010-12-02 12:50:00,2011-11-21 08:26:00,16,4812.42,19,4,5,5,14,Champions
13013,2010-12-03 12:28:00,2011-12-08 15:01:00,13,4810.9400000000005,2,5,5,5,15,Champions
15298,2010-12-08 13:55:00,2011-12-07 17:17:00,12,4799.9,3,5,5,5,15,Champions
15555,2010-12-05 14:45:00,2011-11-27 16:19:00,16,4794.86,13,5,5,5,15,Champions
15187,2011-05-11 13:49:00,2011-12-08 11:56:00,16,4777.18,2,5,5,5,15,Champions
17365,2011-01-11 12:11:00,2011-11-27 12:13:00,8,4767.36,13,5,5,5,15,Champions
12955,2011-03-17 09:03:00,2011-12-08 16:29:00,11,4757.16,2,5,5,5,15,Champions
14180,2010-12-02 13:08:00,2011-11-29 10:56:00,25,4748.52,11,5,5,5,15,Champions
15152,2011-06-05 15:36:00,2011-11-30 12:32:00,13,4745.69,10,5,5,5,15,Champions
16722,2010-12-06 12:59:00,2011-11-22 13:28:00,13,4730.81,18,4,5,5,14,Champions
17690,2010-12-01 16:15:00,2011-11-09 15:17:00,15,4726.8,31,4,5,5,14,Champions
12714,2011-02-18 10:53:00,2011-11-30 15:43:00,5,4708.86,10,5,4,5,14,Champions
14135,2010-12-02 10:27:00,2011-12-08 11:38:00,15,4690.31,2,5,5,5,15,Champions
14191,2011-05-03 10:30:00,2011-12-08 09:23:00,13,4684.76,2,5,5,5,15,Champions
15291,2010-12-01 09:32:00,2011-11-14 11:02:00,15,4668.3,26,4,5,5,14,Champions
14189,2010-12-06 11:42:00,2011-12-07 15:55:00,15,4654.08,3,5,5,5,15,Champions
14390,2010-12-02 11:57:00,2011-11-29 13:49:00,9,4642.57,11,5,5,5,15,Champions
14159,2010-12-12 11:17:00,2011-11-20 12:36:00,11,4630.35,20,4,5,5,14,Champions
14286,2011-04-11 08:16:00,2011-11-16 10:34:00,3,4628.75,24,4,3,5,12,Other
13802,2011-02-01 12:03:00,2011-07-24 10:54:00,3,4599.42,139,2,3,5,10,At risk
15093,2010-12-02 18:25:00,2011-11-21 13:09:00,6,4597.02,19,4,5,5,14,Champions
14004,2011-02-24 09:28:00,2011-10-27 14:40:00,7,4582.64,44,3,5,5,13,Champions
16931,2010-12-05 11:40:00,2011-12-04 13:15:00,21,4554.87,6,5,5,5,15,Champions
17068,2010-12-06 13:58:00,2011-11-27 13:14:00,21,4552.14,13,5,5,5,15,Champions
17613,2011-02-07 11:20:00,2011-11-17 10:51:00,14,4544.55,23,4,5,5,14,Champions
12484,2011-01-07 14:04:00,2011-11-07 11:37:00,6,4527.32,33,3,4,5,12,Loyal
13267,2010-12-08 09:20:00,2011-12-07 11:12:00,19,4521.49,3,5,5,5,15,Champions
15299,2010-12-02 16:48:00,2011-10-03 14:19:00,7,4507.01,68,3,5,5,13,Champions
12524,2011-01-10 10:35:00,2011-11-30 15:31:00,8,4485.72,10,5,5,5,15,Champions
17975,2010-12-08 11:38:00,2011-11-24 13:27:00,13,4483.26,16,4,5,5,14,Champions
14426,2011-01-31 09:51:00,2011-11-16 12:25:00,10,4481.67,24,4,5,5,14,Champions
12627,2011-07-22 13:59:00,2011-11-29 12:07:00,7,4478.53,11,5,5,5,15,Champions
17364,2011-01-12 16:57:00,2011-12-09 09:00:00,11,4462.68,1,5,5,5,15,Champions
16984,2011-08-01 17:37:00,2011-09-12 13:43:00,2,4459.52,89,2,3,5,10,At risk
13069,2010-12-05 11:02:00,2011-12-09 08:39:00,24,4431.44,1,5,5,5,15,Champions
14085,2010-12-06 12:39:00,2011-12-07 13:46:00,18,4421.29,3,5,5,5,15,Champions
15955,2010-12-02 11:22:00,2011-11-15 14:15:00,14,4416.26,25,4,5,5,14,Champions
16626,2011-03-18 12:27:00,2011-12-09 11:56:00,17,4413.1,1,5,5,5,15,Champions
15874,2011-02-28 13:28:00,2011-10-07 12:31:00,7,4405.88,64,3,5,5,13,Champions
14534,2011-01-25 12:33:00,2011-12-07 12:19:00,18,4397.3,3,5,5,5,15,Champions
12712,2010-12-03 14:30:00,2011-11-11 08:19:00,13,4396.13,29,4,5,5,14,Champions
13505,2011-04-21 12:07:00,2011-09-28 11:56:00,4,4393.63,73,2,4,5,11,Loyal
12752,2011-09-19 13:32:00,2011-09-19 13:32:00,1,4366.78,82,2,1,5,8,Other
16945,2010-12-16 17:49:00,2011-11-18 11:39:00,19,4345.5,22,4,5,5,14,Champions
14016,2010-12-17 14:21:00,2011-07-01 11:29:00,4,4341.21,162,2,4,5,11,Loyal
14800,2010-12-05 11:10:00,2011-10-23 12:46:00,12,4331.79,48,3,5,5,13,Champions
17567,2010-12-02 15:18:00,2011-12-02 15:48:00,8,4331.48,8,5,5,5,15,Champions
18251,2011-09-13 15:03:00,2011-09-13 15:03:00,1,4314.72,88,2,2,5,9,Other
12347,2010-12-07 14:57:00,2011-12-07 15:52:00,7,4310.0,3,5,5,5,15,Champions
17937,2010-12-12 14:43:00,2011-12-01 11:45:00,7,4301.22,9,5,5,5,15,Champions
15034,2010-12-21 09:47:00,2011-11-24 12:11:00,8,4274.16,16,4,5,5,14,Champions
14422,2011-03-17 17:26:00,2011-12-09 11:26:00,6,4263.64,1,5,5,5,15,Champions
12500,2011-01-10 09:48:00,2011-11-16 16:20:00,11,4257.82,24,4,5,5,14,Champions
17419,2010-12-07 15:03:00,2011-11-28 13:47:00,12,4226.57,12,5,5,5,15,Champions
14525,2010-12-13 17:40:00,2011-11-20 11:37:00,9,4215.9,20,4,5,5,14,Champions
15804,2011-05-25 10:12:00,2011-12-09 12:31:00,13,4206.39,1,5,5,5,15,Champions
15971,2011-02-01 16:47:00,2011-11-22 12:50:00,12,4199.85,18,4,5,5,14,Champions
12747,2010-12-05 15:38:00,2011-12-07 14:34:00,11,4196.01,3,5,5,5,15,Champions
14146,2010-12-17 15:52:00,2011-12-01 10:18:00,5,4191.0,9,5,4,5,14,Champions
14277,2011-05-11 13:20:00,2011-11-24 15:01:00,3,4188.0,16,4,3,5,12,Other
12949,2011-04-01 13:20:00,2011-11-09 11:25:00,8,4167.22,31,4,5,5,14,Champions
13384,2011-06-14 12:47:00,2011-11-09 11:04:00,7,4151.93,31,4,5,5,14,Champions
15570,2010-12-05 12:57:00,2011-12-02 14:47:00,12,4148.82,8,5,5,5,15,Champions
13988,2011-03-30 11:48:00,2011-11-20 10:15:00,6,4147.96,20,4,5,5,14,Champions
12569,2011-04-01 13:47:00,2011-12-07 16:24:00,32,4124.69,3,5,5,5,15,Champions
17920,2010-12-01 11:49:00,2011-12-05 14:29:00,17,4119.5,5,5,5,5,15,Champions
16592,2011-02-25 10:19:00,2011-12-05 13:49:00,16,4113.68,5,5,5,5,15,Champions
13555,2011-05-22 11:06:00,2011-09-27 12:36:00,4,4098.88,74,2,4,5,11,Loyal
16401,2011-01-16 10:56:00,2011-12-08 18:15:00,12,4098.32,2,5,5,5,15,Champions
18041,2010-12-02 11:21:00,2011-11-28 11:39:00,21,4097.37,12,5,5,5,15,Champions
16670,2010-12-16 10:30:00,2011-11-23 09:34:00,11,4095.9,17,4,5,5,14,Champions
12749,2011-05-10 15:25:00,2011-12-06 09:56:00,5,4090.88,4,5,4,5,14,Champions
14092,2010-12-16 15:47:00,2011-12-02 12:13:00,14,4076.91,8,5,5,5,15,Champions
12449,2011-06-05 15:37:00,2011-11-17 13:46:00,4,4067.29,23,4,4,5,13,Champions
17377,2010-12-01 12:35:00,2011-11-16 11:17:00,20,4058.32,24,4,5,5,14,Champions
18087,2011-02-22 10:43:00,2011-09-02 15:12:00,2,4055.7199999999993,99,2,3,5,10,At risk
14401,2010-12-15 09:07:00,2011-12-05 13:30:00,13,4051.48,5,5,5,5,15,Champions
12656,2011-04-20 09:20:00,2011-11-22 13:42:00,5,4051.17,18,4,4,5,13,Champions
16549,2011-01-09 14:03:00,2011-11-29 15:06:00,10,4034.9,11,5,5,5,15,Champions
13815,2011-01-25 12:16:00,2011-11-17 14:19:00,4,4027.36,23,4,4,5,13,Champions
15514,2010-12-10 13:50:00,2011-11-27 14:40:00,11,4023.7200000000003,13,5,5,5,15,Champions
17940,2011-02-10 09:29:00,2011-10-21 13:27:00,10,4020.04,50,3,5,5,13,Champions
12957,2011-01-04 12:18:00,2011-11-30 09:53:00,8,4017.54,10,5,5,5,15,Champions
12867,2010-12-14 16:39:00,2011-11-13 15:30:00,7,4009.34,27,4,5,5,14,Champions
12378,2011-08-02 10:34:00,2011-08-02 10:34:00,1,4008.62,130,2,1,5,8,Other
16186,2010-12-02 14:40:00,2011-11-17 12:43:00,12,4006.94,23,4,5,5,14,Champions
12841,2010-12-03 10:43:00,2011-12-05 11:13:00,25,3991.58,5,5,5,5,15,Champions
17001,2010-12-16 09:35:00,2011-12-09 09:38:00,11,3989.57,1,5,5,5,15,Champions
15416,2011-03-02 08:41:00,2011-10-06 09:38:00,4,3984.32,65,3,4,5,12,Loyal
12779,2010-12-03 13:40:00,2011-11-02 11:43:00,8,3981.36,38,3,5,5,13,Champions
12727,2011-01-23 15:17:00,2011-11-29 11:46:00,7,3980.7,11,5,5,5,15,Champions
14547,2011-10-16 14:35:00,2011-12-06 11:06:00,8,3974.75,4,5,5,5,15,Champions
14299,2010-12-09 10:30:00,2011-12-01 16:05:00,9,3965.62,9,5,5,5,15,Champions
13523,2010-12-08 14:22:00,2011-11-06 15:11:00,5,3964.88,34,3,4,5,12,Loyal
15529,2010-12-08 12:24:00,2011-11-17 11:29:00,11,3962.6,23,4,5,5,14,Champions
17611,2010-12-13 13:52:00,2011-12-02 13:29:00,15,3961.12,8,5,5,5,15,Champions
13183,2011-01-09 10:50:00,2011-12-02 10:30:00,9,3957.78,8,5,5,5,15,Champions
17769,2011-01-23 11:15:00,2011-11-27 11:18:00,10,3957.43,13,5,5,5,15,Champions
17651,2011-06-15 15:57:00,2011-11-28 10:29:00,10,3945.0,12,5,5,5,15,Champions
12473,2011-06-01 10:15:00,2011-11-10 13:46:00,5,3928.0499999999997,30,4,4,5,13,Champions
17593,2010-12-22 10:29:00,2011-12-06 10:30:00,5,3923.86,4,5,4,5,14,Champions
14739,2010-12-07 14:58:00,2011-12-05 16:54:00,7,3902.28,5,5,5,5,15,Champions
13999,2010-12-13 11:23:00,2011-11-29 13:40:00,12,3901.81,11,5,5,5,15,Champions
14291,2011-03-09 15:20:00,2011-12-08 10:26:00,11,3883.25,2,5,5,5,15,Champions
15195,2011-12-07 12:20:00,2011-12-07 12:20:00,1,3861.0,3,5,1,5,11,Promising
18073,2011-05-26 19:38:00,2011-08-17 14:02:00,12,3859.82,115,2,5,5,12,Loyal
12662,2010-12-01 13:04:00,2011-12-09 11:59:00,11,3849.78,1,5,5,5,15,Champions
16717,2010-12-08 16:48:00,2011-11-16 12:16:00,6,3843.08,24,4,5,5,14,Champions
13266,2011-03-28 10:14:00,2011-11-28 14:39:00,12,3834.2599999999998,12,5,5,5,15,Champions
17091,2010-12-07 09:55:00,2011-12-07 10:43:00,9,3827.76,3,5,5,5,15,Champions
16327,2010-12-05 12:43:00,2011-11-25 13:23:00,6,3820.27,15,4,5,5,14,Champions
12755,2010-12-09 10:44:00,2011-03-04 12:42:00,2,3811.95,281,1,2,5,8,Other
12597,2011-03-16 14:00:00,2011-11-20 13:33:00,4,3811.22,20,4,4,5,13,Champions
15867,2010-12-05 14:17:00,2011-12-04 13:32:00,15,3810.14,6,5,5,5,15,Champions
13435,2011-06-03 17:07:00,2011-12-04 14:45:00,7,3809.8900000000003,6,5,5,5,15,Champions
12668,2010-12-19 12:46:00,2011-11-28 10:56:00,4,3807.15,12,5,4,5,14,Champions
16145,2010-12-15 09:09:00,2011-12-01 10:33:00,11,3799.4900000000002,9,5,5,5,15,Champions
16655,2011-01-12 10:16:00,2011-11-22 11:25:00,6,3789.52,18,4,5,5,14,Champions
16168,2010-12-05 11:38:00,2011-11-29 12:45:00,27,3787.6,11,5,5,5,15,Champions
16019,2010-12-10 12:29:00,2011-10-24 11:51:00,9,3786.2400000000002,47,3,5,5,13,Champions
12562,2011-05-25 12:44:00,2011-12-01 17:20:00,7,3781.7400000000002,9,5,5,5,15,Champions
17173,2011-07-31 15:26:00,2011-12-04 14:40:00,8,3766.6,6,5,5,5,15,Champions
13124,2010-12-15 15:00:00,2011-09-11 12:45:00,3,3756.33,90,2,3,5,10,At risk
12429,2010-12-09 12:05:00,2011-11-30 17:22:00,4,3750.4,10,5,4,5,14,Champions
14145,2011-05-06 13:01:00,2011-10-24 12:10:00,4,3742.2,47,3,4,5,12,Loyal
13552,2011-01-28 10:10:00,2011-10-04 15:19:00,12,3740.07,67,3,5,5,13,Champions
16570,2011-02-01 10:37:00,2011-11-24 17:02:00,10,3738.4,16,4,5,5,14,Champions
12502,2011-02-03 10:41:00,2011-09-05 11:52:00,5,3723.87,96,2,4,5,11,Loyal
12647,2010-12-05 14:02:00,2011-11-17 12:56:00,12,3722.82,23,4,5,5,14,Champions
13680,2011-01-04 14:12:00,2011-12-08 13:47:00,4,3719.12,2,5,4,5,14,Champions
17238,2010-12-03 15:05:00,2011-12-07 11:35:00,17,3719.1,3,5,5,5,15,Champions
16240,2011-09-23 13:44:00,2011-11-15 14:30:00,2,3718.8,25,4,3,5,12,Other
14364,2011-05-12 12:56:00,2011-08-23 11:01:00,8,3717.35,109,2,5,5,12,Loyal
15845,2011-01-06 17:19:00,2011-11-22 09:42:00,8,3711.77,18,4,5,5,14,Champions
15622,2011-03-02 13:42:00,2011-10-27 16:44:00,9,3709.56,44,3,5,5,13,Champions
17819,2010-12-03 14:26:00,2011-09-29 10:52:00,7,3704.87,72,3,5,5,13,Champions
15379,2010-12-16 13:02:00,2011-06-23 13:13:00,7,3703.29,170,2,5,5,12,Loyal
14282,2010-12-07 12:21:00,2011-12-06 17:04:00,15,3701.44,4,5,5,5,15,Champions
12553,2011-01-14 10:42:00,2011-12-01 16:38:00,10,3692.28,9,5,5,5,15,Champions
16253,2011-03-29 13:33:00,2011-10-04 09:09:00,2,3683.86,67,3,3,5,11,Other
13148,2010-12-10 13:06:00,2011-11-10 15:23:00,12,3683.26,30,4,5,5,14,Champions
15581,2010-12-08 14:38:00,2011-08-11 09:38:00,13,3675.77,121,2,5,5,12,Loyal
15296,2011-01-17 11:57:00,2011-10-20 11:47:00,6,3672.86,51,3,5,5,13,Champions
16904,2010-12-07 13:29:00,2011-12-05 13:10:00,16,3653.75,5,5,5,5,15,Champions
15808,2010-12-05 13:05:00,2011-02-06 14:33:00,4,3651.27,307,1,4,5,10,Loyal
12417,2010-12-17 11:51:00,2011-12-06 14:52:00,9,3649.1,4,5,5,5,15,Champions
13426,2010-12-15 12:43:00,2011-12-09 08:59:00,10,3641.32,1,5,5,5,15,Champions
12619,2011-03-31 13:10:00,2011-11-23 14:52:00,9,3641.24,17,4,5,5,14,Champions
16440,2011-05-09 12:25:00,2011-12-02 12:02:00,5,3640.67,8,5,4,5,14,Champions
13381,2011-02-14 10:10:00,2011-11-08 11:58:00,6,3639.31,32,4,5,5,14,Champions
17230,2010-12-15 11:22:00,2011-03-20 16:12:00,8,3638.41,265,1,5,5,11,Loyal
17528,2011-09-29 13:04:00,2011-12-08 13:27:00,8,3628.5,2,5,5,5,15,Champions
13327,2010-12-09 15:32:00,2011-11-01 10:21:00,8,3627.77,39,3,5,5,13,Champions
13520,2010-12-03 10:36:00,2011-10-12 10:20:00,6,3624.35,59,3,5,5,13,Champions
13082,2011-01-05 15:42:00,2011-08-05 16:16:00,9,3613.63,127,2,5,5,12,Loyal
18079,2011-04-15 12:14:00,2011-10-25 15:27:00,4,3613.15,46,3,4,5,12,Loyal
16712,2011-03-08 15:07:00,2011-11-30 13:48:00,11,3611.31,10,5,5,5,15,Champions
15505,2011-07-07 13:33:00,2011-10-18 07:56:00,5,3610.96,53,3,4,5,12,Loyal
13137,2011-02-04 11:54:00,2011-11-29 12:09:00,8,3603.29,11,5,5,5,15,Champions
14543,2010-12-10 11:51:00,2011-11-11 12:45:00,16,3599.73,29,4,5,5,14,Champions
15484,2011-09-22 13:31:00,2011-12-08 15:03:00,4,3590.41,2,5,4,5,14,Champions
14132,2011-06-09 12:04:00,2011-12-07 13:35:00,11,3586.0299999999997,3,5,5,5,15,Champions
16242,2011-03-07 17:04:00,2011-12-01 15:12:00,7,3579.86,9,5,5,5,15,Champions
17576,2010-12-09 16:57:00,2011-12-01 17:56:00,19,3564.83,9,5,5,5,15,Champions
14040,2011-01-12 14:57:00,2011-10-30 12:42:00,12,3560.32,41,3,5,5,13,Champions
17203,2011-10-10 14:37:00,2011-11-04 12:27:00,6,3560.08,36,3,5,5,13,Champions
17491,2010-12-07 12:18:00,2011-12-08 16:18:00,10,3558.87,2,5,5,5,15,Champions
15544,2010-12-02 12:47:00,2011-11-30 16:43:00,9,3546.71,10,5,5,5,15,Champions
14503,2011-06-14 10:00:00,2011-12-06 13:30:00,6,3543.26,4,5,5,5,15,Champions
12370,2010-12-14 12:58:00,2011-10-19 14:51:00,4,3541.94,52,3,4,5,12,Loyal
13448,2010-12-01 10:52:00,2011-11-23 12:33:00,6,3534.69,17,4,5,5,14,Champions
12454,2011-10-14 17:13:00,2011-10-14 17:13:00,1,3528.34,57,3,1,5,9,Other
17160,2011-04-12 12:00:00,2011-11-08 14:05:00,6,3518.03,32,4,5,5,14,Champions
13953,2010-12-22 10:29:00,2011-12-02 16:04:00,7,3515.68,8,5,5,5,15,Champions
15113,2011-10-16 15:27:00,2011-11-30 08:23:00,3,3509.43,10,5,3,5,13,Champions
16131,2011-04-14 08:32:00,2011-10-19 11:53:00,6,3506.54,52,3,5,5,13,Champions
13334,2011-02-07 11:42:00,2011-09-18 15:21:00,3,3502.32,83,2,3,5,10,At risk
14907,2010-12-07 10:14:00,2011-12-06 14:14:00,7,3501.1,4,5,5,5,15,Champions
16458,2010-12-14 11:51:00,2011-12-07 09:34:00,18,3482.7400000000002,3,5,5,5,15,Champions
14395,2010-12-02 18:15:00,2011-12-07 14:34:00,9,3479.91,3,5,5,5,15,Champions
13993,2011-01-13 10:43:00,2011-10-28 09:06:00,9,3466.36,43,3,5,5,13,Champions
13014,2011-03-03 18:28:00,2011-11-29 12:27:00,10,3466.2799999999997,11,5,5,5,15,Champions
15410,2011-03-23 10:15:00,2011-09-16 14:47:00,8,3450.84,85,2,5,5,12,Loyal
16360,2011-09-12 13:50:00,2011-12-05 12:16:00,6,3450.41,5,5,5,5,15,Champions
15129,2011-02-21 09:09:00,2011-10-20 14:40:00,11,3447.4,51,3,5,5,13,Champions
13536,2011-09-25 13:30:00,2011-12-08 16:38:00,7,3444.39,2,5,5,5,15,Champions
15974,2011-02-24 10:10:00,2011-10-31 13:13:00,7,3442.15,40,3,5,5,13,Champions
17725,2011-03-17 19:47:00,2011-11-23 16:34:00,11,3439.08,17,4,5,5,14,Champions
15676,2011-03-01 10:19:00,2011-11-21 12:40:00,3,3435.76,19,4,3,5,12,Other
14221,2011-01-04 15:33:00,2011-10-28 13:42:00,9,3432.8,43,3,5,5,13,Champions
12406,2011-06-09 10:23:00,2011-11-17 19:22:00,2,3415.3,23,4,2,5,11,Promising
15981,2011-02-01 13:50:00,2011-11-15 08:00:00,8,3408.48,25,4,5,5,14,Champions
17758,2011-04-03 15:22:00,2011-11-20 14:45:00,8,3408.2000000000003,20,4,5,5,14,Champions
13437,2011-06-02 14:30:00,2011-11-25 14:00:00,7,3408.06,15,4,5,5,14,Champions
17669,2011-04-04 10:11:00,2011-10-28 08:53:00,7,3406.7200000000003,43,3,5,5,13,Champions
13198,2010-12-13 09:29:00,2011-11-29 15:17:00,6,3401.2400000000002,11,5,5,5,15,Champions
15228,2011-02-18 09:04:00,2011-10-04 13:56:00,4,3386.71,67,3,4,5,12,Loyal
13842,2010-12-08 10:39:00,2011-10-12 10:51:00,9,3385.62,59,3,5,5,13,Champions
16011,2010-12-08 16:34:00,2011-12-01 16:31:00,16,3352.96,9,5,5,5,15,Champions
14227,2011-02-28 12:27:00,2011-11-13 15:48:00,10,3350.96,27,4,5,5,14,Champions
16818,2011-05-18 11:42:00,2011-11-29 10:41:00,11,3349.57,11,5,5,5,15,Champions
16607,2010-12-16 08:41:00,2011-11-22 10:24:00,14,3347.71,18,4,5,5,14,Champions
17183,2011-08-26 15:25:00,2011-12-02 10:07:00,6,3347.31,8,5,5,5,15,Champions
12643,2011-01-11 11:48:00,2011-08-03 12:56:00,6,3344.64,129,2,5,5,12,Loyal
12613,2011-03-22 15:42:00,2011-10-13 14:59:00,5,3344.38,58,3,4,5,12,Loyal
13015,2011-04-04 14:28:00,2011-10-17 13:19:00,5,3339.64,54,3,4,5,12,Loyal
12594,2011-01-21 09:52:00,2011-11-02 12:20:00,10,3338.2200000000003,38,3,5,5,13,Champions
16556,2010-12-14 13:32:00,2011-10-04 11:36:00,7,3313.79,67,3,5,5,13,Champions
13373,2011-03-08 14:35:00,2011-10-10 10:51:00,3,3312.25,61,3,3,5,11,Other
14841,2010-12-16 10:28:00,2011-10-17 15:03:00,6,3295.76,54,3,5,5,13,Champions
15632,2011-03-10 08:29:00,2011-11-24 09:51:00,8,3285.31,16,4,5,5,14,Champions
12480,2011-01-07 15:27:00,2011-11-11 14:52:00,4,3281.63,29,4,4,5,13,Champions
15764,2011-03-08 09:23:00,2011-09-12 17:58:00,6,3279.97,89,2,5,5,12,Loyal
17723,2011-05-09 14:44:00,2011-08-04 18:37:00,6,3276.4000000000005,128,2,5,5,12,Loyal
14702,2010-12-09 19:23:00,2011-12-08 19:29:00,17,3251.79,2,5,5,5,15,Champions
13952,2011-04-15 09:27:00,2011-05-06 09:00:00,2,3251.071,218,1,2,5,8,Other
13047,2010-12-01 08:34:00,2011-11-08 12:06:00,10,3237.54,32,4,5,5,14,Champions
15708,2010-12-05 11:12:00,2011-10-30 10:54:00,7,3235.25,41,3,5,5,13,Champions
14175,2011-01-14 12:22:00,2011-10-11 11:55:00,3,3222.3,60,3,3,5,11,Other
13880,2010-12-07 14:00:00,2011-11-18 13:44:00,13,3219.77,22,4,5,5,14,Champions
15443,2011-01-23 13:25:00,2011-12-08 10:40:00,7,3213.59,2,5,5,5,15,Champions
14388,2010-12-02 11:02:00,2011-11-29 13:32:00,8,3212.84,11,5,5,5,15,Champions
16107,2011-06-09 18:42:00,2011-11-22 09:40:00,7,3204.1600000000003,18,4,5,5,14,Champions
13868,2011-11-01 12:45:00,2011-12-02 16:32:00,2,3192.54,8,5,2,5,12,Promising
13758,2010-12-01 12:08:00,2011-11-28 11:11:00,7,3190.55,12,5,5,5,15,Champions
14844,2011-04-12 13:10:00,2011-10-07 10:41:00,4,3189.81,64,3,4,5,12,Loyal
17220,2010-12-10 14:54:00,2011-11-15 13:47:00,14,3187.55,25,4,5,5,14,Champions
17050,2011-02-13 12:41:00,2011-09-04 13:48:00,6,3185.64,97,2,5,5,12,Loyal
12456,2011-03-30 09:12:00,2011-10-26 14:41:00,3,3181.04,45,3,3,5,11,Other
17672,2011-02-03 13:29:00,2011-10-20 14:18:00,2,3178.17,51,3,3,5,11,Other
13268,2011-03-17 13:20:00,2011-11-22 11:51:00,11,3174.75,18,4,5,5,14,Champions
16837,2011-04-08 08:48:00,2011-11-08 14:27:00,11,3170.98,32,4,5,5,14,Champions
16041,2011-07-21 16:27:00,2011-11-09 12:25:00,3,3166.4,31,4,4,5,13,Champions
17863,2010-12-05 13:21:00,2011-10-11 13:45:00,6,3160.0,60,3,5,5,13,Champions
15065,2011-02-21 12:54:00,2011-11-02 09:45:00,4,3158.13,38,3,4,5,12,Loyal
17685,2010-12-02 14:42:00,2011-11-23 11:36:00,7,3155.83,17,4,5,5,14,Champions
15861,2011-03-17 20:12:00,2011-11-27 15:59:00,8,3146.92,13,5,5,5,15,Champions
14235,2011-03-24 13:23:00,2011-09-25 14:37:00,5,3144.86,76,2,4,5,11,Loyal
17231,2010-12-13 14:16:00,2011-11-27 15:18:00,10,3124.72,13,5,5,5,15,Champions
13685,2011-10-10 12:59:00,2011-12-07 11:41:00,7,3119.44,3,5,5,5,15,Champions
16678,2011-03-02 09:24:00,2011-12-07 12:17:00,12,3109.99,3,5,5,5,15,Champions
13742,2011-01-23 14:59:00,2011-11-23 11:07:00,12,3107.87,17,4,5,5,14,Champions
14099,2010-12-20 11:14:00,2011-11-23 13:53:00,11,3104.17,17,4,5,5,14,Champions
15491,2011-04-18 10:04:00,2011-09-05 15:56:00,6,3100.09,96,2,5,5,12,Loyal
14257,2011-01-25 10:49:00,2011-10-06 16:54:00,5,3099.7200000000003,65,3,4,5,12,Loyal
14565,2010-12-13 13:25:00,2011-09-05 09:07:00,4,3099.12,96,2,4,5,11,Loyal
13135,2011-05-27 10:52:00,2011-05-27 10:52:00,1,3096.0,197,1,1,5,7,Other
16156,2011-02-02 12:02:00,2011-12-01 12:42:00,9,3092.04,9,5,5,5,15,Champions
13362,2011-02-25 11:33:00,2011-11-30 14:41:00,4,3090.7400000000002,10,5,4,5,14,Champions
16218,2010-12-01 11:29:00,2011-11-10 09:59:00,7,3084.68,30,4,5,5,14,Champions
13869,2010-12-17 15:14:00,2011-08-08 13:53:00,4,3083.65,124,2,4,5,11,Loyal
17059,2010-12-05 12:35:00,2011-11-10 12:27:00,5,3080.39,30,4,4,5,13,Champions
15998,2010-12-12 13:32:00,2011-11-03 12:45:00,5,3080.22,37,3,4,5,12,Loyal
18272,2011-04-07 09:35:00,2011-12-07 12:43:00,6,3078.58,3,5,5,5,15,Champions
12910,2011-04-12 10:01:00,2011-11-16 14:28:00,8,3075.04,24,4,5,5,14,Champions
13631,2011-03-17 17:13:00,2011-09-01 09:57:00,11,3070.42,100,2,5,5,12,Loyal
16940,2011-02-23 12:27:00,2011-10-18 13:15:00,3,3049.88,53,3,4,5,12,Loyal
16393,2010-12-05 13:10:00,2011-12-07 12:51:00,13,3040.96,3,5,5,5,15,Champions
16326,2011-01-09 12:01:00,2011-12-04 10:11:00,14,3039.2200000000003,6,5,5,5,15,Champions
17799,2010-12-13 13:10:00,2011-11-17 15:16:00,10,3039.17,23,4,5,5,14,Champions
16905,2010-12-03 10:43:00,2011-12-04 14:01:00,7,3037.6,6,5,5,5,15,Champions
16709,2011-03-03 10:55:00,2011-09-16 10:56:00,5,3029.87,85,2,4,5,11,Loyal
12598,2011-02-28 11:58:00,2011-11-30 12:18:00,8,3023.08,10,5,5,5,15,Champions
12395,2010-12-03 16:35:00,2011-11-20 15:21:00,12,3018.63,20,4,5,5,14,Champions
18094,2011-02-21 08:50:00,2011-09-19 09:28:00,7,3017.3,82,2,5,5,12,Loyal
14456,2011-07-20 13:06:00,2011-12-04 13:59:00,9,3017.28,6,5,5,5,15,Champions
12754,2011-02-04 10:31:00,2011-04-18 09:00:00,3,3010.74,236,1,3,5,9,At risk
15521,2011-03-30 09:15:00,2011-10-30 13:42:00,8,3000.2,41,3,5,5,13,Champions
17659,2010-12-02 16:46:00,2011-11-22 13:29:00,12,2999.46,18,4,5,5,14,Champions
17504,2011-01-21 11:09:00,2011-05-17 12:59:00,9,2997.0299999999997,207,1,5,5,11,Loyal
12670,2011-04-21 10:16:00,2011-11-29 15:23:00,5,2996.05,11,5,4,5,14,Champions
14307,2010-12-01 11:41:00,2011-09-12 09:38:00,6,2995.72,89,2,5,5,12,Loyal
15687,2011-01-13 15:13:00,2011-12-01 08:33:00,9,2993.1,9,5,5,5,15,Champions
14639,2010-12-13 13:50:00,2011-10-18 15:06:00,6,2984.49,53,3,5,5,13,Champions
14032,2010-12-08 10:53:00,2011-12-07 15:23:00,11,2975.59,3,5,5,5,15,Champions
15854,2010-12-13 11:47:00,2011-12-05 13:39:00,12,2969.12,5,5,5,5,15,Champions
16497,2011-01-10 13:20:00,2011-10-21 10:55:00,6,2965.69,50,3,5,5,13,Champions
17924,2010-12-01 10:51:00,2011-11-28 09:11:00,7,2962.5,12,5,5,5,15,Champions
16686,2010-12-19 14:41:00,2011-10-23 13:49:00,7,2959.88,48,3,5,5,13,Champions
14868,2011-04-20 13:36:00,2011-12-06 14:49:00,8,2953.59,4,5,5,5,15,Champions
12916,2011-01-23 10:43:00,2011-07-24 10:35:00,4,2944.95,139,2,4,5,11,Loyal
17444,2011-06-20 09:04:00,2011-07-15 12:05:00,3,2940.04,148,2,4,5,11,Loyal
16316,2010-12-16 14:26:00,2011-10-06 13:48:00,8,2938.91,65,3,5,5,13,Champions
17512,2011-02-11 12:22:00,2011-11-11 12:11:00,10,2924.9900000000002,29,4,5,5,14,Champions
15606,2011-01-19 12:07:00,2011-10-09 15:47:00,9,2920.16,62,3,5,5,13,Champions
12906,2011-09-22 15:03:00,2011-11-28 09:55:00,5,2919.81,12,5,4,5,14,Champions
14112,2011-03-09 11:28:00,2011-11-17 12:30:00,7,2915.15,23,4,5,5,14,Champions
12438,2011-07-22 13:29:00,2011-11-25 13:28:00,2,2906.85,15,4,2,5,11,Promising
13451,2011-01-09 15:35:00,2011-11-13 15:58:00,5,2898.2599999999998,27,4,4,5,13,Champions
17644,2011-03-24 09:44:00,2011-12-08 13:43:00,11,2895.64,2,5,5,5,15,Champions
18144,2010-12-01 13:45:00,2011-12-02 12:46:00,12,2888.75,8,5,5,5,15,Champions
12408,2011-03-24 14:46:00,2011-11-07 12:27:00,5,2888.55,33,3,4,5,12,Loyal
13735,2011-04-19 13:49:00,2011-11-15 11:14:00,4,2883.54,25,4,4,5,13,Champions
16633,2011-04-19 14:36:00,2011-11-22 13:41:00,6,2883.1,18,4,5,5,14,Champions
14251,2011-10-13 12:46:00,2011-12-08 08:32:00,5,2879.7000000000003,2,5,4,5,14,Champions
17728,2011-09-14 11:39:00,2011-12-06 08:52:00,3,2876.01,4,5,4,5,14,Champions
14005,2011-05-08 10:33:00,2011-11-30 12:41:00,5,2874.72,10,5,4,5,14,Champions
15628,2010-12-08 09:51:00,2011-12-05 10:24:00,9,2870.2400000000002,5,5,5,5,15,Champions
13901,2011-01-25 09:01:00,2011-09-28 14:48:00,5,2867.2,73,2,4,5,11,Loyal
12685,2011-09-07 10:28:00,2011-11-11 13:46:00,6,2863.08,29,4,5,5,14,Champions
14530,2011-02-16 10:47:00,2011-11-14 10:38:00,6,2862.11,26,4,5,5,14,Champions
18145,2011-01-31 12:10:00,2011-11-27 11:22:00,4,2861.55,13,5,4,5,14,Champions
14535,2011-04-05 12:50:00,2011-10-10 15:39:00,3,2854.84,61,3,3,5,11,Other
14711,2011-03-22 13:32:00,2011-11-29 14:58:00,11,2839.62,11,5,5,5,15,Champions
14852,2011-04-01 13:22:00,2011-10-12 13:20:00,6,2836.69,59,3,5,5,13,Champions
14842,2011-02-04 15:32:00,2011-10-27 12:37:00,4,2824.69,44,3,4,5,12,Loyal
16928,2010-12-01 15:21:00,2011-09-20 15:10:00,17,2814.7,81,2,5,5,12,Loyal
16871,2011-03-14 10:31:00,2011-11-17 19:27:00,6,2812.34,23,4,5,5,14,Champions
12356,2011-01-18 09:50:00,2011-11-17 08:40:00,3,2811.43,23,4,3,5,12,Other
18230,2011-02-10 13:06:00,2011-11-30 13:22:00,7,2810.2000000000003,10,5,5,5,15,Champions
17596,2010-12-06 12:34:00,2011-11-16 14:11:00,7,2806.69,24,4,5,5,14,Champions
14572,2011-01-19 17:23:00,2011-12-06 14:40:00,7,2804.54,4,5,5,5,15,Champions
16081,2010-12-08 11:16:00,2011-10-14 13:06:00,5,2799.42,57,3,4,5,12,Loyal
13769,2010-12-07 13:28:00,2011-12-07 15:08:00,10,2796.51,3,5,5,5,15,Champions
14903,2011-03-06 11:50:00,2011-11-18 16:07:00,5,2795.33,22,4,4,5,13,Champions
12578,2011-01-13 15:34:00,2011-11-18 13:30:00,2,2794.51,22,4,2,5,11,Promising
12758,2011-03-08 12:05:00,2011-08-15 10:22:00,2,2791.59,117,2,2,5,9,Other
17739,2010-12-14 14:26:00,2011-11-28 09:12:00,7,2791.35,12,5,5,5,15,Champions
14626,2011-04-20 13:18:00,2011-11-16 10:37:00,4,2791.27,24,4,4,5,13,Champions
16764,2011-07-19 17:17:00,2011-12-06 11:41:00,13,2790.9500000000003,4,5,5,5,15,Champions
17213,2010-12-08 13:03:00,2011-10-30 14:53:00,7,2781.23,41,3,5,5,13,Champions
12388,2011-01-17 11:12:00,2011-11-24 12:30:00,6,2780.66,16,4,4,5,13,Champions
15984,2010-12-06 13:21:00,2011-12-07 12:16:00,10,2780.63,3,5,5,5,15,Champions
14121,2011-10-11 10:39:00,2011-12-06 12:19:00,4,2780.15,4,5,4,5,14,Champions
15993,2011-10-26 16:21:00,2011-12-01 10:45:00,7,2777.67,9,5,5,5,15,Champions
13870,2011-02-25 09:09:00,2011-12-07 13:23:00,8,2770.94,3,5,5,5,15,Champions
15114,2011-02-11 08:45:00,2011-11-09 15:05:00,10,2760.56,31,4,5,5,14,Champions
13971,2011-02-27 12:27:00,2011-11-21 12:06:00,8,2758.26,19,4,5,5,14,Champions
13230,2010-12-09 19:28:00,2011-12-05 16:03:00,14,2755.63,5,5,5,5,15,Champions
15321,2011-02-21 11:10:00,2011-09-30 09:40:00,3,2748.31,71,3,3,5,11,Other
17084,2011-11-04 14:49:00,2011-11-04 14:54:00,2,2747.9900000000002,36,3,3,5,11,Other
12669,2011-03-28 10:15:00,2011-07-12 09:54:00,3,2744.0299999999997,151,2,3,5,10,At risk
13174,2010-12-05 16:24:00,2011-11-23 14:35:00,3,2742.82,17,4,3,5,12,Other
14854,2011-03-10 12:22:00,2011-09-22 17:00:00,7,2740.03,79,2,5,5,12,Loyal
16003,2010-12-15 12:09:00,2011-11-10 09:57:00,5,2735.37,30,4,4,5,13,Champions
12840,2011-04-27 12:21:00,2011-07-19 09:29:00,4,2726.77,144,2,4,5,11,Loyal
15673,2011-01-16 16:25:00,2011-09-12 16:12:00,4,2726.23,89,2,4,5,11,Loyal
12380,2011-06-07 09:49:00,2011-11-18 11:27:00,4,2724.81,22,4,4,5,13,Champions
17838,2010-12-02 15:55:00,2011-11-13 11:20:00,5,2720.8,27,4,4,5,13,Champions
14125,2011-09-22 15:40:00,2011-11-29 12:47:00,3,2720.63,11,5,3,5,13,Champions
14808,2011-06-20 12:53:00,2011-10-31 12:21:00,8,2718.6,40,3,5,5,13,Champions
15356,2010-12-06 14:05:00,2011-11-08 13:11:00,10,2718.03,32,4,5,5,14,Champions
12708,2010-12-06 10:43:00,2011-11-10 09:52:00,10,2712.91,30,4,5,5,14,Champions
16938,2011-02-04 09:34:00,2011-12-01 10:20:00,4,2711.6800000000003,9,5,4,5,14,Champions
15696,2011-01-17 11:24:00,2011-11-06 14:02:00,8,2711.11,34,3,5,5,13,Champions
17069,2010-12-01 16:49:00,2011-11-11 17:13:00,9,2709.7000000000003,29,4,5,5,14,Champions
13285,2011-02-22 17:13:00,2011-11-16 13:19:00,4,2709.12,24,4,4,5,13,Champions
15796,2011-02-10 15:40:00,2011-12-08 19:55:00,8,2708.61,2,5,5,5,15,Champions
13654,2011-03-11 12:54:00,2011-10-27 16:24:00,6,2707.33,44,3,5,5,13,Champions
14107,2010-12-10 13:29:00,2011-10-19 12:12:00,7,2703.23,52,3,5,5,13,Champions
14732,2011-01-04 14:40:00,2011-12-01 14:34:00,8,2702.4900000000002,9,5,5,5,15,Champions
17386,2011-06-27 12:11:00,2011-12-02 11:28:00,6,2686.42,8,5,5,5,15,Champions
12625,2011-01-24 13:27:00,2011-05-12 09:54:00,2,2683.82,212,1,2,5,8,Other
13883,2011-03-31 17:17:00,2011-11-29 10:45:00,5,2674.48,11,5,4,5,14,Champions
18097,2010-12-20 14:49:00,2011-12-02 11:16:00,6,2662.4,8,5,5,5,15,Champions
14713,2010-12-09 18:58:00,2011-11-30 16:26:00,11,2662.2,10,5,5,5,15,Champions
12360,2011-05-23 09:43:00,2011-10-18 15:22:00,3,2662.06,53,3,3,5,11,Other
14439,2011-01-24 11:39:00,2011-01-24 11:39:00,1,2661.24,320,1,1,5,7,Other
15671,2011-03-14 09:37:00,2011-11-21 12:43:00,7,2657.13,19,4,5,5,14,Champions
12721,2010-12-20 11:38:00,2011-11-08 12:13:00,6,2656.13,32,4,5,5,14,Champions
13851,2011-02-24 17:18:00,2011-09-05 12:36:00,3,2651.46,96,2,3,5,10,At risk
16618,2011-01-21 11:55:00,2011-11-08 13:52:00,5,2647.59,32,4,4,5,13,Champions
13658,2011-05-19 17:15:00,2011-11-30 10:13:00,5,2639.17,10,5,4,5,14,Champions
17655,2010-12-08 16:45:00,2011-11-29 11:34:00,7,2638.94,11,5,5,5,15,Champions
13771,2011-04-06 15:47:00,2011-10-06 14:18:00,4,2634.45,65,3,4,5,12,Loyal
12520,2011-03-11 11:35:00,2011-09-21 15:23:00,5,2634.26,80,2,4,5,11,Loyal
17402,2010-12-05 13:53:00,2011-12-05 10:15:00,13,2633.85,5,5,5,5,15,Champions
18260,2010-12-16 18:23:00,2011-06-20 12:37:00,6,2628.35,173,2,5,5,12,Loyal
15752,2010-12-02 09:43:00,2011-10-31 11:37:00,7,2626.6,40,3,5,5,13,Champions
13422,2011-10-06 13:42:00,2011-10-06 13:42:00,1,2626.3,65,3,1,5,9,Other
13644,2011-08-26 11:53:00,2011-11-23 14:07:00,4,2624.26,17,4,4,5,13,Champions
17346,2010-12-01 14:34:00,2011-12-06 12:18:00,15,2622.88,4,5,5,5,15,Champions
18210,2011-03-17 16:58:00,2011-12-08 11:02:00,6,2621.38,2,5,5,5,15,Champions
16255,2010-12-09 14:25:00,2011-11-23 12:40:00,8,2619.91,17,4,5,5,14,Champions
14262,2011-04-13 12:23:00,2011-12-01 14:17:00,8,2618.23,9,5,5,5,15,Champions
13021,2010-12-16 10:12:00,2011-12-05 16:37:00,9,2616.38,5,5,5,5,15,Champions
15782,2011-09-11 14:29:00,2011-11-30 10:49:00,3,2614.7400000000002,10,5,4,5,14,Champions
14397,2011-05-10 12:25:00,2011-12-07 09:22:00,19,2612.96,3,5,5,5,15,Champions
18075,2010-12-14 10:48:00,2011-11-16 15:21:00,10,2611.75,24,4,5,5,14,Champions
12836,2011-02-01 11:19:00,2011-10-11 15:10:00,4,2610.36,60,3,4,5,12,Loyal
12726,2010-12-17 12:56:00,2011-11-11 13:35:00,7,2609.1,29,4,5,5,14,Champions
13136,2011-05-11 12:47:00,2011-10-14 13:41:00,5,2607.61,57,3,4,5,12,Loyal
13983,2010-12-08 10:38:00,2011-11-10 11:06:00,12,2603.43,30,4,5,5,14,Champions
17317,2011-09-11 12:45:00,2011-10-24 17:19:00,3,2600.34,47,3,4,5,12,Loyal
17965,2010-12-05 15:54:00,2011-11-02 09:31:00,14,2599.19,38,3,5,5,13,Champions
12600,2010-12-03 12:57:00,2011-11-11 10:29:00,10,2599.04,29,4,5,5,14,Champions
14408,2011-03-20 14:41:00,2011-11-29 11:41:00,7,2599.03,11,5,5,5,15,Champions
13895,2011-06-28 10:17:00,2011-11-11 16:57:00,4,2593.07,29,4,4,5,13,Champions
16919,2010-12-06 12:52:00,2011-07-06 13:35:00,11,2592.25,157,2,5,5,12,Loyal
16241,2010-12-05 11:04:00,2011-11-30 11:08:00,13,2590.31,10,5,5,5,15,Champions
14243,2010-12-09 08:34:00,2011-12-01 11:12:00,10,2588.77,9,5,5,5,15,Champions
13804,2011-02-23 09:09:00,2011-11-09 12:32:00,7,2588.39,31,4,5,5,14,Champions
18077,2010-12-08 10:21:00,2011-12-01 13:32:00,11,2584.41,9,5,5,5,15,Champions
13911,2011-02-04 14:46:00,2011-10-13 15:43:00,9,2580.91,58,3,5,5,13,Champions
14546,2011-04-05 12:37:00,2011-12-04 13:00:00,5,2573.93,6,5,4,5,14,Champions
18245,2010-12-19 14:58:00,2011-12-02 14:48:00,7,2567.06,8,5,5,5,15,Champions
15485,2010-12-01 13:23:00,2011-11-09 14:31:00,3,2564.5,31,4,3,5,12,Other
16308,2011-03-23 14:46:00,2011-11-02 11:24:00,4,2560.0,38,3,4,5,12,Loyal
15033,2011-01-14 13:28:00,2011-12-05 12:40:00,10,2557.18,5,5,5,5,15,Champions
16912,2011-01-20 15:42:00,2011-11-11 12:18:00,11,2555.58,29,4,5,5,14,Champions
14334,2010-12-16 17:37:00,2011-11-23 10:01:00,8,2552.21,17,4,5,5,14,Champions
14676,2011-03-01 14:26:00,2011-11-08 13:29:00,6,2548.2400000000002,32,4,5,5,14,Champions
14776,2011-01-31 13:17:00,2011-10-19 15:34:00,11,2538.3,52,3,5,5,13,Champions
17700,2011-03-03 16:34:00,2011-11-23 11:51:00,4,2534.64,17,4,4,5,13,Champions
15572,2011-03-06 14:44:00,2011-12-05 10:09:00,7,2533.42,5,5,5,5,15,Champions
14659,2011-01-28 12:43:00,2011-12-01 12:17:00,9,2529.93,9,5,5,5,15,Champions
17314,2011-01-31 11:25:00,2011-11-15 09:41:00,8,2527.92,25,4,5,5,14,Champions
14701,2011-01-27 12:40:00,2011-11-29 12:38:00,9,2526.09,11,5,5,5,15,Champions
13394,2011-02-03 10:39:00,2011-12-08 11:36:00,8,2520.02,2,5,5,5,15,Champions
17449,2010-12-15 10:57:00,2011-12-07 16:56:00,7,2519.21,3,5,5,5,15,Champions
15245,2011-03-23 13:42:00,2011-07-28 18:56:00,3,2515.84,135,2,3,5,10,At risk
13344,2011-03-07 10:28:00,2011-10-03 09:45:00,3,2511.69,68,3,3,5,11,Other
12352,2011-02-16 12:33:00,2011-11-03 14:37:00,8,2506.04,37,3,5,5,13,Champions
13695,2011-03-25 11:31:00,2011-11-08 14:26:00,15,2504.13,32,4,5,5,14,Champions
13471,2011-10-23 13:10:00,2011-12-08 15:44:00,4,2501.84,2,5,4,5,14,Champions
15932,2011-02-23 14:50:00,2011-12-05 17:13:00,8,2495.87,5,5,5,5,15,Champions
16477,2010-12-03 12:48:00,2011-10-07 09:44:00,7,2494.46,64,3,5,5,13,Champions
15271,2010-12-09 13:47:00,2011-12-02 14:11:00,15,2493.34,8,5,5,5,15,Champions
12483,2011-01-04 14:20:00,2011-11-22 17:02:00,8,2484.98,18,4,5,5,14,Champions
12913,2010-12-06 16:36:00,2011-12-05 12:11:00,5,2483.63,5,5,4,5,14,Champions
12517,2011-06-02 15:13:00,2011-11-11 14:04:00,5,2481.6,29,4,4,5,13,Champions
14315,2011-03-18 12:59:00,2011-10-26 12:06:00,6,2481.13,45,3,5,5,13,Champions
13507,2011-07-17 11:50:00,2011-12-06 13:13:00,4,2479.16,4,5,4,5,14,Champions
13588,2011-03-29 15:53:00,2011-11-24 10:42:00,9,2478.95,16,4,5,5,14,Champions
17682,2010-12-06 13:35:00,2011-11-29 15:59:00,6,2474.33,11,5,5,5,15,Champions
17188,2010-12-12 12:56:00,2011-11-28 13:53:00,7,2474.23,12,5,5,5,15,Champions
14766,2010-12-08 15:33:00,2011-12-01 16:05:00,6,2473.37,9,5,5,5,15,Champions
16710,2010-12-06 13:13:00,2011-11-20 14:50:00,10,2467.99,20,4,5,5,14,Champions
17164,2011-03-11 14:26:00,2011-11-07 09:14:00,7,2467.35,33,4,5,5,14,Champions
12455,2011-02-16 09:56:00,2011-09-27 15:31:00,6,2466.86,74,2,4,5,11,Loyal
17131,2011-09-25 12:42:00,2011-12-04 12:52:00,5,2463.17,6,5,4,5,14,Champions
15750,2010-12-08 10:36:00,2011-12-07 12:34:00,8,2463.05,3,5,5,5,15,Champions
13784,2011-01-11 14:38:00,2011-11-30 09:33:00,11,2462.79,10,5,5,5,15,Champions
13975,2011-03-08 12:19:00,2011-11-08 13:19:00,6,2461.2400000000002,32,4,5,5,14,Champions
15674,2011-03-30 09:19:00,2011-09-27 15:17:00,5,2446.6,74,2,4,5,11,Loyal
14163,2011-04-14 17:33:00,2011-09-13 15:18:00,4,2445.91,88,2,4,5,11,Loyal
14502,2011-01-30 15:52:00,2011-11-20 11:50:00,11,2429.83,20,4,5,5,14,Champions
17071,2011-02-03 08:18:00,2011-11-11 16:31:00,9,2429.03,29,4,5,5,14,Champions
15527,2010-12-20 14:15:00,2011-11-21 12:17:00,8,2428.53,19,4,5,5,14,Champions
13949,2011-09-06 11:55:00,2011-12-07 09:35:00,6,2427.32,3,5,5,5,15,Champions
16143,2010-12-05 15:18:00,2011-12-06 14:13:00,6,2424.94,4,5,5,5,15,Champions
17722,2010-12-08 12:41:00,2011-09-04 15:22:00,4,2424.04,97,2,4,5,11,Loyal
15089,2011-08-03 14:14:00,2011-11-29 16:31:00,6,2420.84,11,5,5,5,15,Champions
15373,2010-12-03 14:40:00,2011-12-01 15:05:00,12,2415.91,9,5,5,5,15,Champions
12397,2011-07-27 14:21:00,2011-11-04 09:52:00,2,2409.9,36,3,2,5,10,Other
17589,2011-04-13 13:47:00,2011-10-10 16:58:00,4,2404.17,61,3,4,5,12,Loyal
15980,2011-03-30 15:05:00,2011-09-12 09:41:00,3,2398.86,89,2,4,5,11,Loyal
18065,2010-12-10 12:44:00,2011-12-04 10:30:00,14,2392.83,6,5,5,5,15,Champions
13141,2011-01-28 13:04:00,2011-09-16 09:54:00,5,2388.75,85,2,4,5,11,Loyal
15370,2011-01-11 11:32:00,2011-10-30 10:58:00,7,2386.05,41,3,5,5,13,Champions
14493,2011-07-07 16:59:00,2011-12-02 16:14:00,5,2383.2400000000002,8,5,4,5,14,Champions
14239,2011-01-27 14:45:00,2011-10-27 14:40:00,11,2380.85,44,3,5,5,13,Champions
15270,2011-02-02 13:25:00,2011-11-24 09:24:00,7,2379.49,16,4,5,5,14,Champions
13722,2011-03-02 11:43:00,2011-07-31 12:44:00,3,2375.41,132,2,3,5,10,At risk
17434,2011-09-15 13:54:00,2011-12-07 13:16:00,7,2373.82,3,5,5,5,15,Champions
13908,2011-03-08 12:04:00,2011-09-21 11:49:00,4,2369.55,80,2,4,5,11,Loyal
17530,2010-12-09 20:01:00,2011-12-08 18:42:00,10,2367.12,2,5,5,5,15,Champions
15755,2011-02-18 11:53:00,2011-11-29 14:57:00,6,2364.25,11,5,5,5,15,Champions
12457,2011-04-14 18:57:00,2011-10-04 13:13:00,7,2363.23,67,3,5,5,13,Champions
14930,2011-03-10 14:42:00,2011-08-23 10:31:00,3,2362.96,109,2,3,5,10,At risk
14030,2010-12-08 16:11:00,2011-11-21 16:48:00,8,2358.84,19,4,5,5,14,Champions
17634,2011-01-06 12:45:00,2011-11-03 13:09:00,9,2358.59,37,3,5,5,13,Champions
14440,2010-12-09 12:49:00,2011-12-01 15:42:00,5,2357.6800000000003,9,5,4,5,14,Champions
15140,2011-03-20 14:37:00,2011-10-18 14:07:00,7,2354.25,53,3,5,5,13,Champions
14309,2010-12-16 13:05:00,2011-12-01 13:33:00,9,2352.53,9,5,5,5,15,Champions
12704,2011-06-23 10:20:00,2011-12-02 13:15:00,8,2340.84,8,5,5,5,15,Champions
18259,2010-12-08 13:38:00,2011-11-15 12:34:00,3,2338.6000000000004,25,4,4,5,13,Champions
12584,2011-03-04 15:15:00,2011-12-06 09:35:00,9,2338.15,4,5,5,5,15,Champions
18257,2011-02-16 15:13:00,2011-10-31 14:48:00,8,2337.63,40,3,5,5,13,Champions
15281,2011-01-10 15:51:00,2011-10-12 09:10:00,9,2332.15,59,3,5,5,13,Champions
12782,2010-12-17 11:30:00,2011-12-05 09:16:00,5,2330.92,5,5,4,5,14,Champions
15785,2011-02-17 14:17:00,2011-11-07 11:33:00,5,2328.9700000000003,33,4,4,5,13,Champions
17313,2011-11-08 15:45:00,2011-11-08 15:45:00,1,2328.84,32,4,2,5,11,Promising
17744,2010-12-16 14:17:00,2011-12-06 12:11:00,6,2322.4,4,5,5,5,15,Champions
17211,2010-12-05 12:44:00,2011-11-13 12:03:00,8,2317.2200000000003,27,4,5,5,14,Champions
14290,2010-12-13 10:24:00,2011-11-28 14:02:00,5,2314.65,12,5,4,5,14,Champions
15365,2011-01-28 13:08:00,2011-11-14 08:29:00,7,2314.32,26,4,5,5,14,Champions
17954,2010-12-03 14:18:00,2011-12-04 14:15:00,12,2314.13,6,5,5,5,15,Champions
13704,2011-09-12 14:40:00,2011-12-04 15:13:00,9,2308.06,6,5,5,5,15,Champions
15288,2010-12-09 13:59:00,2011-10-27 16:58:00,5,2306.52,44,3,4,5,12,Loyal
16550,2010-12-06 13:53:00,2011-08-23 11:12:00,5,2298.97,109,2,4,5,11,Loyal
15105,2011-07-28 10:09:00,2011-11-21 16:54:00,7,2298.93,19,4,5,5,14,Champions
13115,2011-06-08 16:15:00,2011-11-28 12:38:00,4,2294.78,12,5,4,5,14,Champions
15704,2011-05-08 12:42:00,2011-07-22 13:35:00,4,2293.62,141,2,4,5,11,Loyal
12615,2011-06-24 13:35:00,2011-12-07 15:02:00,4,2291.19,3,5,4,5,14,Champions
17696,2010-12-10 09:51:00,2011-11-01 13:43:00,8,2285.71,39,3,5,5,13,Champions
12684,2011-05-10 12:55:00,2011-12-02 09:53:00,7,2283.63,8,5,5,5,15,Champions
14554,2011-10-18 13:04:00,2011-11-29 16:44:00,4,2279.4900000000002,11,5,4,5,14,Champions
13994,2011-07-14 18:28:00,2011-12-06 11:05:00,6,2274.14,4,5,5,5,15,Champions
13317,2010-12-16 09:22:00,2011-10-04 13:35:00,6,2273.68,67,3,5,5,13,Champions
14466,2010-12-02 13:36:00,2011-11-10 14:07:00,7,2272.4,30,4,5,5,14,Champions
16782,2010-12-09 11:28:00,2011-11-29 13:20:00,13,2267.9500000000003,11,5,5,5,15,Champions
16057,2011-02-28 10:35:00,2011-11-23 15:23:00,7,2263.12,17,4,5,5,14,Champions
16209,2011-04-07 12:23:00,2011-09-12 11:58:00,5,2262.62,89,2,4,5,11,Loyal
16293,2010-12-07 15:02:00,2011-11-18 09:58:00,10,2248.9900000000002,22,4,5,5,14,Champions
13700,2011-01-16 13:18:00,2011-11-13 13:00:00,10,2248.63,27,4,5,5,14,Champions
17442,2011-02-22 13:02:00,2011-11-03 09:17:00,6,2248.56,37,3,5,5,13,Champions
14432,2011-09-11 14:09:00,2011-11-30 08:04:00,6,2248.5,10,5,5,5,15,Champions
15235,2010-12-01 17:22:00,2011-05-06 09:44:00,12,2247.51,218,1,5,5,11,Loyal
16735,2011-01-09 12:53:00,2011-09-22 11:49:00,5,2247.41,79,2,4,5,11,Loyal
16771,2011-01-05 13:57:00,2011-11-06 13:28:00,5,2242.61,34,3,4,5,12,Loyal
13527,2011-01-17 11:17:00,2011-11-06 12:04:00,7,2242.36,34,3,5,5,13,Champions
14211,2011-02-17 15:50:00,2011-10-17 13:23:00,9,2241.1,54,3,5,5,13,Champions
14560,2010-12-17 09:22:00,2011-12-02 15:22:00,22,2237.77,8,5,5,5,15,Champions
16076,2011-05-15 12:31:00,2011-12-06 14:59:00,10,2234.73,4,5,5,5,15,Champions
18242,2011-05-10 11:20:00,2011-09-28 13:43:00,4,2232.4900000000002,73,2,4,5,11,Loyal
12783,2011-09-25 15:35:00,2011-12-07 15:56:00,6,2225.91,3,5,5,5,15,Champions
13365,2011-05-06 12:00:00,2011-11-06 12:36:00,2,2225.37,34,3,2,5,10,Other
15834,2011-03-07 17:52:00,2011-09-30 14:41:00,4,2225.15,71,3,4,5,12,Loyal
15665,2011-04-10 15:09:00,2011-06-24 14:57:00,2,2222.21,169,2,3,5,10,At risk
14825,2010-12-06 12:30:00,2011-12-06 11:38:00,12,2221.01,4,5,5,5,15,Champions
15811,2010-12-09 15:29:00,2011-11-17 15:31:00,6,2218.62,23,4,5,5,14,Champions
12876,2011-05-27 13:34:00,2011-10-13 12:26:00,2,2218.02,58,3,2,5,10,Other
14226,2011-03-15 15:36:00,2011-11-11 11:34:00,5,2214.79,29,4,4,5,13,Champions
16743,2010-12-16 12:15:00,2011-11-10 13:13:00,7,2213.13,30,4,5,5,14,Champions
15722,2011-02-22 12:24:00,2011-11-04 11:43:00,5,2211.21,36,3,4,5,12,Loyal
12653,2011-02-16 10:53:00,2011-07-14 10:41:00,2,2209.85,149,2,2,5,9,Other
13862,2011-01-11 15:13:00,2011-11-21 16:24:00,8,2209.36,19,4,5,5,14,Champions
15797,2011-01-24 15:47:00,2011-08-18 17:04:00,4,2207.4,114,2,4,5,11,Loyal
15179,2011-01-24 13:48:00,2011-11-21 12:53:00,5,2206.95,19,4,4,5,13,Champions
17591,2010-12-07 15:39:00,2011-09-27 13:42:00,7,2203.67,74,2,5,5,12,Loyal
15123,2011-05-17 14:57:00,2011-12-02 13:12:00,2,2199.31,8,5,3,5,13,Champions
13831,2010-12-05 12:13:00,2011-11-23 15:41:00,6,2198.45,17,4,5,5,14,Champions
14700,2011-04-15 13:16:00,2011-11-07 14:40:00,3,2195.1,33,3,3,5,11,Other
16628,2011-04-19 08:55:00,2011-11-10 12:45:00,5,2188.05,30,4,4,5,13,Champions
17406,2010-12-08 10:35:00,2011-01-10 15:07:00,3,2184.42,334,1,4,5,10,Loyal
15394,2010-12-16 12:46:00,2011-11-30 11:49:00,4,2183.54,10,5,4,5,14,Champions
12909,2011-03-31 12:51:00,2011-10-31 12:43:00,5,2178.67,40,3,4,5,12,Loyal
12856,2011-10-07 12:38:00,2011-12-02 10:52:00,6,2170.78,8,5,5,5,15,Champions
12501,2011-01-07 12:28:00,2011-01-07 12:28:00,1,2169.39,337,1,1,5,7,Other
14341,2011-01-25 13:55:00,2011-10-25 15:48:00,8,2166.98,46,3,5,5,13,Champions
12633,2011-02-25 08:44:00,2011-10-12 11:40:00,4,2163.98,59,3,4,5,12,Loyal
12935,2011-01-24 13:58:00,2011-12-07 17:25:00,7,2160.7,3,5,5,5,15,Champions
16456,2010-12-01 14:11:00,2011-09-01 13:50:00,5,2158.18,100,2,4,5,11,Loyal
14407,2011-03-08 11:59:00,2011-08-24 14:02:00,6,2157.73,108,2,5,5,12,Loyal
16379,2011-09-22 09:33:00,2011-12-05 15:38:00,4,2157.4,5,5,4,5,14,Champions
13224,2011-07-11 14:10:00,2011-10-10 14:55:00,2,2155.95,61,3,2,5,10,Other
16966,2011-04-13 14:17:00,2011-12-01 13:40:00,7,2154.97,9,5,5,5,15,Champions
17272,2011-03-22 12:05:00,2011-10-28 16:37:00,4,2148.63,43,3,4,5,12,Loyal
14828,2011-01-07 09:50:00,2011-05-27 10:16:00,3,2139.76,197,1,3,5,9,At risk
12560,2011-07-19 15:55:00,2011-12-04 13:54:00,3,2134.01,6,5,3,5,13,Champions
13517,2011-06-13 08:44:00,2011-10-11 11:43:00,3,2128.42,60,3,3,5,11,Other
18061,2010-12-08 13:03:00,2011-11-18 11:20:00,10,2119.41,22,4,5,5,14,Champions
13632,2011-04-10 15:07:00,2011-11-15 10:51:00,5,2118.93,25,4,4,5,13,Champions
14360,2011-09-06 11:58:00,2011-11-08 09:12:00,4,2118.03,32,4,4,5,13,Champions
18008,2011-01-25 12:26:00,2011-09-30 15:17:00,9,2116.19,71,3,5,5,13,Champions
14691,2011-05-11 09:55:00,2011-11-09 12:30:00,5,2114.33,31,4,4,5,13,Champions
13755,2011-10-07 15:45:00,2011-12-06 12:26:00,9,2108.06,4,5,5,5,15,Champions
14640,2011-04-26 12:31:00,2011-11-15 13:07:00,6,2107.38,25,4,5,5,14,Champions
18173,2011-03-10 11:56:00,2011-09-14 11:26:00,4,2106.84,87,2,4,5,11,Loyal
18093,2011-02-10 12:15:00,2011-09-07 15:43:00,4,2106.52,94,2,4,5,11,Loyal
14461,2011-03-23 12:15:00,2011-07-14 17:11:00,3,2103.06,149,2,3,5,10,At risk
15058,2011-01-31 15:35:00,2011-11-14 14:57:00,11,2102.54,26,4,5,5,14,Champions
15815,2011-03-25 08:43:00,2011-10-07 12:42:00,5,2100.6,64,3,4,5,12,Loyal
13126,2010-12-08 11:42:00,2011-12-05 10:00:00,8,2099.64,5,5,5,5,15,Champions
12610,2011-08-05 13:52:00,2011-11-17 09:34:00,5,2099.54,23,4,4,5,13,Champions
17861,2011-01-24 11:34:00,2011-12-06 16:21:00,8,2097.88,4,5,5,5,15,Champions
17400,2010-12-21 17:16:00,2011-08-05 15:38:00,5,2097.84,127,2,4,5,11,Loyal
16875,2011-01-04 10:37:00,2011-10-03 13:39:00,5,2095.53,68,3,4,5,12,Loyal
17191,2010-12-06 14:36:00,2011-11-11 16:58:00,7,2093.68,29,4,5,5,14,Champions
14306,2011-09-15 10:31:00,2011-10-19 13:23:00,2,2093.32,52,3,3,5,11,Other
13265,2011-03-11 09:54:00,2011-10-17 15:02:00,5,2092.66,54,3,4,5,12,Loyal
17490,2011-06-16 09:15:00,2011-12-09 09:08:00,7,2092.32,1,5,5,5,15,Champions
13297,2011-10-03 15:08:00,2011-12-02 09:32:00,4,2089.85,8,5,4,5,14,Champions
13571,2011-03-31 12:43:00,2011-11-27 10:47:00,12,2088.94,13,5,5,5,15,Champions
18044,2010-12-14 12:25:00,2011-12-05 14:26:00,10,2088.6,5,5,5,5,15,Champions
14810,2010-12-05 12:08:00,2011-10-30 11:19:00,11,2085.33,41,3,5,5,13,Champions
16954,2010-12-15 10:41:00,2011-12-09 09:46:00,9,2085.08,1,5,5,5,15,Champions
17768,2011-06-26 13:46:00,2011-12-01 13:22:00,3,2081.9,9,5,4,5,14,Champions
16407,2011-01-31 14:02:00,2011-11-27 11:05:00,10,2079.68,13,5,5,5,15,Champions
14696,2010-12-01 15:37:00,2011-12-05 13:43:00,7,2078.95,5,5,5,5,15,Champions
14515,2011-05-05 12:13:00,2011-11-22 11:37:00,6,2076.89,18,4,5,5,14,Champions
14209,2011-01-11 12:56:00,2011-11-29 10:18:00,6,2073.43,11,5,5,5,15,Champions
18241,2011-05-06 09:22:00,2011-11-30 12:10:00,17,2073.09,10,5,5,5,15,Champions
18231,2011-02-24 09:08:00,2011-05-31 14:18:00,5,2071.77,193,1,4,5,10,Loyal
18219,2010-12-06 10:05:00,2011-12-07 11:43:00,10,2069.77,3,5,5,5,15,Champions
12948,2011-03-20 10:17:00,2011-11-23 17:10:00,7,2064.95,17,4,5,5,14,Champions
12928,2010-12-15 15:45:00,2011-11-04 14:24:00,5,2062.7000000000003,36,3,4,5,12,Loyal
16281,2011-09-28 14:57:00,2011-09-28 14:57:00,1,2062.06,73,2,2,5,9,Other
14409,2010-12-06 15:03:00,2011-09-29 18:18:00,6,2059.4500000000003,72,3,5,5,13,Champions
12518,2011-08-21 13:18:00,2011-12-09 10:13:00,5,2056.89,1,5,4,5,14,Champions
17667,2011-02-14 09:24:00,2011-10-04 14:32:00,5,2055.51,67,3,4,5,12,Loyal
14188,2011-02-02 13:46:00,2011-11-09 12:45:00,6,2054.36,31,4,5,4,13,Champions
16150,2010-12-02 18:27:00,2011-10-28 12:39:00,5,2053.02,43,3,4,4,11,Loyal
17086,2011-10-07 11:22:00,2011-12-02 13:54:00,6,2050.08,8,5,5,4,14,Champions
17612,2011-02-15 10:40:00,2011-10-17 14:59:00,6,2048.45,54,3,5,4,12,Loyal
14232,2011-03-20 12:44:00,2011-10-28 11:09:00,5,2048.07,43,3,4,4,11,Loyal
18283,2011-01-06 14:14:00,2011-12-06 12:02:00,16,2045.53,4,5,5,4,14,Champions
13495,2010-12-06 15:14:00,2011-12-02 11:21:00,5,2044.8700000000001,8,5,4,4,13,Champions
17597,2011-05-10 11:54:00,2011-05-10 11:54:00,1,2044.3700000000001,214,1,2,4,7,Other
13450,2011-05-05 19:48:00,2011-11-13 11:54:00,6,2043.7199999999998,27,4,5,4,13,Champions
14001,2010-12-01 12:58:00,2011-10-25 10:31:00,3,2043.0800000000002,46,3,3,4,10,Other
12585,2010-12-23 12:58:00,2011-04-19 13:39:00,2,2040.1,235,1,2,4,7,Other
17846,2011-09-15 15:20:00,2011-09-15 15:20:00,1,2033.1,86,2,2,4,8,Other
13630,2011-02-27 12:49:00,2011-12-04 15:16:00,7,2031.78,6,5,5,4,14,Champions
16358,2011-06-08 15:05:00,2011-12-08 15:09:00,4,2027.5,2,5,4,4,13,Champions
16409,2011-01-26 14:51:00,2011-11-03 16:45:00,5,2022.98,37,3,4,4,11,Loyal
14482,2011-04-14 16:41:00,2011-11-21 13:14:00,6,2022.81,19,4,5,4,13,Champions
15341,2011-09-20 09:40:00,2011-09-20 09:40:00,1,2020.52,81,2,1,4,7,Other
17625,2011-03-27 12:21:00,2011-11-21 13:36:00,4,2020.4,19,4,4,4,12,Loyal
13593,2011-01-07 16:32:00,2011-08-23 13:35:00,5,2011.88,109,2,4,4,10,Loyal
18069,2011-01-16 15:50:00,2011-11-13 16:03:00,5,2009.24,27,4,4,4,12,Loyal
15372,2011-07-25 16:39:00,2011-07-25 16:39:00,1,2007.3999999999999,138,2,1,4,7,Other
16098,2010-12-01 09:45:00,2011-09-13 09:59:00,7,2005.63,88,2,5,4,11,Loyal
14217,2010-12-08 13:28:00,2011-12-08 11:53:00,17,2004.98,2,5,5,4,14,Champions
14544,2010-12-13 12:50:00,2011-11-15 15:06:00,2,2004.3,25,4,3,4,11,Other
17082,2011-01-25 14:36:00,2011-11-06 15:17:00,2,2003.85,34,3,3,4,10,Other
16754,2010-12-02 17:38:00,2010-12-02 17:38:00,1,2002.4,373,1,2,4,7,Other
18188,2011-02-22 14:43:00,2011-11-24 16:46:00,3,2001.04,16,4,4,4,12,Loyal
13305,2010-12-02 12:10:00,2011-12-05 15:15:00,10,2000.86,5,5,5,4,14,Champions
16698,2011-03-31 13:33:00,2011-04-27 10:52:00,2,1998.0,227,1,3,4,8,At risk
17679,2011-09-15 10:35:00,2011-10-18 07:43:00,2,1992.1100000000001,53,3,3,4,10,Other
17088,2011-03-31 09:48:00,2011-11-11 14:23:00,4,1991.01,29,4,4,4,12,Loyal
17827,2010-12-10 10:18:00,2011-12-04 15:00:00,5,1987.33,6,5,4,4,13,Champions
13590,2011-02-09 13:25:00,2011-11-28 12:54:00,6,1981.92,12,5,5,4,14,Champions
17337,2011-02-02 17:06:00,2011-07-11 14:55:00,4,1981.06,152,2,4,4,10,Loyal
14462,2011-01-04 12:45:00,2011-10-04 15:55:00,11,1980.57,67,3,5,4,12,Loyal
13725,2011-02-04 12:18:00,2011-10-21 10:03:00,8,1980.56,50,3,5,4,12,Loyal
17422,2011-02-16 14:44:00,2011-11-23 13:27:00,6,1979.37,17,4,5,4,13,Champions
18204,2011-05-31 15:26:00,2011-09-29 16:44:00,3,1975.35,72,3,4,4,11,Loyal
17090,2010-12-20 13:52:00,2011-12-05 13:44:00,7,1974.65,5,5,5,4,14,Champions
15531,2011-11-09 17:47:00,2011-12-01 18:43:00,2,1972.39,9,5,3,4,12,Other
16341,2011-05-22 13:20:00,2011-11-15 09:12:00,4,1971.87,25,4,4,4,12,Loyal
12674,2011-05-16 09:10:00,2011-11-01 12:12:00,4,1970.6,39,3,4,4,11,Loyal
17790,2010-12-10 10:47:00,2011-11-13 11:30:00,14,1964.3,27,4,5,4,13,Champions
17997,2011-06-28 17:28:00,2011-09-26 16:13:00,8,1962.46,75,2,5,4,11,Loyal
13246,2011-01-13 13:36:00,2011-11-21 16:50:00,6,1961.52,19,4,5,4,13,Champions
14506,2010-12-05 14:25:00,2011-11-22 13:02:00,5,1960.65,18,4,4,4,12,Loyal
14498,2010-12-13 11:29:00,2011-10-28 12:09:00,5,1957.32,43,3,4,4,11,Loyal
12853,2011-01-28 10:28:00,2011-07-28 11:29:00,6,1957.1000000000001,135,2,5,4,11,Loyal
15493,2011-03-14 11:44:00,2011-11-07 12:04:00,5,1953.41,33,4,4,4,12,Loyal
17554,2011-07-14 20:01:00,2011-12-08 14:15:00,5,1952.45,2,5,4,4,13,Champions
17218,2010-12-06 15:25:00,2011-12-05 13:52:00,10,1951.97,5,5,5,4,14,Champions
14533,2010-12-22 11:07:00,2011-11-15 12:05:00,7,1949.72,25,4,5,4,13,Champions
15814,2011-10-20 09:04:00,2011-11-23 08:17:00,4,1945.33,17,4,4,4,12,Loyal
14418,2011-08-23 17:18:00,2011-12-06 11:39:00,3,1937.25,4,5,3,4,12,Other
15864,2011-01-27 16:43:00,2011-11-17 13:32:00,6,1936.3200000000002,23,4,5,4,13,Champions
15157,2010-12-16 13:44:00,2011-12-06 11:28:00,3,1936.07,4,5,3,4,12,Other
15351,2010-12-05 11:49:00,2011-11-27 12:52:00,7,1934.66,13,5,5,4,14,Champions
12528,2011-01-31 09:05:00,2011-11-30 14:40:00,6,1933.48,10,5,5,4,14,Champions
14655,2011-05-01 14:59:00,2011-12-01 16:28:00,4,1932.23,9,5,4,4,13,Champions
13094,2010-12-06 10:34:00,2011-11-18 14:07:00,12,1927.3200000000002,22,4,5,4,13,Champions
14653,2011-01-05 13:40:00,2011-12-08 13:45:00,7,1926.65,2,5,5,4,14,Champions
15518,2011-01-11 12:55:00,2011-10-06 13:05:00,8,1921.55,65,3,5,4,12,Loyal
14978,2011-01-13 12:03:00,2011-09-28 13:07:00,5,1921.3700000000001,73,2,4,4,10,Loyal
14285,2011-06-16 12:36:00,2011-11-18 14:50:00,4,1910.01,22,4,4,4,12,Loyal
17228,2010-12-02 16:00:00,2011-11-24 10:24:00,8,1906.09,16,4,5,4,13,Champions
16983,2010-12-05 12:34:00,2011-11-27 12:10:00,7,1905.87,13,5,5,4,14,Champions
14210,2010-12-03 12:43:00,2011-08-26 12:36:00,6,1905.8400000000001,106,2,5,4,11,Loyal
15819,2011-03-08 09:45:00,2011-10-21 14:50:00,4,1905.45,50,3,4,4,11,Loyal
16942,2011-04-26 11:59:00,2011-11-27 12:40:00,9,1904.99,13,5,5,4,14,Champions
14250,2011-09-11 13:44:00,2011-12-02 14:30:00,3,1904.05,8,5,3,4,12,Other
12762,2011-11-14 14:23:00,2011-12-02 10:23:00,2,1898.52,8,5,2,4,11,Promising
14730,2011-03-08 12:49:00,2011-12-08 14:39:00,8,1897.57,2,5,5,4,14,Champions
14934,2011-03-02 11:48:00,2011-09-19 10:10:00,2,1890.94,82,2,3,4,9,At risk
12371,2011-10-11 10:43:00,2011-10-26 10:16:00,2,1887.96,45,3,2,4,9,Other
15641,2010-12-15 14:45:00,2011-08-26 14:04:00,4,1887.2,106,2,4,4,10,Loyal
16170,2011-04-05 13:42:00,2011-10-20 08:21:00,6,1885.05,51,3,5,4,12,Loyal
13890,2010-12-16 09:31:00,2011-12-08 15:36:00,10,1883.8100000000002,2,5,5,4,14,Champions
16128,2011-03-02 12:21:00,2011-11-22 11:14:00,5,1880.22,18,4,4,4,12,Loyal
17738,2011-03-02 16:26:00,2011-11-20 15:05:00,4,1879.05,20,4,4,4,12,Loyal
17368,2011-01-06 11:57:00,2011-11-16 15:26:00,8,1878.87,24,4,5,4,13,Champions
15367,2011-03-09 13:53:00,2011-10-13 14:13:00,4,1877.59,58,3,4,4,11,Loyal
17463,2011-01-30 15:48:00,2011-11-23 13:40:00,5,1875.86,17,4,4,4,12,Loyal
16986,2011-11-09 15:52:00,2011-11-10 11:55:00,2,1873.2,30,4,3,4,11,Other
13982,2010-12-09 13:57:00,2011-10-31 16:24:00,4,1871.81,40,3,4,4,11,Loyal
15021,2010-12-08 12:17:00,2011-12-01 11:53:00,9,1871.77,9,5,5,4,14,Champions
17469,2011-05-19 08:55:00,2011-11-23 13:15:00,5,1870.97,17,4,4,4,12,Loyal
16841,2011-02-25 12:40:00,2011-11-03 11:51:00,6,1869.82,37,3,5,4,12,Loyal
17870,2010-12-08 08:12:00,2011-12-07 15:07:00,12,1865.89,3,5,5,4,14,Champions
16426,2011-03-08 15:45:00,2011-12-07 14:01:00,10,1863.76,3,5,5,4,14,Champions
16201,2011-08-22 10:47:00,2011-12-06 16:02:00,4,1863.47,4,5,4,4,13,Champions
14887,2011-09-21 15:32:00,2011-09-21 15:32:00,1,1862.0,80,2,1,4,7,Other
12423,2010-12-21 10:54:00,2011-12-09 10:10:00,8,1859.31,1,5,5,4,14,Champions
14305,2011-07-27 14:14:00,2011-09-29 15:29:00,3,1858.96,72,3,3,4,10,Other
12963,2010-12-09 09:14:00,2011-12-01 12:55:00,8,1856.63,9,5,5,4,14,Champions
17293,2010-12-13 14:55:00,2011-12-01 14:37:00,9,1854.06,9,5,5,4,14,Champions
14472,2010-12-19 14:03:00,2011-08-28 11:01:00,8,1852.67,104,2,5,4,11,Loyal
16979,2011-02-15 09:20:00,2011-12-06 12:21:00,6,1852.0,4,5,5,4,14,Champions
12383,2010-12-22 14:28:00,2011-06-08 08:02:00,5,1850.56,185,1,4,4,9,Loyal
17873,2010-12-01 14:54:00,2011-09-20 16:41:00,5,1848.96,81,2,4,4,10,Loyal
12381,2011-08-12 09:57:00,2011-12-05 12:44:00,5,1845.31,5,5,4,4,13,Champions
17519,2010-12-06 15:18:00,2011-11-22 16:43:00,6,1844.02,18,4,5,4,13,Champions
14524,2010-12-14 11:01:00,2011-11-08 12:29:00,9,1843.83,32,4,5,4,13,Champions
18180,2011-07-20 08:59:00,2011-12-05 08:39:00,6,1843.75,5,5,5,4,14,Champions
12950,2011-11-15 13:48:00,2011-12-07 13:17:00,3,1843.0,3,5,3,4,12,Other
16102,2011-08-03 12:50:00,2011-10-28 13:19:00,3,1842.14,43,3,4,4,11,Loyal
16455,2010-12-03 16:44:00,2011-10-07 12:17:00,7,1841.18,64,3,5,4,12,Loyal
14113,2010-12-20 12:14:00,2011-12-06 12:18:00,4,1840.42,4,5,4,4,13,Champions
14216,2011-11-02 10:51:00,2011-12-06 14:56:00,4,1839.3,4,5,4,4,13,Champions
13924,2011-09-28 15:07:00,2011-12-08 09:39:00,6,1838.8500000000001,2,5,5,4,14,Champions
17015,2011-06-07 13:19:00,2011-11-11 10:45:00,3,1838.6100000000001,29,4,4,4,12,Loyal
14459,2011-07-07 13:35:00,2011-07-07 13:35:00,1,1837.92,156,2,1,4,7,Other
18287,2011-05-22 10:39:00,2011-10-28 09:29:00,3,1837.28,43,3,4,4,11,Loyal
13650,2011-03-17 12:37:00,2011-11-23 12:22:00,6,1836.34,17,4,5,4,13,Champions
15827,2010-12-02 13:06:00,2011-09-27 15:35:00,14,1836.0900000000001,74,2,5,4,11,Loyal
14665,2011-02-02 09:08:00,2011-10-10 09:14:00,5,1835.7,61,3,4,4,11,Loyal
13421,2011-02-22 15:46:00,2011-10-30 14:21:00,2,1833.71,41,3,2,4,9,Other
16152,2011-03-16 09:47:00,2011-03-16 09:47:00,1,1829.04,269,1,2,4,7,Other
15203,2011-02-01 12:29:00,2011-11-14 08:16:00,6,1827.8,26,4,5,4,13,Champions
17702,2011-05-17 16:23:00,2011-11-09 16:03:00,4,1824.37,31,4,4,4,12,Loyal
16153,2010-12-20 09:22:00,2011-10-21 10:50:00,5,1824.23,50,3,4,4,11,Loyal
17705,2011-02-11 10:57:00,2011-12-06 13:45:00,9,1823.52,4,5,5,4,14,Champions
16169,2011-09-25 11:33:00,2011-12-01 15:28:00,4,1822.97,9,5,4,4,13,Champions
17828,2011-06-08 08:31:00,2011-11-17 08:41:00,4,1820.09,23,4,4,4,12,Loyal
13048,2011-01-16 14:36:00,2011-11-25 13:23:00,4,1819.41,15,4,4,4,12,Loyal
17787,2010-12-03 13:43:00,2011-07-10 11:24:00,4,1817.54,153,2,4,4,10,Loyal
17629,2010-12-15 09:58:00,2011-12-04 10:56:00,8,1814.12,6,5,5,4,14,Champions
15260,2010-12-02 12:09:00,2011-08-31 13:55:00,7,1810.77,101,2,5,4,11,Loyal
16474,2011-07-17 14:51:00,2011-12-02 13:02:00,7,1810.65,8,5,5,4,14,Champions
13481,2011-03-28 09:07:00,2011-10-25 09:07:00,5,1804.56,46,3,4,4,11,Loyal
17663,2011-02-25 14:11:00,2011-11-14 08:56:00,7,1802.91,26,4,5,4,13,Champions
15812,2011-01-26 12:12:00,2011-08-24 14:19:00,5,1801.14,108,2,4,4,10,Loyal
16249,2011-04-14 13:50:00,2011-10-18 10:07:00,5,1800.07,53,3,4,4,11,Loyal
13562,2011-04-08 12:42:00,2011-09-19 10:51:00,3,1799.33,82,2,3,4,9,At risk
13196,2011-03-22 14:24:00,2011-11-28 13:54:00,4,1797.78,12,5,4,4,13,Champions
17648,2011-04-04 10:29:00,2011-10-10 09:41:00,4,1797.5,61,3,4,4,11,Loyal
12348,2010-12-16 19:09:00,2011-09-25 13:13:00,4,1797.24,76,2,4,4,10,Loyal
18235,2011-05-06 13:35:00,2011-09-29 08:27:00,3,1796.48,72,3,4,4,11,Loyal
13134,2011-04-13 12:57:00,2011-09-15 10:35:00,4,1793.58,86,2,4,4,10,Loyal
18179,2011-01-07 14:22:00,2011-11-30 16:23:00,6,1793.17,10,5,5,4,14,Champions
18122,2011-07-12 11:37:00,2011-12-01 13:08:00,6,1793.06,9,5,5,4,14,Champions
13510,2011-06-09 09:32:00,2011-12-08 13:46:00,4,1791.56,2,5,4,4,13,Champions
12523,2011-01-12 09:43:00,2011-11-20 12:55:00,11,1789.77,20,4,5,4,13,Champions
14215,2010-12-06 15:34:00,2011-11-28 12:19:00,6,1789.72,12,5,5,4,14,Champions
14621,2010-12-16 13:00:00,2011-12-08 16:22:00,5,1788.3600000000001,2,5,4,4,13,Champions
13875,2011-02-11 15:39:00,2011-10-17 09:36:00,5,1786.79,54,3,4,4,11,Loyal
14608,2010-12-12 14:49:00,2011-12-05 16:52:00,4,1785.15,5,5,4,4,13,Champions
14935,2011-02-15 14:44:00,2011-02-15 14:44:00,1,1784.71,298,1,1,4,6,Other
15220,2011-03-04 10:24:00,2011-10-19 12:39:00,6,1778.96,52,3,5,4,12,Loyal
12645,2011-01-27 13:08:00,2011-11-06 12:38:00,4,1775.18,34,3,4,4,11,Loyal
17092,2011-03-07 14:51:00,2011-10-20 19:51:00,4,1774.03,51,3,4,4,11,Loyal
15594,2011-04-19 10:08:00,2011-11-24 08:53:00,5,1771.78,16,4,4,4,12,Loyal
15473,2011-10-10 11:12:00,2011-11-25 15:15:00,7,1771.2,15,4,5,4,13,Champions
16681,2011-03-31 13:46:00,2011-09-28 11:11:00,6,1770.34,73,2,5,4,11,Loyal
16719,2010-12-06 12:06:00,2011-11-25 09:27:00,7,1770.22,15,4,5,4,13,Champions
13456,2011-05-16 15:34:00,2011-11-22 09:18:00,6,1766.72,18,4,5,4,13,Champions
16751,2011-11-09 10:48:00,2011-11-09 10:48:00,1,1764.72,31,4,2,4,10,Promising
12424,2011-06-30 12:06:00,2011-06-30 12:06:00,2,1760.96,163,2,2,4,8,Other
12823,2011-02-16 12:15:00,2011-09-26 07:35:00,5,1759.5,75,2,4,4,10,Loyal
12349,2011-11-21 09:51:00,2011-11-21 09:51:00,1,1757.55,19,4,1,4,9,Promising
15241,2011-03-01 11:02:00,2011-10-04 09:05:00,8,1756.44,67,3,5,4,12,Loyal
16359,2011-01-12 10:49:00,2011-12-02 17:04:00,9,1750.92,8,5,5,4,14,Champions
13808,2011-09-04 12:07:00,2011-12-04 12:18:00,5,1747.66,6,5,4,4,13,Champions
15067,2011-03-02 12:10:00,2011-09-22 13:20:00,3,1744.76,79,2,3,4,9,At risk
15950,2010-12-15 11:56:00,2011-11-08 11:09:00,4,1744.71,32,4,4,4,12,Loyal
16380,2011-10-09 15:40:00,2011-10-09 15:40:00,1,1743.1499999999999,62,3,2,4,9,Other
13157,2011-02-14 14:03:00,2011-10-21 13:50:00,4,1741.22,50,3,4,4,11,Loyal
14595,2011-01-30 13:36:00,2011-11-20 12:12:00,6,1740.6,20,4,5,4,13,Champions
17930,2011-04-14 15:46:00,2011-11-04 10:23:00,5,1740.48,36,3,4,4,11,Loyal
17353,2011-07-08 16:17:00,2011-08-02 17:19:00,2,1740.0,130,2,3,4,9,At risk
17457,2011-01-04 14:33:00,2011-08-05 12:48:00,5,1737.7,127,2,4,4,10,Loyal
15050,2011-09-29 13:22:00,2011-11-14 16:17:00,3,1737.69,26,4,3,4,11,Other
14673,2010-12-07 12:49:00,2011-12-06 14:31:00,5,1736.4,4,5,4,4,13,Champions
17043,2011-03-18 14:53:00,2011-11-07 15:33:00,4,1735.18,33,4,4,4,12,Loyal
14387,2011-08-22 14:13:00,2011-11-07 12:29:00,3,1727.6,33,3,3,4,10,Other
13564,2010-12-06 17:26:00,2011-07-18 14:33:00,3,1724.67,145,2,3,4,9,At risk
17451,2011-08-26 11:54:00,2011-12-08 15:02:00,7,1721.4,2,5,5,4,14,Champions
14834,2011-04-13 15:00:00,2011-11-22 10:30:00,6,1720.3,18,4,5,4,13,Champions
15267,2011-06-10 10:24:00,2011-11-17 15:59:00,5,1717.36,23,4,4,4,12,Loyal
17162,2011-02-07 12:27:00,2011-11-11 11:34:00,10,1715.46,29,4,5,4,13,Champions
13763,2011-10-07 15:13:00,2011-10-07 15:13:00,1,1714.96,64,3,1,4,8,Other
17147,2011-02-01 09:36:00,2011-11-17 12:32:00,4,1714.59,23,4,4,4,12,Loyal
14441,2011-03-29 12:01:00,2011-12-09 09:07:00,4,1712.89,1,5,4,4,13,Champions
17750,2011-06-28 15:44:00,2011-12-04 14:09:00,9,1710.45,6,5,5,4,14,Champions
12405,2011-07-14 08:52:00,2011-07-14 08:52:00,1,1710.39,149,2,1,4,7,Other
15947,2011-09-18 10:46:00,2011-09-18 10:46:00,1,1708.24,83,2,2,4,8,Other
12407,2011-03-20 13:21:00,2011-10-21 10:11:00,5,1708.1200000000001,50,3,4,4,11,Loyal
16902,2011-08-15 14:17:00,2011-08-15 14:17:00,1,1706.88,117,2,2,4,8,Other
15240,2011-02-01 08:23:00,2011-10-26 09:50:00,5,1706.57,45,3,4,4,11,Loyal
16398,2011-03-31 09:38:00,2011-07-08 15:16:00,2,1705.8,155,2,3,4,9,At risk
16791,2011-01-11 15:42:00,2011-11-10 19:12:00,7,1705.78,30,4,5,4,13,Champions
12843,2011-03-20 14:38:00,2011-10-05 12:09:00,8,1702.26,66,3,5,4,12,Loyal
17193,2011-06-16 10:04:00,2011-11-04 12:47:00,7,1699.3000000000002,36,3,5,4,12,Loyal
13824,2011-02-02 13:07:00,2011-11-07 12:41:00,5,1698.94,33,3,4,4,11,Loyal
17813,2011-09-29 15:57:00,2011-11-25 16:13:00,5,1698.07,15,4,4,4,12,Loyal
12764,2011-01-27 10:19:00,2011-01-27 10:19:00,1,1693.88,317,1,1,4,6,Other
16007,2011-05-08 13:32:00,2011-10-23 11:05:00,4,1693.81,48,3,4,4,11,Loyal
14245,2011-03-21 10:41:00,2011-05-04 08:40:00,2,1693.45,220,1,3,4,8,At risk
16671,2011-06-28 11:20:00,2011-11-11 13:40:00,3,1692.27,29,4,4,4,12,Loyal
16775,2010-12-07 15:15:00,2011-11-29 15:22:00,11,1691.51,11,5,5,4,14,Champions
15380,2010-12-09 15:01:00,2011-12-01 12:13:00,5,1690.2600000000002,9,5,4,4,13,Champions
17152,2011-03-21 16:20:00,2011-05-29 12:19:00,3,1689.5,195,1,4,4,9,Loyal
12635,2011-07-08 08:43:00,2011-09-11 11:04:00,2,1689.18,90,2,2,4,8,Other
13162,2011-01-09 10:43:00,2011-08-09 15:59:00,4,1688.29,123,2,4,4,10,Loyal
13577,2011-04-12 10:33:00,2011-11-14 15:19:00,4,1687.6000000000001,26,4,4,4,12,Loyal
17282,2011-02-13 11:36:00,2011-08-01 14:29:00,3,1685.46,131,2,4,4,10,Loyal
15549,2011-01-27 15:38:00,2011-09-23 16:22:00,3,1681.46,78,2,3,4,9,At risk
16638,2010-12-06 10:19:00,2011-11-17 11:09:00,10,1680.72,23,4,5,4,13,Champions
13149,2011-02-23 13:57:00,2011-11-25 13:09:00,4,1676.06,15,4,4,4,12,Loyal
17656,2011-08-03 10:45:00,2011-09-27 13:04:00,5,1674.69,74,2,4,4,10,Loyal
13184,2011-02-22 17:25:00,2011-11-25 12:02:00,10,1668.95,15,4,5,4,13,Champions
17754,2011-03-24 13:54:00,2011-12-09 11:20:00,5,1664.65,1,5,4,4,13,Champions
12912,2011-10-30 11:35:00,2011-12-07 08:55:00,5,1662.3,3,5,4,4,13,Champions
12530,2011-01-07 10:04:00,2011-10-11 12:34:00,4,1662.28,60,3,4,4,11,Loyal
15214,2011-04-11 09:46:00,2011-12-08 12:07:00,8,1661.44,2,5,5,4,14,Champions
15332,2010-12-05 12:00:00,2010-12-08 14:43:00,4,1661.06,367,1,4,4,9,Loyal
12967,2010-12-03 09:49:00,2010-12-16 19:10:00,2,1660.9,359,1,2,4,7,Other
16115,2011-02-20 12:14:00,2011-11-30 11:32:00,8,1660.8799999999999,10,5,5,4,14,Champions
14045,2010-12-01 11:32:00,2011-08-22 15:27:00,4,1659.75,110,2,4,4,10,Loyal
15953,2010-12-05 15:15:00,2011-11-24 15:32:00,8,1657.28,16,4,5,4,13,Champions
15826,2011-05-13 10:44:00,2011-10-14 16:05:00,3,1654.31,57,3,4,4,11,Loyal
16813,2011-05-19 13:28:00,2011-12-01 14:03:00,10,1652.18,9,5,5,4,14,Champions
16711,2010-12-17 12:43:00,2011-12-06 16:32:00,5,1651.03,4,5,4,4,13,Champions
14837,2011-05-22 12:49:00,2011-09-11 10:58:00,4,1649.5,90,2,4,4,10,Loyal
13647,2011-04-19 09:49:00,2011-11-30 12:00:00,4,1648.1200000000001,10,5,4,4,13,Champions
17284,2011-01-07 14:31:00,2011-10-10 14:38:00,6,1647.48,61,3,5,4,12,Loyal
13750,2011-01-07 11:49:00,2011-10-17 12:16:00,5,1647.26,54,3,4,4,11,Loyal
13012,2011-02-18 09:43:00,2011-11-30 13:05:00,8,1646.8400000000001,10,5,5,4,14,Champions
12657,2011-09-22 11:40:00,2011-11-28 15:47:00,4,1643.18,12,5,4,4,13,Champions
15002,2010-12-07 13:16:00,2011-08-16 10:44:00,4,1641.76,116,2,4,4,10,Loyal
14573,2010-12-02 19:59:00,2011-06-13 11:15:00,9,1639.82,180,1,5,4,10,Loyal
13627,2010-12-17 09:52:00,2011-10-11 14:20:00,5,1638.47,60,3,4,4,11,Loyal
15024,2010-12-07 13:20:00,2011-11-30 12:06:00,10,1636.43,10,5,5,4,14,Champions
12398,2011-10-25 10:27:00,2011-10-25 10:27:00,1,1635.6599999999999,46,3,1,4,8,Other
15122,2011-02-15 09:59:00,2011-08-17 16:48:00,3,1633.78,115,2,3,4,9,At risk
14164,2011-09-20 12:18:00,2011-09-30 12:24:00,2,1631.77,71,3,3,4,10,Other
12377,2010-12-20 09:37:00,2011-01-28 15:45:00,2,1628.12,316,1,2,4,7,Other
14759,2011-04-21 10:55:00,2011-12-05 12:03:00,3,1625.97,5,5,3,4,12,Other
13425,2011-02-18 08:34:00,2011-08-23 17:13:00,3,1624.21,109,2,3,4,9,At risk
16515,2011-02-01 13:09:00,2011-10-18 13:10:00,5,1624.14,53,3,4,4,11,Loyal
15172,2011-04-17 11:56:00,2011-12-01 11:51:00,5,1624.05,9,5,4,4,13,Champions
14937,2011-08-01 14:16:00,2011-10-14 12:29:00,3,1621.88,57,3,3,4,10,Other
17101,2011-06-14 14:49:00,2011-11-29 13:57:00,4,1621.73,11,5,4,4,13,Champions
18161,2011-01-24 11:56:00,2011-11-24 16:40:00,5,1618.69,16,4,4,4,12,Loyal
16987,2011-05-18 15:55:00,2011-12-06 17:26:00,7,1616.8,4,5,5,4,14,Champions
14336,2011-03-08 16:48:00,2011-11-23 11:40:00,4,1614.91,17,4,4,4,12,Loyal
16992,2011-02-28 10:37:00,2011-11-29 11:50:00,5,1614.31,11,5,4,4,13,Champions
15791,2011-05-19 15:15:00,2011-10-27 10:14:00,2,1612.69,44,3,3,4,10,Other
14312,2011-01-06 16:35:00,2011-10-24 09:46:00,6,1611.59,47,3,5,4,12,Loyal
14918,2011-07-08 12:50:00,2011-08-16 11:50:00,2,1610.15,116,2,3,4,9,At risk
12868,2010-12-01 12:50:00,2011-06-07 10:42:00,6,1607.0600000000002,186,1,5,4,10,Loyal
16817,2010-12-06 14:19:00,2011-12-07 11:03:00,9,1604.75,3,5,5,4,14,Champions
12947,2010-12-01 16:21:00,2011-07-19 10:06:00,6,1603.99,144,2,5,4,11,Loyal
15660,2010-12-09 09:49:00,2011-11-14 16:58:00,9,1600.86,26,4,5,4,13,Champions
14178,2011-06-10 12:51:00,2011-12-01 12:01:00,7,1600.26,9,5,5,4,14,Champions
16496,2011-01-27 09:42:00,2011-12-01 10:31:00,3,1599.52,9,5,4,4,13,Champions
16466,2011-02-20 11:39:00,2011-11-06 11:35:00,7,1595.96,34,3,5,4,12,Loyal
13850,2011-08-02 14:04:00,2011-08-02 14:04:00,1,1595.48,130,2,1,4,7,Other
17673,2011-01-23 15:16:00,2011-12-08 12:50:00,6,1594.97,2,5,5,4,14,Champions
16801,2011-03-11 13:56:00,2011-06-29 15:33:00,4,1594.23,164,2,4,4,10,Loyal
16676,2011-01-06 13:00:00,2011-11-06 12:01:00,4,1592.1200000000001,34,3,4,4,11,Loyal
14970,2011-01-27 12:23:00,2011-10-02 13:44:00,4,1592.06,69,3,4,4,11,Loyal
15611,2011-01-09 11:32:00,2011-11-30 12:36:00,13,1591.45,10,5,5,4,14,Champions
18178,2010-12-10 12:42:00,2011-08-03 09:30:00,4,1590.81,129,2,4,4,10,Loyal
14442,2011-01-27 09:33:00,2011-05-19 11:36:00,2,1589.82,205,1,3,4,8,At risk
13614,2011-01-13 12:37:00,2011-11-15 14:47:00,4,1585.46,25,4,4,4,12,Loyal
16332,2011-02-07 14:16:00,2011-11-11 14:22:00,7,1582.8,29,4,5,4,13,Champions
12393,2011-01-11 09:47:00,2011-09-28 15:41:00,4,1582.6000000000001,73,2,4,4,10,Loyal
14719,2011-04-04 14:17:00,2011-12-08 12:43:00,5,1581.84,2,5,4,4,13,Champions
14587,2011-01-12 13:16:00,2011-11-21 11:34:00,9,1580.29,19,4,5,4,13,Champions
12607,2011-10-10 16:06:00,2011-10-10 16:06:00,1,1579.51,61,3,1,4,8,Other
13814,2011-07-25 13:54:00,2011-09-08 13:48:00,2,1579.12,93,2,2,4,8,Other
16889,2011-01-07 10:47:00,2011-05-29 11:05:00,3,1578.67,195,1,4,4,9,Loyal
13186,2011-08-03 09:09:00,2011-10-31 11:40:00,3,1575.89,40,3,3,4,10,Other
17671,2010-12-09 14:27:00,2011-11-24 12:21:00,4,1572.71,16,4,4,4,12,Loyal
16283,2011-05-15 13:37:00,2011-12-04 12:08:00,5,1570.81,6,5,4,4,13,Champions
12865,2011-08-08 10:11:00,2011-11-13 14:31:00,2,1568.23,27,4,2,4,10,Promising
15906,2011-03-29 13:28:00,2011-11-20 12:24:00,7,1567.69,20,4,5,4,13,Champions
15111,2010-12-02 11:45:00,2011-11-10 16:58:00,3,1567.48,30,4,3,4,11,Other
15532,2010-12-16 16:45:00,2011-11-14 14:51:00,4,1564.73,26,4,4,4,12,Loyal
17204,2011-03-21 12:42:00,2011-06-17 14:46:00,4,1564.56,176,2,4,4,10,Loyal
13659,2011-01-23 12:08:00,2011-05-18 12:37:00,2,1563.0,206,1,2,4,7,Other
17085,2010-12-12 12:24:00,2011-08-08 14:15:00,5,1562.4,124,2,4,4,10,Loyal
18239,2010-12-02 17:48:00,2011-05-05 12:38:00,5,1561.6100000000001,219,1,4,4,9,Loyal
14038,2011-05-16 14:05:00,2011-09-22 13:37:00,3,1560.38,79,2,3,4,9,At risk
16394,2011-02-23 10:58:00,2011-10-14 09:48:00,5,1555.34,57,3,4,4,11,Loyal
13313,2011-01-04 10:00:00,2011-11-17 16:48:00,5,1555.32,23,4,4,4,12,Loyal
15620,2010-12-16 14:34:00,2011-10-14 12:41:00,3,1553.18,57,3,3,4,10,Other
15117,2011-05-08 12:38:00,2011-11-25 08:12:00,5,1551.78,15,4,4,4,12,Loyal
13634,2011-01-16 15:30:00,2011-11-06 13:40:00,5,1547.3600000000001,34,3,4,4,11,Loyal
14229,2011-01-10 12:03:00,2011-10-19 10:04:00,3,1547.2,52,3,3,4,10,Other
16790,2011-11-02 11:23:00,2011-12-06 11:53:00,6,1545.6200000000001,4,5,5,4,14,Champions
16369,2011-05-27 09:39:00,2011-11-21 16:25:00,3,1545.41,19,4,4,4,12,Loyal
13397,2011-01-04 13:50:00,2011-09-28 10:56:00,5,1544.13,73,2,4,4,10,Loyal
12818,2011-03-23 12:06:00,2011-03-23 12:06:00,1,1542.08,262,1,1,4,6,Other
17837,2011-06-29 16:44:00,2011-10-28 16:13:00,8,1541.23,43,3,5,4,12,Loyal
16365,2010-12-07 17:19:00,2011-11-22 11:24:00,9,1540.42,18,4,5,4,13,Champions
17159,2011-06-21 09:49:00,2011-11-18 10:52:00,3,1538.88,22,4,4,4,12,Loyal
13849,2011-06-22 10:11:00,2011-10-19 10:59:00,2,1537.95,52,3,2,4,9,Other
12877,2010-12-16 12:23:00,2011-12-06 10:30:00,12,1535.77,4,5,5,4,14,Champions
15392,2010-12-14 15:50:00,2011-12-05 11:01:00,4,1535.53,5,5,4,4,13,Champions
15625,2011-04-18 14:01:00,2011-08-28 10:21:00,4,1534.26,104,2,4,4,10,Loyal
13320,2011-05-10 10:29:00,2011-09-22 18:07:00,4,1532.2,79,2,4,4,10,Loyal
13107,2011-01-10 12:28:00,2011-10-26 14:52:00,4,1531.6200000000001,45,3,4,4,11,Loyal
12759,2011-03-09 08:09:00,2011-10-18 14:49:00,3,1531.44,53,3,3,4,10,Other
14321,2011-01-10 11:35:00,2011-11-29 09:47:00,5,1530.75,11,5,4,4,13,Champions
14567,2011-08-01 13:48:00,2011-10-14 10:21:00,2,1530.3600000000001,57,3,3,4,10,Other
15701,2011-08-21 12:36:00,2011-12-07 14:39:00,4,1529.0,3,5,4,4,13,Champions
16244,2010-12-02 11:41:00,2011-05-12 10:18:00,2,1522.75,212,1,3,4,8,At risk
16066,2011-08-07 14:33:00,2011-11-23 11:54:00,5,1521.04,17,4,4,4,12,Loyal
13213,2011-05-24 12:22:00,2011-10-14 11:42:00,5,1520.58,57,3,4,4,11,Loyal
13764,2011-01-06 14:53:00,2011-09-30 12:03:00,3,1519.42,71,3,3,4,10,Other
14267,2011-03-24 11:38:00,2011-06-30 10:09:00,3,1516.24,163,2,3,4,9,At risk
13791,2011-06-24 16:38:00,2011-08-04 11:44:00,2,1516.0,128,2,2,4,8,Other
16748,2011-01-09 13:50:00,2011-11-22 10:17:00,5,1515.9,18,4,4,4,12,Loyal
16053,2011-08-09 14:57:00,2011-11-07 11:21:00,2,1511.95,33,4,3,4,11,Other
16434,2011-02-13 12:17:00,2011-11-10 14:28:00,7,1511.8,30,4,5,4,13,Champions
16910,2011-09-09 14:14:00,2011-12-05 12:51:00,8,1508.96,5,5,5,4,14,Champions
15265,2011-04-18 12:16:00,2011-07-11 14:46:00,2,1506.1200000000001,152,2,3,4,9,At risk
12937,2011-03-17 14:19:00,2011-11-24 15:05:00,4,1504.27,16,4,4,4,12,Loyal
15916,2010-12-08 13:07:00,2011-11-23 13:46:00,8,1502.8600000000001,17,4,5,4,13,Champions
16279,2011-06-16 11:50:00,2011-11-18 15:00:00,3,1502.78,22,4,4,4,12,Loyal
13810,2011-10-14 12:57:00,2011-11-11 08:33:00,3,1499.01,29,4,3,4,11,Other
15530,2011-04-07 11:16:00,2011-11-18 12:25:00,4,1497.31,22,4,4,4,12,Loyal
14414,2010-12-16 11:11:00,2011-09-09 12:09:00,7,1496.98,92,2,5,4,11,Loyal
14704,2011-06-12 13:59:00,2011-11-28 12:51:00,9,1493.96,12,5,5,4,14,Champions
17002,2011-02-22 11:46:00,2011-09-15 12:40:00,3,1493.73,86,2,4,4,10,Loyal
16880,2011-06-03 16:45:00,2011-11-09 11:33:00,7,1491.43,31,4,5,4,13,Champions
15057,2011-01-28 09:09:00,2011-03-09 15:17:00,2,1489.5,276,1,3,4,8,At risk
13110,2011-02-01 15:24:00,2011-11-08 14:30:00,7,1488.67,32,4,5,4,13,Champions
13692,2011-04-17 12:57:00,2011-11-15 11:17:00,3,1488.32,25,4,3,4,11,Other
17553,2011-08-02 10:00:00,2011-08-02 10:00:00,1,1487.6,130,2,2,4,8,Other
14758,2011-03-25 12:10:00,2011-07-18 08:21:00,4,1484.06,145,2,4,4,10,Loyal
16395,2011-01-13 12:10:00,2011-10-10 12:50:00,5,1482.06,61,3,4,4,11,Loyal
18016,2010-12-10 17:14:00,2011-11-07 13:25:00,5,1477.66,33,4,4,4,12,Loyal
14878,2010-12-16 12:11:00,2011-11-27 11:15:00,9,1476.09,13,5,5,4,14,Champions
14403,2011-04-06 14:23:00,2011-08-01 12:57:00,4,1475.81,131,2,4,4,10,Loyal
16755,2011-01-28 10:47:00,2011-08-17 13:21:00,3,1475.43,115,2,4,4,10,Loyal
12826,2010-12-09 15:21:00,2011-12-07 10:25:00,7,1474.72,3,5,5,4,14,Champions
14246,2011-04-08 08:25:00,2011-08-21 11:50:00,3,1474.06,111,2,3,4,9,At risk
14963,2011-06-09 12:30:00,2011-11-30 12:16:00,5,1472.34,10,5,4,4,13,Champions
15128,2011-05-04 12:32:00,2011-10-10 13:54:00,4,1471.0,61,3,4,4,11,Loyal
17590,2011-10-30 14:05:00,2011-12-07 12:55:00,3,1468.02,3,5,4,4,13,Champions
16016,2010-12-08 12:36:00,2011-12-06 14:35:00,8,1465.51,4,5,5,4,14,Champions
14875,2011-03-22 11:53:00,2011-08-24 12:20:00,2,1465.3200000000002,108,2,3,4,9,At risk
15983,2010-12-01 12:15:00,2011-11-17 17:34:00,4,1465.12,23,4,4,4,12,Loyal
12882,2011-11-06 11:22:00,2011-11-30 16:18:00,2,1463.04,10,5,2,4,11,Promising
14233,2011-01-26 12:43:00,2011-10-21 15:54:00,4,1462.72,50,3,4,4,11,Loyal
17063,2011-02-23 13:44:00,2011-11-18 16:19:00,7,1461.14,22,4,5,4,13,Champions
16996,2010-12-21 13:22:00,2011-11-09 16:43:00,6,1456.96,31,4,5,4,13,Champions
13309,2011-02-04 12:29:00,2011-12-02 16:34:00,5,1456.79,8,5,4,4,13,Champions
13477,2011-02-21 12:29:00,2011-11-02 12:04:00,6,1454.58,38,3,5,4,12,Loyal
14541,2011-01-24 14:16:00,2011-10-12 10:08:00,8,1453.35,59,3,5,4,12,Loyal
16059,2010-12-07 10:36:00,2011-10-05 09:56:00,6,1453.16,66,3,5,4,12,Loyal
14404,2010-12-05 16:00:00,2011-11-06 12:30:00,6,1449.32,34,3,5,4,12,Loyal
14740,2011-03-01 08:35:00,2011-05-26 18:17:00,3,1448.21,198,1,3,4,8,At risk
17073,2011-08-22 14:37:00,2011-11-22 11:47:00,4,1446.09,18,4,4,4,12,Loyal
13717,2011-02-14 13:21:00,2011-11-07 14:13:00,6,1445.01,33,3,5,4,12,Loyal
13461,2011-06-29 10:23:00,2011-11-01 09:01:00,3,1445.0,39,3,3,4,10,Other
17175,2011-02-16 14:56:00,2011-10-26 15:31:00,4,1443.69,45,3,4,4,11,Loyal
14071,2011-03-20 11:33:00,2011-12-06 12:27:00,8,1437.57,4,5,5,4,14,Champions
15987,2010-12-06 08:34:00,2011-11-27 15:38:00,7,1432.77,13,5,5,4,14,Champions
14566,2011-08-21 11:05:00,2011-08-21 11:05:00,1,1432.0,111,2,1,4,7,Other
16503,2010-12-14 13:50:00,2011-08-25 11:46:00,4,1431.93,107,2,4,4,10,Loyal
13475,2011-02-14 12:36:00,2011-06-01 13:52:00,4,1431.78,192,1,4,4,9,Loyal
15427,2011-10-23 14:47:00,2011-11-06 14:29:00,3,1430.54,34,3,3,4,10,Other
16103,2011-04-20 12:28:00,2011-12-02 14:16:00,6,1429.64,8,5,5,4,14,Champions
13159,2011-08-16 11:44:00,2011-12-01 11:20:00,4,1429.35,9,5,4,4,13,Champions
14035,2011-02-15 12:48:00,2011-11-11 10:03:00,5,1428.02,29,4,4,4,12,Loyal
15858,2010-12-07 14:31:00,2011-11-24 12:48:00,5,1427.57,16,4,4,4,12,Loyal
15681,2011-03-04 13:46:00,2011-11-14 16:30:00,5,1426.16,26,4,4,4,12,Loyal
17571,2011-02-14 15:15:00,2011-10-20 15:57:00,4,1425.67,51,3,4,4,11,Loyal
15106,2011-03-15 12:52:00,2011-11-22 09:16:00,5,1422.52,18,4,4,4,12,Loyal
16463,2011-05-19 14:45:00,2011-11-18 14:01:00,4,1422.4,22,4,4,4,12,Loyal
16571,2011-03-03 09:41:00,2011-11-13 11:46:00,3,1421.69,27,4,4,4,12,Loyal
14019,2011-07-24 15:39:00,2011-10-24 10:13:00,3,1421.61,47,3,3,4,10,Other
14901,2010-12-02 11:20:00,2011-11-28 17:09:00,9,1421.29,12,5,5,4,14,Champions
14443,2010-12-06 11:03:00,2011-10-17 10:10:00,4,1420.2,54,3,4,4,11,Loyal
16173,2011-09-02 15:23:00,2011-11-24 10:53:00,6,1418.32,16,4,5,4,13,Champions
17856,2011-03-03 11:40:00,2011-12-08 09:40:00,4,1418.03,2,5,4,4,13,Champions
17288,2010-12-16 13:33:00,2011-11-30 16:09:00,7,1417.63,10,5,5,4,14,Champions
14748,2010-12-06 10:19:00,2011-11-10 18:33:00,5,1415.75,30,4,4,4,12,Loyal
16348,2011-04-13 15:49:00,2011-11-07 15:44:00,7,1415.65,33,4,5,4,13,Champions
16012,2011-07-07 18:02:00,2011-11-04 13:25:00,3,1415.29,36,3,4,4,11,Loyal
16245,2011-03-28 09:30:00,2011-11-16 10:14:00,3,1413.66,24,4,4,4,12,Loyal
15237,2011-04-26 15:04:00,2011-12-08 09:46:00,4,1412.32,2,5,4,4,13,Champions
15444,2011-10-30 16:12:00,2011-11-30 17:37:00,2,1411.21,10,5,3,4,12,Other
15596,2010-12-09 16:10:00,2011-08-31 10:55:00,5,1406.59,101,2,4,4,10,Loyal
17083,2011-02-09 11:38:00,2011-08-22 15:43:00,3,1405.78,110,2,4,4,10,Loyal
16271,2010-12-16 16:36:00,2011-12-07 12:45:00,5,1404.64,3,5,4,4,13,Champions
15426,2010-12-05 13:55:00,2011-11-20 15:36:00,5,1404.07,20,4,4,4,12,Loyal
18116,2010-12-10 12:14:00,2011-10-03 11:00:00,8,1403.1100000000001,68,3,5,4,12,Loyal
14649,2011-05-11 14:37:00,2011-12-05 12:30:00,4,1402.59,5,5,4,4,13,Champions
15563,2010-12-16 11:27:00,2011-11-17 14:50:00,4,1400.44,23,4,4,4,12,Loyal
14741,2010-12-02 08:43:00,2011-11-28 08:48:00,6,1400.34,12,5,5,4,14,Champions
15478,2011-10-14 11:09:00,2011-10-30 14:19:00,2,1399.92,41,3,3,4,10,Other
18202,2011-02-01 13:36:00,2011-05-24 12:12:00,3,1396.99,200,1,4,4,9,Loyal
13995,2011-04-08 08:20:00,2011-11-24 14:22:00,5,1393.69,16,4,4,4,12,Loyal
17354,2011-10-20 10:34:00,2011-10-20 10:34:00,1,1393.06,51,3,2,4,9,Other
15810,2011-02-16 09:11:00,2011-09-22 09:38:00,4,1391.98,79,2,4,4,10,Loyal
13414,2011-02-16 12:13:00,2011-07-29 11:45:00,3,1390.5,134,2,3,4,9,At risk
13516,2011-04-15 11:06:00,2011-11-18 13:15:00,3,1389.41,22,4,3,4,11,Other
16539,2010-12-01 15:40:00,2011-12-07 08:41:00,4,1388.81,3,5,4,4,13,Champions
15134,2011-04-13 11:05:00,2011-11-25 08:55:00,8,1387.99,15,4,5,4,13,Champions
12952,2011-09-22 16:37:00,2011-12-04 10:35:00,4,1387.79,6,5,4,4,13,Champions
12775,2011-02-01 13:45:00,2011-11-22 16:33:00,5,1386.04,18,4,4,4,12,Loyal
13308,2011-05-20 13:13:00,2011-11-17 09:31:00,3,1385.51,23,4,3,4,11,Other
18167,2011-08-26 11:40:00,2011-11-16 15:56:00,3,1384.8600000000001,24,4,4,4,12,Loyal
17311,2011-01-27 10:56:00,2011-09-22 14:11:00,2,1384.85,79,2,3,4,9,At risk
13572,2011-05-18 11:59:00,2011-05-18 11:59:00,1,1384.25,206,1,1,4,6,Other
15898,2010-12-06 11:01:00,2011-12-08 15:23:00,5,1383.83,2,5,4,4,13,Champions
15051,2011-07-12 15:29:00,2011-11-16 15:38:00,3,1383.3600000000001,24,4,3,4,11,Other
14116,2011-08-10 12:44:00,2011-11-20 10:29:00,5,1382.74,20,4,4,4,12,Loyal
16389,2011-03-01 15:47:00,2011-10-17 14:41:00,4,1382.07,54,3,4,4,11,Loyal
17621,2010-12-20 13:31:00,2011-11-18 17:11:00,3,1379.9,22,4,4,4,12,Loyal
12886,2011-05-04 11:21:00,2011-10-03 10:09:00,2,1378.4,68,3,2,4,9,Other
15569,2011-01-11 13:26:00,2011-08-28 10:15:00,5,1375.71,104,2,4,4,10,Loyal
14434,2011-09-28 15:31:00,2011-11-18 08:56:00,6,1372.8,22,4,5,4,13,Champions
15453,2011-06-05 12:37:00,2011-12-08 10:59:00,7,1371.77,2,5,5,4,14,Champions
17676,2010-12-08 13:49:00,2011-12-05 15:16:00,6,1371.18,5,5,5,4,14,Champions
15095,2011-05-20 14:27:00,2011-08-28 12:01:00,4,1370.6,104,2,4,4,10,Loyal
14507,2011-03-08 17:23:00,2011-11-16 12:21:00,6,1367.88,24,4,5,4,13,Champions
13813,2011-07-28 10:33:00,2011-10-31 10:38:00,4,1366.8600000000001,40,3,4,4,11,Loyal
14897,2011-02-16 08:37:00,2011-12-02 10:32:00,4,1366.38,8,5,4,4,13,Champions
13396,2011-01-24 13:37:00,2011-11-10 16:59:00,2,1360.99,30,4,2,4,10,Promising
16726,2010-12-13 13:28:00,2011-11-13 14:53:00,5,1358.74,27,4,4,4,12,Loyal
17054,2011-04-08 13:14:00,2011-11-11 12:56:00,5,1356.33,29,4,4,4,12,Loyal
14859,2011-05-19 14:42:00,2011-11-27 11:18:00,4,1353.74,13,5,4,4,13,Champions
15116,2011-05-19 08:50:00,2011-11-22 12:25:00,4,1352.75,18,4,4,4,12,Loyal
16079,2011-10-30 13:06:00,2011-11-23 12:48:00,3,1352.0,17,4,4,4,12,Loyal
16493,2011-01-14 08:16:00,2011-09-21 11:10:00,4,1351.63,80,2,4,4,10,Loyal
12770,2011-05-13 09:33:00,2011-05-13 09:33:00,1,1351.45,211,1,1,4,6,Other
15411,2011-06-10 12:30:00,2011-11-13 15:19:00,4,1348.93,27,4,4,4,12,Loyal
16669,2011-09-22 14:13:00,2011-11-16 12:26:00,3,1348.88,24,4,4,4,12,Loyal
12646,2011-10-21 12:52:00,2011-12-05 10:14:00,2,1346.97,5,5,2,4,11,Promising
14154,2011-04-14 15:58:00,2011-04-14 16:26:00,2,1345.62,240,1,3,4,8,At risk
15398,2011-09-22 14:56:00,2011-11-23 16:47:00,2,1345.53,17,4,3,4,11,Other
12463,2011-04-12 12:47:00,2011-10-17 13:44:00,4,1344.78,54,3,4,4,11,Loyal
16317,2011-02-15 14:30:00,2011-08-12 12:46:00,3,1341.65,120,2,4,4,10,Loyal
13743,2011-03-25 14:46:00,2011-12-07 10:09:00,7,1341.6,3,5,5,4,14,Champions
18177,2011-03-29 08:46:00,2011-11-08 14:44:00,6,1340.8700000000001,32,4,5,4,13,Champions
16045,2011-02-22 14:55:00,2011-08-12 12:41:00,4,1340.7,120,2,4,4,10,Loyal
13501,2011-02-24 18:59:00,2011-02-24 18:59:00,1,1340.32,289,1,1,4,6,Other
15734,2011-05-23 14:59:00,2011-08-17 10:50:00,2,1339.45,115,2,3,4,9,At risk
12620,2011-05-19 12:10:00,2011-11-25 10:20:00,3,1339.41,15,4,3,4,11,Other
15059,2011-01-09 11:54:00,2011-10-30 11:35:00,9,1337.72,41,3,5,4,12,Loyal
17372,2010-12-12 12:00:00,2011-10-30 11:37:00,8,1337.18,41,3,5,4,12,Loyal
12919,2011-06-23 09:22:00,2011-12-01 13:47:00,6,1335.19,9,5,5,4,14,Champions
14064,2011-03-10 12:59:00,2011-11-10 13:14:00,5,1334.34,30,4,4,4,12,Loyal
15680,2010-12-08 14:43:00,2011-11-30 13:46:00,3,1333.68,10,5,3,4,12,Other
17932,2011-05-12 13:58:00,2011-11-10 19:49:00,3,1331.57,30,4,4,4,12,Loyal
12676,2011-02-01 15:41:00,2011-11-15 12:25:00,6,1331.39,25,4,5,4,13,Champions
16295,2011-10-06 10:45:00,2011-11-30 08:17:00,4,1328.55,10,5,4,4,13,Champions
13232,2011-04-10 13:48:00,2011-11-27 10:39:00,7,1328.35,13,5,5,4,14,Champions
15146,2011-02-21 13:07:00,2011-06-28 12:09:00,2,1327.16,165,2,3,4,9,At risk
17633,2011-08-11 15:43:00,2011-11-08 13:25:00,4,1324.84,32,4,4,4,12,Loyal
17095,2011-01-09 11:05:00,2011-11-17 12:21:00,3,1324.16,23,4,4,4,12,Loyal
16110,2011-02-01 14:01:00,2011-10-25 14:35:00,3,1320.95,46,3,4,4,11,Loyal
14591,2011-05-10 14:09:00,2011-11-24 13:57:00,4,1320.21,16,4,4,4,12,Loyal
14794,2011-01-09 16:11:00,2011-12-07 10:11:00,7,1319.91,3,5,5,4,14,Champions
16083,2010-12-14 11:51:00,2011-08-31 10:47:00,2,1317.62,101,2,3,4,9,At risk
12526,2011-09-06 14:19:00,2011-12-09 12:09:00,3,1316.66,1,5,3,4,12,Other
12854,2011-01-25 13:35:00,2011-09-22 12:15:00,3,1316.25,79,2,3,4,9,At risk
14921,2011-05-22 12:51:00,2011-11-09 13:17:00,2,1316.07,31,4,3,4,11,Other
12576,2011-02-08 11:31:00,2011-11-04 10:11:00,5,1315.83,36,3,4,4,11,Loyal
14511,2011-07-29 12:13:00,2011-11-28 17:05:00,5,1314.81,12,5,4,4,13,Champions
14738,2011-01-27 14:10:00,2011-10-28 08:56:00,7,1314.45,43,3,5,4,12,Loyal
14973,2011-04-28 12:22:00,2011-08-24 15:51:00,3,1314.45,108,2,3,4,9,At risk
16040,2011-03-16 09:58:00,2011-10-05 13:47:00,3,1313.55,66,3,4,4,11,Loyal
12364,2011-08-19 15:24:00,2011-12-02 10:22:00,4,1313.1,8,5,4,4,13,Champions
17004,2011-09-08 12:16:00,2011-10-24 14:25:00,2,1312.1399999999999,47,3,3,4,10,Other
12516,2011-06-12 11:37:00,2011-09-23 09:13:00,2,1312.06,78,2,2,4,8,Other
14477,2011-02-15 15:44:00,2011-11-20 11:11:00,4,1309.6,20,4,4,4,12,Loyal
16120,2011-10-11 14:10:00,2011-10-11 14:22:00,4,1309.14,60,3,4,4,11,Loyal
14047,2010-12-02 10:09:00,2011-12-01 11:43:00,5,1308.6100000000001,9,5,4,4,13,Champions
13328,2011-01-27 15:22:00,2011-01-27 15:22:00,1,1308.48,317,1,1,4,6,Other
14297,2011-03-10 08:31:00,2011-11-22 09:06:00,4,1305.33,18,4,4,4,12,Loyal
12507,2011-02-14 09:24:00,2011-07-28 17:09:00,3,1304.81,135,2,3,4,9,At risk
17919,2011-09-12 13:41:00,2011-09-12 13:41:00,1,1304.04,89,2,2,4,8,Other
15813,2011-04-14 09:09:00,2011-05-16 08:13:00,2,1303.9099999999999,208,1,3,4,8,At risk
16370,2011-04-28 16:40:00,2011-09-18 15:55:00,4,1301.91,83,2,4,4,10,Loyal
15108,2011-04-26 10:54:00,2011-07-21 10:24:00,4,1300.25,142,2,4,4,10,Loyal
13168,2011-01-25 13:55:00,2011-11-03 12:56:00,4,1299.59,37,3,4,4,11,Loyal
12488,2011-09-25 10:34:00,2011-11-30 08:50:00,3,1298.66,10,5,3,4,12,Other
16464,2011-07-20 13:53:00,2011-11-20 12:11:00,3,1298.66,20,4,4,4,12,Loyal
12372,2011-02-16 12:46:00,2011-09-29 12:12:00,3,1298.04,72,2,3,4,9,At risk
15602,2010-12-06 15:35:00,2011-12-01 14:14:00,9,1297.8700000000001,9,5,5,4,14,Champions
17961,2010-12-02 19:18:00,2011-11-18 16:55:00,39,1296.44,22,4,5,4,13,Champions
16929,2011-07-07 12:39:00,2011-12-06 08:37:00,7,1295.39,4,5,5,4,14,Champions
16224,2011-04-04 12:00:00,2011-10-13 17:51:00,4,1295.3,58,3,4,4,11,Loyal
15621,2011-11-18 11:49:00,2011-12-05 14:01:00,4,1293.03,5,5,4,4,13,Champions
16744,2011-06-19 15:13:00,2011-11-28 13:06:00,7,1291.91,12,5,5,4,14,Champions
16101,2011-09-30 10:18:00,2011-09-30 10:18:00,1,1290.7,71,3,2,4,9,Other
14856,2011-10-14 09:35:00,2011-11-03 14:53:00,3,1290.53,37,3,3,4,10,Other
15171,2011-01-12 15:36:00,2011-01-12 15:36:00,1,1289.5,332,1,1,4,6,Other
15136,2011-09-04 16:05:00,2011-12-07 12:26:00,4,1286.7,3,5,4,4,13,Champions
16949,2011-01-27 12:11:00,2011-12-06 11:07:00,6,1286.27,4,5,5,4,14,Champions
17802,2010-12-02 13:44:00,2011-09-18 14:56:00,3,1285.04,83,2,4,4,10,Loyal
17350,2011-10-19 16:05:00,2011-12-01 15:47:00,4,1281.32,9,5,4,4,13,Champions
13538,2011-01-28 10:40:00,2011-10-27 16:34:00,7,1280.85,44,3,5,4,12,Loyal
15494,2011-08-10 15:29:00,2011-11-18 14:51:00,2,1280.58,22,4,3,4,11,Other
16951,2011-02-08 14:58:00,2011-07-28 12:05:00,3,1277.75,135,2,4,4,10,Loyal
16692,2011-02-23 15:41:00,2011-03-28 14:46:00,2,1276.0,257,1,3,4,8,At risk
12394,2011-05-06 14:01:00,2011-10-07 08:08:00,2,1272.48,64,3,2,4,9,Other
13878,2011-10-16 12:19:00,2011-10-16 12:19:00,1,1271.57,55,3,1,4,8,Other
16899,2010-12-14 13:11:00,2011-12-02 12:03:00,6,1271.06,8,5,5,4,14,Champions
12630,2011-10-27 10:41:00,2011-11-30 10:48:00,2,1270.88,10,5,2,4,11,Promising
13492,2011-05-09 10:06:00,2011-07-26 14:25:00,3,1269.84,137,2,3,4,9,At risk
14898,2010-12-03 15:25:00,2011-11-16 14:54:00,6,1269.31,24,4,5,4,13,Champions
13431,2011-09-12 11:25:00,2011-10-03 13:49:00,2,1269.1,68,3,2,4,9,Other
14916,2011-01-19 15:30:00,2011-09-30 09:20:00,4,1268.98,71,3,4,4,11,Loyal
15199,2011-02-04 14:04:00,2011-10-11 15:12:00,4,1268.7,60,3,4,4,11,Loyal
16660,2011-01-24 12:44:00,2011-11-23 14:53:00,4,1267.6499999999999,17,4,4,4,12,Loyal
17037,2011-09-13 12:49:00,2011-09-13 12:49:00,1,1267.32,88,2,2,4,8,Other
17158,2010-12-14 13:03:00,2011-11-07 15:15:00,3,1266.97,33,4,4,4,12,Loyal
14105,2011-04-14 17:58:00,2011-04-14 17:58:00,1,1266.23,240,1,1,4,6,Other
13989,2011-04-14 15:39:00,2011-10-05 09:47:00,2,1266.08,66,3,3,4,10,Other
16842,2011-02-10 14:51:00,2011-08-31 10:42:00,3,1264.19,101,2,4,4,10,Loyal
15497,2011-01-24 10:01:00,2011-11-22 11:51:00,2,1262.2,18,4,3,4,11,Other
16688,2011-10-10 12:23:00,2011-12-08 15:24:00,4,1260.86,2,5,4,4,13,Champions
17388,2011-02-25 12:28:00,2011-09-23 10:31:00,4,1259.56,78,2,4,4,10,Loyal
15009,2011-11-14 17:40:00,2011-11-27 13:35:00,3,1259.43,13,5,3,4,12,Other
14669,2011-01-11 12:30:00,2011-04-12 11:43:00,3,1259.24,242,1,3,4,8,At risk
17019,2010-12-06 12:55:00,2011-11-28 13:06:00,4,1258.08,12,5,4,4,13,Champions
17412,2010-12-02 16:29:00,2011-12-07 11:36:00,7,1258.06,3,5,5,4,14,Champions
13151,2011-02-17 12:29:00,2011-02-17 12:29:00,1,1257.8700000000001,296,1,1,4,6,Other
14931,2011-04-13 09:32:00,2011-12-05 10:19:00,5,1257.68,5,5,4,4,13,Champions
16639,2011-04-18 09:31:00,2011-11-08 13:20:00,3,1257.51,32,4,4,4,12,Loyal
17481,2011-09-07 09:57:00,2011-12-06 12:28:00,4,1255.59,4,5,4,4,13,Champions
13848,2010-12-08 15:10:00,2011-09-08 12:58:00,3,1255.0,93,2,3,4,9,At risk
17262,2010-12-08 13:30:00,2011-10-18 12:56:00,5,1253.3600000000001,53,3,4,4,11,Loyal
14383,2011-06-29 10:18:00,2011-11-01 15:53:00,3,1247.69,39,3,3,4,10,Other
12689,2011-08-04 10:04:00,2011-11-14 08:31:00,2,1247.61,26,4,2,4,10,Promising
13029,2010-12-21 13:53:00,2011-11-09 09:13:00,3,1247.5,31,4,3,4,11,Other
12494,2010-12-09 11:31:00,2011-11-24 09:34:00,7,1246.1000000000001,16,4,5,4,13,Champions
13860,2011-09-14 09:27:00,2011-12-08 12:57:00,5,1245.9,2,5,4,4,13,Champions
16531,2010-12-14 13:19:00,2011-11-17 16:29:00,7,1244.59,23,4,5,4,13,Champions
17584,2011-08-04 14:12:00,2011-12-02 17:12:00,2,1242.3,8,5,3,4,12,Other
17588,2011-04-21 10:31:00,2011-08-31 13:37:00,3,1240.2,101,2,4,4,10,Loyal
17731,2011-06-09 14:18:00,2011-09-21 15:02:00,4,1240.11,80,2,4,4,10,Loyal
12985,2011-11-11 12:44:00,2011-12-09 10:46:00,2,1239.38,1,5,2,4,11,Promising
13476,2011-03-03 14:43:00,2011-06-14 12:00:00,2,1238.47,179,2,2,4,8,Other
14893,2011-11-28 10:49:00,2011-11-30 12:31:00,2,1237.8500000000001,10,5,3,4,12,Other
13931,2011-03-04 08:43:00,2011-09-05 10:12:00,2,1237.53,96,2,2,4,8,Other
15201,2011-04-06 14:02:00,2011-09-13 14:53:00,5,1236.54,88,2,4,4,10,Loyal
18080,2011-04-11 10:10:00,2011-11-21 08:02:00,2,1231.5,19,4,3,4,11,Other
18171,2011-01-10 09:55:00,2011-10-12 09:13:00,5,1231.31,59,3,4,4,11,Loyal
15910,2011-01-27 11:55:00,2011-12-09 10:51:00,8,1228.88,1,5,5,4,14,Champions
14913,2010-12-15 14:35:00,2011-11-04 08:29:00,4,1227.43,36,3,4,4,11,Loyal
12997,2011-01-26 15:49:00,2011-11-17 15:47:00,4,1226.89,23,4,4,4,12,Loyal
12412,2011-06-23 13:51:00,2011-09-26 10:16:00,3,1226.88,75,2,3,4,9,At risk
15841,2011-01-05 11:25:00,2011-09-28 12:15:00,4,1224.06,73,2,4,4,10,Loyal
14428,2011-01-18 16:39:00,2011-12-02 13:17:00,5,1224.06,8,5,4,4,13,Champions
15376,2011-05-01 13:45:00,2011-10-30 15:04:00,3,1221.56,41,3,3,4,10,Other
15004,2011-07-15 14:05:00,2011-07-15 14:05:00,1,1220.77,148,2,1,4,7,Other
14745,2011-02-27 15:25:00,2011-08-19 10:05:00,5,1220.26,113,2,4,4,10,Loyal
15227,2011-01-26 15:31:00,2011-11-03 11:59:00,5,1219.4,37,3,4,4,11,Loyal
13208,2011-02-03 19:32:00,2011-10-12 09:54:00,6,1217.65,59,3,5,4,12,Loyal
14698,2011-10-19 12:54:00,2011-12-08 12:26:00,5,1217.27,2,5,4,4,13,Champions
13491,2010-12-02 14:30:00,2011-10-19 08:32:00,10,1215.82,52,3,5,4,12,Loyal
17410,2011-05-08 15:21:00,2011-11-23 15:46:00,5,1214.72,17,4,4,4,12,Loyal
13055,2011-05-10 08:58:00,2011-09-22 14:26:00,3,1214.41,79,2,3,4,9,At risk
17774,2011-02-07 13:13:00,2011-09-04 12:49:00,4,1213.73,97,2,4,4,10,Loyal
18263,2011-04-01 11:48:00,2011-11-14 09:00:00,3,1213.1599999999999,26,4,4,4,12,Loyal
13918,2011-03-31 18:05:00,2011-10-21 12:25:00,2,1212.8400000000001,50,3,2,4,9,Other
16653,2011-09-29 13:38:00,2011-11-23 14:51:00,2,1212.66,17,4,3,4,11,Other
12464,2011-02-03 13:30:00,2011-11-29 13:33:00,8,1212.05,11,5,5,4,14,Champions
17653,2011-08-11 15:24:00,2011-11-03 12:46:00,4,1207.56,37,3,4,4,11,Loyal
16762,2011-07-18 12:52:00,2011-11-20 11:43:00,3,1207.24,20,4,4,4,12,Loyal
14684,2010-12-12 12:44:00,2011-11-14 11:33:00,5,1201.51,26,4,4,4,12,Loyal
13158,2011-01-25 09:58:00,2011-09-06 11:58:00,4,1201.06,95,2,4,4,10,Loyal
17320,2010-12-06 15:38:00,2011-08-31 13:31:00,3,1200.6200000000001,101,2,4,4,10,Loyal
15605,2010-12-01 13:38:00,2011-11-03 14:17:00,5,1198.23,37,3,4,4,11,Loyal
13118,2011-02-24 12:32:00,2011-11-20 12:46:00,5,1197.81,20,4,4,4,12,Loyal
16794,2011-06-12 14:15:00,2011-12-08 17:54:00,10,1196.5,2,5,5,4,14,Champions
17720,2010-12-07 10:43:00,2011-11-13 15:04:00,4,1195.94,27,4,4,4,12,Loyal
17526,2010-12-09 12:20:00,2011-12-05 11:05:00,4,1195.8999999999999,5,5,4,4,13,Champions
15145,2011-04-05 15:20:00,2011-12-05 17:21:00,4,1194.73,5,5,4,4,13,Champions
12611,2011-10-18 13:12:00,2011-10-18 13:12:00,1,1193.32,53,3,1,4,8,Other
13882,2011-10-06 15:28:00,2011-12-07 11:16:00,5,1191.13,3,5,4,4,13,Champions
12462,2011-02-09 14:44:00,2011-11-21 09:11:00,2,1189.59,19,4,2,4,10,Promising
15737,2011-04-11 10:01:00,2011-11-25 11:21:00,8,1188.1200000000001,15,4,5,4,13,Champions
16612,2011-02-01 10:38:00,2011-11-07 07:38:00,4,1187.66,33,4,4,4,12,Loyal
17800,2011-01-09 13:50:00,2011-11-02 12:57:00,9,1187.21,38,3,5,4,12,Loyal
15630,2011-05-19 10:16:00,2011-10-25 15:36:00,2,1186.35,46,3,3,4,10,Other
17058,2011-04-14 09:18:00,2011-09-19 10:13:00,3,1179.89,82,2,4,4,10,Loyal
16950,2010-12-07 15:20:00,2011-10-14 09:06:00,3,1178.56,57,3,4,4,11,Loyal
16042,2011-01-11 13:25:00,2011-11-17 17:50:00,5,1177.47,23,4,4,4,12,Loyal
13752,2011-04-07 12:04:00,2011-08-07 14:16:00,6,1175.38,125,2,5,4,11,Loyal
12885,2011-08-08 11:45:00,2011-10-07 13:40:00,3,1175.22,64,3,3,4,10,Other
12640,2011-09-19 12:01:00,2011-11-16 11:52:00,3,1174.58,24,4,3,4,11,Other
15306,2011-07-14 15:22:00,2011-10-06 12:56:00,3,1174.35,65,3,3,4,10,Other
14857,2011-07-14 15:03:00,2011-10-11 09:23:00,2,1173.12,60,3,3,4,10,Other
12358,2011-07-12 10:04:00,2011-12-08 10:26:00,2,1168.06,2,5,2,4,11,Promising
13500,2011-08-09 12:20:00,2011-11-16 15:35:00,3,1166.77,24,4,3,4,11,Other
14487,2010-12-06 13:22:00,2011-11-13 12:17:00,6,1165.48,27,4,5,4,13,Champions
14737,2010-12-21 13:49:00,2011-12-06 10:16:00,3,1164.55,4,5,3,4,12,Other
14261,2011-09-22 10:47:00,2011-10-20 10:04:00,2,1163.45,51,3,3,4,10,Other
14447,2011-03-04 10:49:00,2011-11-21 08:28:00,5,1163.23,19,4,4,4,12,Loyal
16800,2011-11-28 14:06:00,2011-11-28 14:06:00,1,1162.65,12,5,2,4,11,Promising
12546,2011-09-23 09:44:00,2011-10-24 12:09:00,2,1161.5,47,3,2,4,9,Other
15088,2011-10-03 14:05:00,2011-11-18 13:14:00,2,1160.07,22,4,3,4,11,Other
18168,2010-12-02 18:08:00,2011-06-16 19:21:00,6,1160.04,177,2,5,4,11,Loyal
13499,2011-03-15 08:52:00,2011-11-22 11:21:00,5,1159.11,18,4,4,4,12,Loyal
16184,2011-05-12 13:33:00,2011-10-06 17:43:00,6,1158.79,65,3,5,4,12,Loyal
17867,2011-02-24 12:25:00,2011-11-09 14:15:00,6,1157.8700000000001,31,4,5,4,13,Champions
17348,2011-02-15 10:49:00,2011-11-25 11:25:00,5,1156.6,15,4,4,4,12,Loyal
16637,2011-04-28 10:20:00,2011-11-07 13:17:00,4,1154.47,33,4,4,4,12,Loyal
13611,2010-12-15 10:31:00,2011-09-11 14:51:00,3,1154.4,90,2,3,4,9,At risk
16062,2010-12-10 12:00:00,2011-11-30 12:15:00,4,1153.62,10,5,4,4,13,Champions
12710,2011-05-22 14:05:00,2011-09-04 12:00:00,3,1149.02,97,2,3,4,9,At risk
17505,2011-05-18 09:01:00,2011-07-01 12:50:00,2,1145.84,162,2,3,4,9,At risk
16766,2011-03-11 13:34:00,2011-03-11 15:22:00,2,1145.6,274,1,3,4,8,At risk
12769,2011-04-15 10:25:00,2011-04-15 10:25:00,1,1143.6,239,1,1,4,6,Other
17770,2011-03-02 13:35:00,2011-05-25 12:34:00,5,1143.27,199,1,4,4,9,Loyal
15985,2011-04-17 11:04:00,2011-08-08 16:31:00,2,1142.42,124,2,3,4,9,At risk
16270,2010-12-21 14:26:00,2010-12-21 14:26:00,1,1141.24,354,1,2,4,7,Other
13330,2011-01-28 10:08:00,2011-09-08 12:27:00,3,1140.93,93,2,3,4,9,At risk
13819,2011-01-24 10:38:00,2011-02-11 10:38:00,3,1140.35,302,1,3,4,8,At risk
16172,2011-04-12 12:02:00,2011-09-05 13:22:00,5,1140.21,96,2,4,4,10,Loyal
17135,2010-12-03 09:31:00,2011-11-23 16:48:00,7,1139.73,17,4,5,4,13,Champions
17500,2011-11-10 09:08:00,2011-11-22 14:25:00,3,1138.0,18,4,4,4,12,Loyal
17302,2011-02-07 10:14:00,2011-11-25 09:36:00,5,1135.63,15,4,4,4,12,Loyal
17242,2011-06-12 13:04:00,2011-08-23 14:55:00,2,1135.04,109,2,3,4,9,At risk
15489,2011-05-12 12:54:00,2011-11-17 08:53:00,3,1134.28,23,4,3,4,11,Other
16989,2011-07-12 09:11:00,2011-12-02 16:39:00,6,1133.25,8,5,5,4,14,Champions
13282,2011-05-03 12:03:00,2011-11-21 15:33:00,3,1132.14,19,4,3,4,11,Other
13310,2011-01-19 14:50:00,2011-11-11 17:23:00,3,1132.03,29,4,3,4,11,Other
18125,2011-01-27 15:02:00,2011-11-10 12:29:00,4,1131.75,30,4,4,4,12,Loyal
15500,2011-09-19 13:47:00,2011-12-01 13:47:00,4,1131.56,9,5,4,4,13,Champions
13447,2011-11-04 10:10:00,2011-11-16 13:38:00,3,1129.14,24,4,3,4,11,Other
16714,2011-01-26 13:40:00,2011-05-05 11:09:00,3,1129.06,219,1,4,4,9,Loyal
14824,2011-09-09 14:12:00,2011-11-29 14:20:00,4,1127.71,11,5,4,4,13,Champions
12609,2011-01-25 15:13:00,2011-09-22 16:34:00,3,1126.85,79,2,3,4,9,At risk
14708,2010-12-06 12:23:00,2011-12-07 08:21:00,3,1126.37,3,5,3,4,12,Other
17470,2010-12-07 09:57:00,2011-10-26 12:42:00,5,1125.07,45,3,4,4,11,Loyal
14129,2011-03-24 08:44:00,2011-12-08 11:02:00,5,1123.8600000000001,2,5,4,4,13,Champions
13772,2011-04-14 12:31:00,2011-11-06 11:43:00,3,1122.63,34,3,3,4,10,Other
13486,2011-07-07 17:19:00,2011-09-22 13:13:00,3,1122.41,79,2,3,4,9,At risk
17562,2011-06-19 13:06:00,2011-11-25 14:21:00,7,1122.38,15,4,5,4,13,Champions
14723,2010-12-03 14:18:00,2011-11-29 15:23:00,6,1122.3600000000001,11,5,5,4,14,Champions
16807,2011-03-14 09:46:00,2011-07-20 12:00:00,3,1121.59,143,2,4,4,10,Loyal
16086,2010-12-07 13:45:00,2011-10-11 13:09:00,5,1121.39,60,3,4,4,11,Loyal
15730,2011-05-17 12:43:00,2011-10-05 12:31:00,3,1120.88,66,3,3,4,10,Other
14276,2011-02-23 09:38:00,2011-09-02 09:45:00,3,1119.74,99,2,3,4,9,At risk
12842,2011-02-04 12:36:00,2011-09-30 15:33:00,2,1118.99,71,3,2,4,9,Other
17894,2010-12-08 14:50:00,2011-09-29 09:23:00,8,1118.96,72,3,5,4,12,Loyal
17788,2011-08-02 10:38:00,2011-09-27 10:09:00,2,1117.9,74,2,3,4,9,At risk
13591,2011-03-18 12:18:00,2011-10-06 12:26:00,3,1117.13,65,3,3,4,10,Other
17585,2011-01-05 15:09:00,2011-08-22 13:30:00,4,1116.68,110,2,4,4,10,Loyal
16350,2011-01-10 09:44:00,2011-11-18 15:53:00,4,1116.47,22,4,4,4,12,Loyal
12679,2011-03-01 12:26:00,2011-10-12 12:30:00,4,1113.02,59,3,4,4,11,Loyal
14817,2011-03-07 13:51:00,2011-05-23 13:35:00,2,1110.34,201,1,3,4,8,At risk
15069,2011-06-13 14:16:00,2011-06-13 14:16:00,1,1109.53,180,1,1,4,6,Other
12399,2011-03-23 09:42:00,2011-08-12 13:15:00,4,1108.65,120,2,4,4,10,Loyal
15933,2011-09-14 12:05:00,2011-11-18 13:14:00,3,1107.46,22,4,4,4,12,Loyal
16833,2011-01-09 13:02:00,2011-12-08 14:39:00,4,1106.53,2,5,4,4,13,Champions
12857,2011-02-10 12:32:00,2011-05-13 10:20:00,2,1106.4,211,1,2,4,7,Other
14102,2011-10-26 12:46:00,2011-12-04 15:38:00,5,1105.8799999999999,6,5,4,4,13,Champions
17609,2011-01-16 16:23:00,2011-10-30 12:28:00,5,1105.78,41,3,4,4,11,Loyal
13064,2011-01-16 13:41:00,2011-11-27 12:31:00,4,1105.59,13,5,4,4,13,Champions
14948,2011-05-04 14:52:00,2011-11-16 17:16:00,6,1101.97,24,4,5,4,13,Champions
15716,2010-12-05 12:26:00,2011-07-17 11:59:00,4,1101.1100000000001,146,2,4,4,10,Loyal
17047,2011-05-18 16:50:00,2011-09-15 13:27:00,3,1100.9,86,2,4,4,10,Loyal
14410,2011-02-07 09:36:00,2011-09-08 15:08:00,9,1100.27,93,2,5,4,11,Loyal
14744,2010-12-08 10:21:00,2011-11-23 12:51:00,7,1099.98,17,4,5,4,13,Champions
15978,2011-09-23 15:21:00,2011-09-23 15:21:00,1,1098.78,78,2,2,4,8,Other
13104,2010-12-20 11:58:00,2011-12-06 13:10:00,6,1098.48,4,5,5,4,14,Champions
17966,2011-03-23 17:25:00,2011-11-02 10:26:00,5,1098.43,38,3,4,4,11,Loyal
14971,2011-10-27 13:33:00,2011-11-04 17:07:00,3,1097.98,36,3,3,4,10,Other
14161,2010-12-05 13:18:00,2011-05-08 11:41:00,3,1097.6200000000001,216,1,3,4,8,At risk
16225,2011-03-07 12:17:00,2011-10-26 08:30:00,5,1096.32,45,3,4,4,11,Loyal
13211,2010-12-13 16:17:00,2011-11-29 14:43:00,3,1095.42,11,5,3,4,12,Other
13652,2010-12-06 09:21:00,2011-10-25 08:51:00,3,1095.08,46,3,3,4,10,Other
15745,2011-04-17 13:04:00,2011-11-20 13:45:00,4,1094.59,20,4,4,4,12,Loyal
15608,2011-08-11 09:56:00,2011-11-11 13:20:00,4,1093.68,29,4,4,4,12,Loyal
18189,2011-03-17 09:49:00,2011-09-23 12:40:00,2,1090.24,78,2,3,4,9,At risk
13853,2011-10-13 14:18:00,2011-10-13 14:18:00,1,1090.14,58,3,1,4,8,Other
12534,2011-08-01 10:26:00,2011-08-01 10:26:00,1,1089.18,131,2,1,4,7,Other
15763,2011-09-23 12:10:00,2011-11-08 09:44:00,2,1086.92,32,4,3,4,11,Other
16533,2011-10-02 15:07:00,2011-11-20 13:08:00,3,1082.81,20,4,4,4,12,Loyal
13610,2011-02-27 14:44:00,2011-11-27 15:38:00,7,1082.33,13,5,5,4,14,Champions
14561,2011-06-08 13:26:00,2011-09-25 12:39:00,3,1080.76,76,2,3,4,9,At risk
13744,2011-02-20 14:08:00,2011-09-05 15:19:00,2,1080.52,96,2,2,4,8,Other
13726,2011-08-31 11:06:00,2011-11-01 10:49:00,2,1079.6599999999999,39,3,2,4,9,Other
15197,2010-12-16 18:01:00,2011-11-29 10:00:00,3,1079.6100000000001,11,5,3,4,12,Other
12354,2011-04-21 13:11:00,2011-04-21 13:11:00,1,1079.4,233,1,1,4,6,Other
14352,2011-03-11 14:58:00,2011-07-05 15:41:00,4,1078.96,158,2,4,4,10,Loyal
16094,2011-05-04 13:57:00,2011-11-28 12:45:00,4,1078.23,12,5,4,4,13,Champions
16563,2011-10-17 11:51:00,2011-10-17 11:51:00,1,1077.74,54,3,2,4,9,Other
13715,2010-12-02 08:52:00,2011-03-03 19:21:00,5,1077.39,282,1,4,4,9,Loyal
16049,2011-09-25 14:33:00,2011-10-30 13:19:00,3,1074.81,41,3,4,4,11,Loyal
13131,2011-06-05 10:54:00,2011-11-16 13:21:00,3,1073.3,24,4,3,4,11,Other
15712,2011-02-25 11:32:00,2011-11-30 14:09:00,5,1072.3600000000001,10,5,4,4,13,Champions
15238,2011-06-08 16:00:00,2011-11-10 14:28:00,3,1071.99,30,4,3,4,11,Other
13467,2011-11-03 16:56:00,2011-11-29 10:01:00,2,1071.91,11,5,2,4,11,Promising
13521,2011-11-29 15:09:00,2011-12-08 13:50:00,3,1071.73,2,5,3,4,12,Other
17041,2010-12-14 11:43:00,2011-11-13 11:21:00,3,1071.49,27,4,4,4,12,Loyal
13635,2011-10-03 10:55:00,2011-10-03 10:55:00,1,1071.03,68,3,1,4,8,Other
17522,2011-05-05 16:31:00,2011-12-08 12:31:00,5,1070.71,2,5,4,4,13,Champions
13761,2011-06-13 08:43:00,2011-10-20 14:01:00,2,1070.65,51,3,2,4,9,Other
14212,2011-09-11 12:45:00,2011-09-11 12:45:00,1,1070.48,90,2,1,4,7,Other
16200,2011-06-28 15:47:00,2011-12-05 14:40:00,2,1068.8700000000001,5,5,3,4,12,Other
16918,2011-01-26 17:37:00,2011-10-21 12:50:00,6,1068.82,50,3,5,4,12,Loyal
15436,2011-04-19 16:52:00,2011-11-27 16:05:00,3,1067.75,13,5,3,4,12,Other
15027,2011-04-15 14:14:00,2011-11-09 10:16:00,4,1066.1499999999999,31,4,4,4,12,Loyal
17277,2011-01-21 12:37:00,2011-04-26 12:47:00,2,1065.3500000000001,228,1,3,4,8,At risk
14488,2011-10-03 09:30:00,2011-10-03 09:30:00,1,1064.28,68,3,1,4,8,Other
12951,2011-01-13 10:33:00,2011-12-01 12:14:00,6,1064.07,9,5,5,4,14,Champions
15801,2011-08-22 09:53:00,2011-10-24 13:52:00,3,1063.95,47,3,4,4,11,Loyal
12936,2011-09-22 13:51:00,2011-11-22 17:32:00,4,1063.9,18,4,4,4,12,Loyal
12815,2011-05-25 13:34:00,2011-07-15 10:21:00,2,1063.46,148,2,2,4,8,Other
14411,2011-02-02 10:56:00,2011-02-02 10:56:00,1,1063.0,311,1,1,4,6,Other
16214,2011-03-15 13:23:00,2011-06-22 11:30:00,3,1062.75,171,2,4,4,10,Loyal
15706,2011-08-15 14:32:00,2011-10-07 10:09:00,4,1060.56,64,3,4,4,11,Loyal
17727,2011-11-24 17:06:00,2011-11-24 17:06:00,1,1060.25,16,4,2,4,10,Promising
18130,2011-10-13 15:58:00,2011-11-24 14:40:00,3,1059.39,16,4,4,4,12,Loyal
17214,2010-12-15 15:14:00,2011-10-10 13:17:00,6,1059.1200000000001,61,3,5,4,12,Loyal
13455,2010-12-08 13:11:00,2011-11-15 11:21:00,2,1058.34,25,4,2,4,10,Promising
15977,2011-10-31 16:24:00,2011-11-22 13:29:00,2,1054.73,18,4,3,4,11,Other
12716,2011-07-29 13:28:00,2011-12-06 08:55:00,2,1053.49,4,5,2,4,11,Promising
14419,2010-12-10 10:56:00,2011-11-29 11:22:00,6,1051.79,11,5,5,4,14,Champions
16416,2011-10-14 13:35:00,2011-11-13 12:50:00,3,1051.4,27,4,4,4,12,Loyal
15329,2011-06-21 10:37:00,2011-10-31 15:36:00,3,1049.7,40,3,3,4,10,Other
14078,2010-12-01 12:54:00,2011-08-30 12:16:00,6,1049.37,102,2,5,4,11,Loyal
17287,2010-12-02 12:22:00,2011-11-13 13:27:00,7,1049.06,27,4,5,4,13,Champions
15839,2011-07-14 16:35:00,2011-11-06 13:54:00,3,1048.49,34,3,4,4,11,Loyal
16728,2011-03-20 13:28:00,2011-10-24 14:36:00,4,1048.28,47,3,4,4,11,Loyal
15777,2010-12-13 16:38:00,2011-04-12 16:43:00,4,1047.11,242,1,4,4,9,Loyal
15407,2011-02-07 13:18:00,2011-11-06 11:55:00,4,1046.74,34,3,4,4,11,Loyal
16520,2010-12-09 13:08:00,2011-06-06 13:24:00,3,1046.57,187,1,4,4,9,Loyal
14293,2010-12-06 10:18:00,2011-12-06 15:17:00,4,1046.56,4,5,4,4,13,Champions
15464,2011-01-05 15:56:00,2011-01-05 15:56:00,1,1044.65,339,1,1,4,6,Other
15192,2010-12-09 14:56:00,2011-08-12 11:41:00,3,1044.32,120,2,3,4,9,At risk
14389,2011-06-02 12:04:00,2011-10-05 15:17:00,2,1043.46,66,3,3,4,10,Other
15073,2011-06-06 09:59:00,2011-11-30 10:44:00,3,1043.41,10,5,3,4,12,Other
12497,2011-09-19 12:29:00,2011-09-19 12:29:00,1,1043.1,82,2,1,4,7,Other
13719,2011-04-19 13:56:00,2011-11-24 15:26:00,5,1041.68,16,4,4,4,12,Loyal
18221,2011-05-12 14:13:00,2011-11-17 14:40:00,5,1041.61,23,4,4,4,12,Loyal
15434,2011-05-23 14:18:00,2011-12-01 13:33:00,5,1041.48,9,5,4,4,13,Champions
16320,2011-05-10 15:31:00,2011-06-20 15:25:00,2,1038.46,173,2,3,4,9,At risk
14465,2011-02-10 12:13:00,2011-04-07 12:38:00,3,1038.44,247,1,3,4,8,At risk
16175,2011-04-13 14:38:00,2011-09-06 14:32:00,4,1037.59,95,2,4,4,10,Loyal
17042,2011-04-06 14:53:00,2011-12-07 12:26:00,5,1036.58,3,5,4,4,13,Champions
12691,2010-12-17 14:46:00,2011-11-11 16:49:00,6,1035.8,29,4,5,4,13,Champions
16260,2011-10-20 09:40:00,2011-10-20 09:40:00,1,1035.45,51,3,2,4,9,Other
13639,2011-09-26 13:36:00,2011-09-26 13:36:00,1,1033.34,75,2,1,4,7,Other
14584,2011-05-25 17:31:00,2011-06-23 18:33:00,4,1033.06,170,2,4,4,10,Loyal
17724,2011-07-24 13:26:00,2011-09-29 15:26:00,3,1033.0,72,3,4,4,11,Loyal
12599,2011-02-08 13:28:00,2011-11-10 13:34:00,7,1032.58,30,4,5,4,13,Champions
15996,2010-12-08 15:59:00,2011-09-12 15:14:00,6,1032.58,89,2,5,4,11,Loyal
17405,2011-07-12 14:17:00,2011-12-08 17:12:00,3,1031.41,2,5,4,4,13,Champions
12724,2011-01-11 15:00:00,2011-12-04 16:02:00,4,1031.41,6,5,4,4,13,Champions
13235,2011-05-11 17:13:00,2011-05-11 17:13:00,1,1031.07,213,1,1,4,6,Other
12717,2011-04-08 10:32:00,2011-07-11 14:47:00,2,1030.98,152,2,2,4,8,Other
13253,2011-01-04 15:43:00,2011-07-06 10:09:00,2,1030.4,157,2,2,4,8,Other
17033,2010-12-15 13:21:00,2011-09-14 14:34:00,3,1030.14,87,2,4,4,10,Loyal
15333,2011-05-15 13:27:00,2011-05-15 13:27:00,1,1028.56,209,1,1,4,6,Other
16980,2011-02-21 12:58:00,2011-03-29 16:36:00,2,1028.46,256,1,3,4,8,At risk
16682,2011-06-05 11:02:00,2011-12-05 12:13:00,5,1028.0,5,5,4,4,13,Champions
14904,2011-11-14 09:13:00,2011-12-07 12:55:00,2,1025.44,3,5,3,4,12,Other
16160,2011-09-15 10:53:00,2011-10-05 14:19:00,2,1025.44,66,3,3,4,10,Other
15658,2010-12-02 10:53:00,2011-06-02 15:22:00,5,1024.1000000000001,191,1,4,4,9,Loyal
17096,2011-03-23 12:05:00,2011-11-24 15:01:00,4,1022.13,16,4,4,4,12,Loyal
14346,2011-02-15 13:52:00,2011-08-11 09:47:00,2,1021.58,121,2,3,4,9,At risk
13165,2010-12-23 14:06:00,2011-10-24 15:05:00,2,1021.48,47,3,2,4,9,Other
12572,2011-10-19 08:20:00,2011-12-01 09:20:00,2,1020.42,9,5,2,4,11,Promising
13376,2011-04-19 13:03:00,2011-09-01 16:16:00,3,1019.76,100,2,3,4,9,At risk
18142,2011-05-08 12:31:00,2011-07-05 13:19:00,2,1019.52,158,2,3,4,9,At risk
13956,2011-03-13 12:51:00,2011-12-04 13:20:00,5,1019.27,6,5,4,4,13,Champions
12828,2011-08-01 16:16:00,2011-12-07 08:45:00,6,1018.71,3,5,5,4,14,Champions
12514,2011-03-17 16:38:00,2011-03-17 16:38:00,1,1017.68,268,1,1,4,6,Other
13728,2011-02-02 12:09:00,2011-11-03 10:49:00,6,1016.14,37,3,5,4,12,Loyal
12642,2011-08-24 09:23:00,2011-11-14 15:03:00,3,1013.26,26,4,3,4,11,Other
12739,2011-09-01 17:45:00,2011-09-22 13:00:00,2,1013.04,79,2,2,4,8,Other
17197,2011-11-10 10:32:00,2011-11-10 10:32:00,1,1013.01,30,4,2,4,10,Promising
14195,2011-04-01 16:50:00,2011-05-22 10:29:00,2,1012.0,202,1,3,4,8,At risk
14775,2010-12-02 16:38:00,2011-10-12 15:27:00,3,1011.9,59,3,3,4,10,Other
16229,2011-05-11 10:18:00,2011-09-13 17:16:00,2,1010.6,88,2,3,4,9,At risk
14446,2011-04-07 12:10:00,2011-12-09 11:34:00,4,1010.35,1,5,4,4,13,Champions
12849,2011-03-16 12:26:00,2011-11-08 13:41:00,2,1010.29,32,4,2,4,10,Promising
13032,2011-09-13 16:40:00,2011-10-18 15:54:00,2,1010.18,53,3,2,4,9,Other
14224,2011-01-23 13:58:00,2011-08-21 13:24:00,4,1009.73,111,2,4,4,10,Loyal
16572,2011-03-09 12:04:00,2011-08-04 16:34:00,3,1009.6,128,2,4,4,10,Loyal
16174,2011-07-11 09:23:00,2011-08-05 13:26:00,3,1009.5500000000001,127,2,4,4,10,Loyal
17951,2010-12-01 12:40:00,2011-10-31 12:30:00,3,1008.5400000000001,40,3,4,4,11,Loyal
17646,2010-12-09 14:28:00,2011-05-04 13:17:00,3,1008.39,220,1,4,4,9,Loyal
14631,2011-02-14 09:31:00,2011-10-20 11:17:00,3,1006.98,51,3,3,4,10,Other
13429,2011-09-25 15:59:00,2011-11-29 09:10:00,4,1006.8,11,5,4,4,13,Champions
13867,2011-05-05 17:28:00,2011-11-08 15:48:00,3,1005.09,32,4,3,4,11,Other
14214,2011-03-07 12:26:00,2011-11-09 10:31:00,5,1004.38,31,4,4,4,12,Loyal
13410,2011-02-21 14:38:00,2011-11-15 15:33:00,5,1003.06,25,4,4,4,12,Loyal
14083,2010-12-03 12:24:00,2011-12-05 13:14:00,9,1002.9,5,5,5,4,14,Champions
12446,2011-10-13 12:50:00,2011-10-13 12:50:00,1,1002.3100000000001,58,3,1,4,8,Other
12545,2011-03-25 12:04:00,2011-09-25 13:39:00,2,1000.39,76,2,2,4,8,Other
15508,2011-04-18 15:31:00,2011-06-03 15:43:00,6,1000.27,190,1,5,4,10,Loyal
18143,2011-07-21 10:44:00,2011-08-15 12:07:00,2,1000.16,117,2,3,4,9,At risk
12722,2011-07-12 11:55:00,2011-09-15 14:50:00,4,997.63,86,2,4,4,10,Loyal
15110,2011-01-25 11:41:00,2011-11-16 11:16:00,4,996.1,24,4,4,4,12,Loyal
15104,2011-03-02 14:16:00,2011-05-27 12:29:00,2,993.54,197,1,3,4,8,At risk
17594,2011-03-30 10:32:00,2011-09-15 16:34:00,2,993.18,86,2,3,4,9,At risk
13363,2011-10-27 10:46:00,2011-11-22 12:40:00,2,992.5,18,4,2,4,10,Promising
14223,2011-03-20 16:02:00,2011-09-08 13:38:00,3,991.13,93,2,3,4,9,At risk
16232,2011-05-08 14:05:00,2011-10-27 12:16:00,4,990.88,44,3,4,4,11,Loyal
14514,2011-01-12 15:22:00,2011-10-09 16:05:00,3,990.2,62,3,3,4,10,Other
17126,2010-12-12 11:26:00,2011-07-10 13:52:00,5,989.45,153,2,4,4,10,Loyal
15062,2010-12-15 15:37:00,2011-09-29 16:51:00,4,987.86,72,3,4,4,11,Loyal
18237,2011-07-28 13:05:00,2011-12-07 12:49:00,5,987.1,3,5,4,4,13,Champions
14583,2011-05-18 11:28:00,2011-12-04 12:32:00,5,986.96,6,5,4,4,13,Champions
17324,2010-12-08 12:45:00,2011-11-22 10:34:00,4,986.48,18,4,4,4,12,Loyal
13117,2010-12-02 13:11:00,2011-11-18 12:02:00,8,984.91,22,4,5,4,13,Champions
17144,2011-09-16 12:50:00,2011-12-08 17:57:00,2,984.57,2,5,3,4,12,Other
12510,2011-01-18 14:04:00,2011-07-20 10:15:00,2,982.5699999999999,143,2,2,4,8,Other
15133,2011-02-11 10:38:00,2011-08-04 10:44:00,3,982.42,128,2,3,4,9,At risk
15071,2011-03-09 10:19:00,2011-09-07 11:43:00,2,982.07,94,2,3,4,9,At risk
16188,2011-04-11 09:44:00,2011-10-26 12:19:00,4,981.86,45,3,4,4,11,Loyal
16085,2011-01-23 12:07:00,2011-11-16 13:24:00,5,981.51,24,4,4,4,12,Loyal
12541,2011-03-04 09:32:00,2011-11-10 10:40:00,3,981.18,30,4,3,4,11,Other
18170,2011-05-06 15:13:00,2011-11-06 14:35:00,3,980.31,34,3,4,4,11,Loyal
13509,2011-02-28 13:27:00,2011-12-01 10:10:00,7,979.72,9,5,5,4,14,Champions
13350,2011-09-21 13:33:00,2011-11-23 16:33:00,2,979.12,17,4,2,4,10,Promising
15132,2011-03-22 12:02:00,2011-11-21 17:10:00,5,977.9300000000001,19,4,4,4,12,Loyal
14920,2011-05-11 10:31:00,2011-05-11 10:32:00,2,977.77,213,1,3,4,8,At risk
13026,2011-03-09 11:35:00,2011-12-08 16:58:00,5,975.36,2,5,4,4,13,Champions
16376,2011-11-22 16:47:00,2011-12-01 11:38:00,2,974.96,9,5,3,4,12,Other
14522,2011-05-25 16:01:00,2011-11-15 13:24:00,4,974.54,25,4,4,4,12,Loyal
15449,2011-03-23 10:43:00,2011-11-13 15:02:00,3,974.52,27,4,3,4,11,Other
12994,2011-03-16 08:31:00,2011-12-05 15:43:00,3,974.4200000000001,5,5,3,4,12,Other
18194,2011-09-18 13:29:00,2011-09-18 13:29:00,1,973.8399999999999,83,2,2,4,8,Other
16009,2011-07-03 11:26:00,2011-11-17 16:51:00,4,972.11,23,4,4,4,12,Loyal
15506,2011-07-24 11:45:00,2011-11-17 12:11:00,3,972.08,23,4,3,4,11,Other
13155,2010-12-06 12:44:00,2011-11-06 15:41:00,4,971.76,34,3,4,4,11,Loyal
17100,2011-11-21 16:36:00,2011-11-21 16:36:00,2,971.74,19,4,3,4,11,Other
14256,2010-12-10 11:44:00,2011-03-24 13:17:00,2,969.0600000000001,261,1,3,4,8,At risk
14138,2011-10-07 09:38:00,2011-12-08 12:44:00,2,965.8800000000001,2,5,3,4,12,Other
15793,2011-03-16 10:45:00,2011-11-25 09:31:00,3,965.61,15,4,4,4,12,Loyal
15860,2010-12-06 11:38:00,2011-10-30 11:25:00,8,965.16,41,3,5,4,12,Loyal
12550,2011-09-21 14:35:00,2011-09-21 14:35:00,1,964.83,80,2,1,4,7,Other
13138,2010-12-02 15:03:00,2011-11-17 16:51:00,6,962.39,23,4,5,4,13,Champions
14006,2011-01-31 15:11:00,2011-08-16 09:39:00,3,962.19,116,2,3,4,9,At risk
15156,2011-11-06 12:41:00,2011-12-08 18:22:00,3,961.49,2,5,3,4,12,Other
16419,2011-02-01 12:25:00,2011-08-19 12:33:00,6,958.71,113,2,5,4,11,Loyal
18192,2011-09-29 09:53:00,2011-09-29 09:53:00,1,957.97,72,3,2,4,9,Other
13823,2011-09-09 10:42:00,2011-11-21 10:22:00,2,957.66,19,4,2,4,10,Promising
12697,2011-06-23 15:44:00,2011-11-11 08:47:00,3,957.59,29,4,3,4,11,Other
14629,2011-10-23 16:13:00,2011-12-05 16:55:00,2,955.26,5,5,3,4,12,Other
15948,2011-10-27 08:35:00,2011-12-01 15:32:00,2,955.24,9,5,3,4,12,Other
17244,2011-10-17 15:19:00,2011-10-17 15:19:00,1,954.9,54,3,2,4,9,Other
17097,2010-12-09 14:55:00,2011-12-07 17:05:00,8,954.42,3,5,5,4,14,Champions
15835,2011-01-13 10:35:00,2011-10-26 15:47:00,4,954.09,45,3,4,4,11,Loyal
14540,2011-02-03 15:02:00,2011-11-30 10:15:00,3,952.66,10,5,3,4,12,Other
15421,2011-02-02 14:36:00,2011-10-12 09:20:00,4,950.36,59,3,4,4,11,Loyal
13636,2011-02-27 14:29:00,2011-11-03 10:30:00,5,949.12,37,3,4,4,11,Loyal
12822,2011-09-13 13:46:00,2011-09-30 10:04:00,2,948.88,71,3,2,4,9,Other
17044,2011-11-14 14:28:00,2011-11-14 14:28:00,1,948.48,26,4,2,4,10,Promising
13748,2010-12-01 09:00:00,2011-09-05 09:45:00,5,948.25,96,2,4,4,10,Loyal
12458,2011-02-28 10:55:00,2011-09-29 15:25:00,2,947.4,72,2,2,4,8,Other
15747,2011-06-20 11:30:00,2011-11-27 12:26:00,3,946.64,13,5,3,4,12,Other
13261,2011-02-27 10:41:00,2011-03-16 12:22:00,2,944.1,269,1,2,4,7,Other
12820,2011-01-17 12:34:00,2011-12-06 15:12:00,4,942.34,4,5,4,4,13,Champions
14075,2011-03-23 16:35:00,2011-12-05 08:38:00,3,942.26,5,5,3,4,12,Other
15289,2011-04-04 12:44:00,2011-11-10 13:49:00,3,939.78,30,4,3,4,11,Other
17527,2011-05-05 13:43:00,2011-10-17 12:32:00,4,939.37,54,3,4,4,11,Loyal
17227,2010-12-06 11:16:00,2011-11-21 10:51:00,6,939.32,19,4,5,4,13,Champions
16584,2011-03-30 13:14:00,2011-09-20 13:45:00,2,936.08,81,2,3,4,9,At risk
14140,2011-11-08 11:20:00,2011-12-06 09:05:00,2,935.05,4,5,3,4,12,Other
16027,2011-02-10 12:19:00,2011-09-09 10:47:00,6,934.62,92,2,5,4,11,Loyal
12924,2011-01-16 11:49:00,2011-09-12 13:55:00,4,933.7,89,2,4,4,10,Loyal
15787,2011-10-09 13:11:00,2011-11-13 14:55:00,3,933.26,27,4,4,3,11,Loyal
13655,2011-04-12 09:53:00,2011-08-17 14:25:00,2,932.97,115,2,2,3,7,Other
14532,2010-12-22 13:48:00,2011-04-17 13:05:00,4,932.85,237,1,4,3,8,Loyal
18133,2011-05-11 14:14:00,2011-05-11 14:14:00,1,931.4999999999999,213,1,2,3,6,Other
16934,2011-10-16 12:25:00,2011-10-16 12:40:00,2,931.03,55,3,3,3,9,Other
17289,2011-06-12 13:51:00,2011-11-08 12:01:00,3,931.02,32,4,4,3,11,Loyal
17552,2010-12-02 18:45:00,2011-10-10 17:00:00,4,930.41,61,3,4,3,10,Loyal
17618,2010-12-12 16:05:00,2011-12-04 11:50:00,3,930.28,6,5,4,3,12,Loyal
16907,2010-12-09 16:52:00,2011-11-10 18:04:00,5,928.76,30,4,4,3,11,Loyal
14475,2011-02-08 10:12:00,2011-09-29 10:46:00,3,925.85,72,3,3,3,9,Other
14231,2011-02-24 11:55:00,2011-06-09 11:05:00,3,925.71,184,1,3,3,7,At risk
17048,2011-01-12 16:51:00,2011-08-14 11:49:00,3,925.35,118,2,4,3,9,Loyal
15312,2010-12-20 12:51:00,2011-09-25 13:10:00,4,924.85,76,2,4,3,9,Loyal
13805,2011-08-02 15:29:00,2011-10-18 14:50:00,2,924.6,53,3,2,3,8,Other
15654,2011-11-13 15:15:00,2011-11-30 13:08:00,2,922.53,10,5,3,3,11,Other
13122,2011-04-13 14:12:00,2011-09-06 15:53:00,2,922.39,95,2,2,3,7,Other
16551,2011-01-07 10:24:00,2011-09-05 09:38:00,3,922.12,96,2,4,3,9,Loyal
13934,2011-03-21 08:39:00,2011-03-21 08:39:00,1,922.1,264,1,1,3,5,Other
13035,2011-03-24 09:21:00,2011-09-27 08:57:00,2,921.88,74,2,2,3,7,Other
14081,2010-12-05 15:47:00,2011-02-10 16:17:00,2,921.62,303,1,3,3,7,At risk
15576,2011-11-02 12:03:00,2011-11-02 12:03:00,1,921.37,38,3,1,3,7,Other
13984,2010-12-08 15:58:00,2011-11-13 12:38:00,5,920.51,27,4,4,3,11,Loyal
17018,2011-01-18 08:46:00,2011-10-30 11:42:00,2,920.1,41,3,3,3,9,Other
12652,2011-01-12 15:00:00,2011-01-12 15:00:00,1,919.98,332,1,1,3,5,Other
13075,2011-08-02 10:19:00,2011-08-02 10:19:00,1,919.61,130,2,1,3,6,Other
16511,2011-03-18 11:24:00,2011-11-18 10:41:00,3,918.33,22,4,4,3,11,Loyal
13549,2011-04-11 13:42:00,2011-11-14 09:20:00,7,918.2,26,4,5,3,12,Loyal
15253,2011-06-23 12:19:00,2011-11-23 16:22:00,5,918.1999999999999,17,4,4,3,11,Loyal
14015,2011-10-18 10:02:00,2011-10-18 10:02:00,1,917.34,53,3,1,3,7,Other
14712,2011-08-19 13:33:00,2011-11-10 12:59:00,3,917.07,30,4,3,3,10,Other
15707,2011-09-14 14:19:00,2011-11-04 14:35:00,4,916.98,36,3,4,3,10,Loyal
17236,2010-12-12 11:49:00,2011-11-27 12:00:00,6,916.13,13,5,5,3,13,Champions
14141,2011-08-26 14:40:00,2011-12-07 09:53:00,4,915.13,3,5,4,3,12,Loyal
16216,2011-03-17 15:34:00,2011-03-17 15:34:00,1,914.9300000000001,268,1,2,3,6,Other
16809,2011-03-22 15:20:00,2011-11-16 15:45:00,5,914.69,24,4,4,3,11,Loyal
15587,2010-12-23 09:59:00,2011-10-20 13:37:00,4,913.6800000000001,51,3,4,3,10,Loyal
15364,2011-03-30 13:39:00,2011-09-05 09:46:00,2,913.19,96,2,3,3,8,At risk
14359,2011-09-13 09:03:00,2011-11-20 13:17:00,3,912.18,20,4,3,3,10,Other
13192,2011-05-18 14:57:00,2011-09-05 14:13:00,2,911.94,96,2,2,3,7,Other
14289,2011-02-23 12:33:00,2011-12-01 11:44:00,6,911.26,9,5,5,3,13,Champions
13689,2011-10-07 13:21:00,2011-10-07 13:21:00,1,910.0,64,3,1,3,7,Other
13782,2011-01-16 11:08:00,2011-11-27 11:54:00,6,908.86,13,5,5,3,13,Champions
13038,2011-02-22 11:43:00,2011-09-20 14:37:00,3,908.46,81,2,3,3,8,At risk
17323,2011-02-20 14:38:00,2011-11-24 17:29:00,7,906.52,16,4,5,3,12,Loyal
15480,2011-08-15 14:32:00,2011-08-15 14:32:00,1,905.5,117,2,1,3,6,Other
15807,2011-09-23 14:43:00,2011-10-20 14:10:00,3,903.9,51,3,4,3,10,Loyal
16716,2011-02-01 15:35:00,2011-03-18 10:03:00,2,901.2,267,1,3,3,7,At risk
17848,2010-12-16 18:38:00,2011-09-19 16:49:00,9,901.1999999999999,82,2,5,3,10,Loyal
15511,2011-09-15 15:05:00,2011-11-28 09:43:00,5,900.53,12,5,4,3,12,Loyal
12940,2011-09-13 10:16:00,2011-10-16 12:09:00,2,899.69,55,3,2,3,8,Other
14625,2010-12-13 15:36:00,2011-05-27 15:32:00,2,899.63,197,1,3,3,7,At risk
15079,2010-12-09 09:25:00,2011-05-11 12:45:00,4,895.61,213,1,4,3,8,Loyal
15865,2011-05-10 11:44:00,2011-10-30 12:43:00,3,895.13,41,3,4,3,10,Loyal
15211,2010-12-09 16:08:00,2011-10-10 13:31:00,2,894.4100000000001,61,3,3,3,9,Other
15066,2011-10-17 13:25:00,2011-10-17 13:25:00,1,893.59,54,3,1,3,7,Other
12772,2011-10-11 09:19:00,2011-10-11 09:19:00,1,892.47,60,3,1,3,7,Other
16361,2011-09-29 13:13:00,2011-11-30 12:32:00,4,891.21,10,5,4,3,12,Loyal
13515,2011-04-06 10:33:00,2011-09-28 11:26:00,4,891.12,73,2,4,3,9,Loyal
15255,2011-10-04 12:43:00,2011-10-04 12:43:00,1,890.85,67,3,1,3,7,Other
14240,2011-04-28 11:40:00,2011-11-09 13:45:00,2,890.34,31,4,3,3,10,Other
14344,2010-12-06 11:58:00,2011-08-04 13:51:00,8,889.9300000000001,128,2,5,3,10,Loyal
17007,2010-12-17 13:57:00,2011-10-20 10:47:00,6,889.9300000000001,51,3,5,3,11,Loyal
17829,2011-02-14 12:46:00,2011-02-14 12:46:00,1,889.24,299,1,2,3,6,Other
17537,2011-02-09 13:37:00,2011-11-10 10:56:00,2,887.67,30,4,3,3,10,Other
16900,2011-10-07 13:17:00,2011-11-23 10:32:00,3,887.11,17,4,4,3,11,Loyal
14623,2011-04-18 13:54:00,2011-11-07 13:56:00,5,886.7,33,3,4,3,10,Loyal
14449,2010-12-02 14:09:00,2011-11-21 12:06:00,4,885.8,19,4,4,3,11,Loyal
15822,2010-12-15 13:38:00,2011-12-06 14:50:00,2,885.47,4,5,3,3,11,Other
17704,2011-04-14 09:28:00,2011-06-24 09:40:00,2,885.19,169,2,3,3,8,At risk
15799,2011-01-09 15:13:00,2011-09-25 12:46:00,3,884.14,76,2,4,3,9,Loyal
15907,2011-05-13 13:01:00,2011-12-06 12:21:00,3,882.72,4,5,4,3,12,Loyal
18236,2011-04-13 09:52:00,2011-11-10 08:06:00,6,882.24,30,4,5,3,12,Loyal
17109,2011-04-21 15:46:00,2011-11-10 16:59:00,6,881.29,30,4,5,3,12,Loyal
13662,2011-03-25 13:23:00,2011-09-15 12:04:00,3,881.26,86,2,3,3,8,At risk
13037,2011-03-28 15:42:00,2011-07-24 15:46:00,3,881.07,139,2,3,3,8,At risk
15076,2011-06-20 08:23:00,2011-06-20 08:23:00,1,880.85,173,2,1,3,6,Other
17027,2011-01-26 14:19:00,2011-09-22 12:24:00,6,877.5600000000001,79,2,5,3,10,Loyal
15653,2011-08-16 09:50:00,2011-09-08 10:49:00,2,877.4399999999999,93,2,3,3,8,At risk
14770,2011-01-20 15:00:00,2011-04-21 14:21:00,2,876.42,233,1,3,3,7,At risk
15100,2010-12-01 09:09:00,2011-01-10 10:35:00,3,876.0,334,1,3,3,7,At risk
16513,2011-10-27 14:56:00,2011-12-05 10:18:00,4,874.59,5,5,4,3,12,Loyal
16657,2011-03-30 12:02:00,2011-11-30 11:48:00,4,874.43,10,5,4,3,12,Loyal
13294,2011-04-04 12:37:00,2011-06-03 08:54:00,2,873.74,190,1,2,3,6,Other
15208,2010-12-21 13:03:00,2011-12-08 17:24:00,5,870.12,2,5,4,3,12,Loyal
13200,2011-08-05 14:50:00,2011-11-20 15:35:00,4,870.09,20,4,4,3,11,Loyal
13979,2011-09-27 13:32:00,2011-09-27 13:32:00,1,869.87,74,2,1,3,6,Other
17566,2011-11-14 13:42:00,2011-12-01 19:54:00,2,869.77,9,5,3,3,11,Other
12694,2011-06-09 17:48:00,2011-09-30 13:06:00,2,869.67,71,3,2,3,8,Other
13203,2011-04-11 14:40:00,2011-11-30 10:45:00,4,869.46,10,5,4,3,12,Loyal
17886,2011-04-04 12:34:00,2011-11-08 10:09:00,3,869.28,32,4,4,3,11,Loyal
17649,2011-07-24 15:53:00,2011-07-24 15:53:00,1,868.49,139,2,2,3,7,Other
14912,2011-04-07 11:06:00,2011-11-23 09:20:00,2,867.85,17,4,3,3,10,Other
14715,2011-01-12 13:27:00,2011-11-15 12:10:00,4,867.38,25,4,4,3,11,Loyal
16235,2011-01-11 15:42:00,2011-10-30 10:56:00,5,867.31,41,3,4,3,10,Loyal
14597,2011-06-01 12:33:00,2011-11-28 13:13:00,2,866.24,12,5,3,3,11,Other
16567,2011-01-07 09:31:00,2011-05-29 13:57:00,2,865.6,195,1,3,3,7,At risk
13846,2010-12-14 16:07:00,2011-11-15 12:07:00,3,865.0600000000001,25,4,3,3,10,Other
12680,2011-08-18 15:44:00,2011-12-09 12:50:00,4,862.81,1,5,4,3,12,Loyal
16266,2011-05-17 14:50:00,2011-09-27 12:08:00,7,861.89,74,2,5,3,10,Loyal
16221,2010-12-07 13:13:00,2011-11-03 11:43:00,3,860.86,37,3,4,3,10,Loyal
12794,2011-09-02 12:01:00,2011-10-17 14:54:00,2,860.41,54,3,2,3,8,Other
13339,2011-05-23 08:31:00,2011-05-23 08:31:00,1,860.12,201,1,1,3,5,Other
14577,2010-12-12 11:26:00,2011-11-27 12:47:00,4,859.71,13,5,4,3,12,Loyal
14553,2011-01-04 15:40:00,2011-11-20 13:20:00,5,859.27,20,4,4,3,11,Loyal
13566,2011-09-18 12:40:00,2011-10-30 11:59:00,2,856.84,41,3,2,3,8,Other
16163,2010-12-09 16:28:00,2011-04-21 15:15:00,2,856.6,233,1,3,3,7,At risk
12693,2011-01-24 12:58:00,2011-08-04 17:51:00,4,855.91,128,2,4,3,9,Loyal
17064,2011-01-16 16:10:00,2011-10-12 10:18:00,3,855.45,59,3,4,3,10,Loyal
16037,2010-12-16 10:18:00,2011-03-15 09:13:00,3,855.02,270,1,4,3,8,Loyal
12878,2011-03-18 14:02:00,2011-04-17 13:07:00,2,854.99,237,1,2,3,6,Other
17560,2011-02-02 11:14:00,2011-09-06 09:18:00,4,854.95,95,2,4,3,9,Loyal
16121,2011-05-08 11:52:00,2011-10-13 12:59:00,2,854.66,58,3,3,3,9,Other
14193,2011-03-15 11:38:00,2011-10-03 09:34:00,2,853.39,68,3,3,3,9,Other
13991,2011-07-19 12:58:00,2011-11-27 16:18:00,6,852.88,13,5,5,3,13,Champions
15022,2011-10-23 15:47:00,2011-11-28 12:35:00,4,852.39,12,5,4,3,12,Loyal
12379,2011-06-22 16:32:00,2011-09-19 10:09:00,2,852.24,82,2,2,3,7,Other
16070,2011-11-07 16:36:00,2011-11-17 15:50:00,2,852.15,23,4,3,3,10,Other
16020,2011-10-05 13:54:00,2011-11-23 11:18:00,3,851.01,17,4,4,3,11,Loyal
18096,2011-10-07 11:55:00,2011-11-28 12:44:00,3,849.06,12,5,4,3,12,Loyal
12713,2011-12-09 12:16:00,2011-12-09 12:16:00,1,848.55,1,5,1,3,9,Promising
14657,2011-01-17 15:19:00,2011-11-22 12:47:00,4,848.22,18,4,4,3,11,Loyal
16347,2011-11-03 13:01:00,2011-11-28 13:14:00,2,847.45,12,5,3,3,11,Other
13221,2010-12-15 13:24:00,2011-04-13 16:58:00,2,847.41,241,1,2,3,6,Other
16877,2011-05-15 16:13:00,2011-11-27 13:47:00,6,846.62,13,5,5,3,13,Champions
14803,2011-02-20 13:21:00,2011-06-30 13:58:00,3,845.55,163,2,3,3,8,At risk
12847,2011-11-17 13:16:00,2011-11-17 13:16:00,1,843.64,23,4,1,3,8,Promising
17624,2011-05-05 17:59:00,2011-11-25 10:52:00,2,843.48,15,4,3,3,10,Other
17929,2011-02-04 11:40:00,2011-11-28 16:01:00,4,843.0,12,5,4,3,12,Loyal
13929,2011-01-17 15:11:00,2011-06-23 15:26:00,2,842.65,170,2,2,3,7,Other
16108,2011-09-16 11:48:00,2011-09-16 11:48:00,1,842.5,85,2,2,3,7,Other
16560,2010-12-16 14:36:00,2011-11-13 10:35:00,2,841.41,27,4,3,3,10,Other
14862,2011-07-14 11:20:00,2011-11-14 10:01:00,2,841.1999999999999,26,4,3,3,10,Other
17076,2010-12-10 10:08:00,2011-11-03 17:53:00,3,841.0799999999999,37,3,4,3,10,Loyal
14332,2011-07-15 10:33:00,2011-11-17 11:54:00,3,840.21,23,4,3,3,10,Other
13940,2011-07-18 16:05:00,2011-11-22 15:15:00,4,839.14,18,4,4,3,11,Loyal
17115,2011-04-20 14:46:00,2011-12-01 14:30:00,3,837.5,9,5,4,3,12,Loyal
16554,2011-01-12 12:41:00,2011-10-28 14:51:00,3,837.1,43,3,4,3,10,Loyal
15832,2011-03-30 15:29:00,2011-03-30 15:29:00,1,836.79,255,1,2,3,6,Other
12728,2011-01-11 13:31:00,2011-09-29 15:31:00,4,836.33,72,2,4,3,9,Loyal
16747,2011-10-03 10:18:00,2011-11-02 11:37:00,2,836.06,38,3,3,3,9,Other
17169,2011-06-09 13:16:00,2011-10-13 10:25:00,2,835.78,58,3,3,3,9,Other
13835,2011-05-08 15:22:00,2011-11-14 15:37:00,4,834.57,26,4,4,3,11,Loyal
17075,2011-01-26 13:20:00,2011-11-22 11:58:00,4,834.12,18,4,4,3,11,Loyal
16644,2011-05-11 12:53:00,2011-06-15 12:39:00,2,833.78,178,2,3,3,8,At risk
15862,2010-12-01 11:21:00,2011-12-01 13:28:00,4,832.88,9,5,4,3,12,Loyal
14644,2011-02-14 14:14:00,2011-10-03 08:30:00,2,830.76,68,3,3,3,9,Other
16924,2011-09-16 12:54:00,2011-11-18 12:53:00,3,829.89,22,4,4,3,11,Loyal
13681,2011-07-07 15:21:00,2011-11-22 11:13:00,4,827.83,18,4,4,3,11,Loyal
12461,2011-07-08 10:23:00,2011-09-06 16:57:00,2,826.88,95,2,2,3,7,Other
12781,2011-02-28 08:43:00,2011-10-07 10:37:00,2,826.74,64,3,2,3,8,Other
16494,2011-02-16 12:49:00,2011-02-16 12:49:00,1,826.53,297,1,2,3,6,Other
12427,2010-12-03 10:44:00,2011-11-18 08:56:00,3,825.8,22,4,3,3,10,Other
15164,2011-01-04 14:21:00,2011-10-02 12:05:00,3,824.58,69,3,3,3,9,Other
16164,2011-10-28 09:12:00,2011-11-22 15:04:00,3,822.48,18,4,4,3,11,Loyal
12778,2011-01-31 14:35:00,2011-11-20 11:30:00,6,822.23,20,4,5,3,12,Loyal
13893,2011-02-15 11:30:00,2011-02-15 11:30:00,1,821.1,298,1,1,3,5,Other
17921,2011-03-18 13:19:00,2011-10-06 18:56:00,4,820.23,65,3,4,3,10,Loyal
17759,2011-06-23 13:35:00,2011-11-22 16:02:00,3,819.96,18,4,4,3,11,Loyal
13220,2011-04-17 10:59:00,2011-09-22 13:38:00,4,819.2900000000001,79,2,4,3,9,Loyal
16092,2011-03-30 15:38:00,2011-08-17 10:46:00,3,817.86,115,2,4,3,9,Loyal
16869,2011-06-17 13:01:00,2011-11-17 12:02:00,4,817.12,23,4,4,3,11,Loyal
16943,2011-01-25 14:00:00,2011-05-12 11:57:00,3,816.73,212,1,4,3,8,Loyal
15649,2010-12-07 10:06:00,2011-01-07 13:34:00,2,816.0,337,1,3,3,7,At risk
15399,2011-09-21 15:57:00,2011-12-08 13:04:00,3,815.77,2,5,3,3,11,Other
13811,2011-04-14 18:40:00,2011-06-09 09:54:00,3,814.5,184,1,3,3,7,At risk
18064,2011-04-18 15:08:00,2011-07-29 16:39:00,2,814.0,134,2,3,3,8,At risk
16600,2011-01-05 12:13:00,2011-12-05 16:00:00,6,813.52,5,5,5,3,13,Champions
16621,2011-03-07 11:32:00,2011-10-19 11:38:00,4,813.48,52,3,4,3,10,Loyal
14421,2011-05-12 10:49:00,2011-10-13 13:24:00,2,813.11,58,3,3,3,9,Other
16284,2011-10-20 13:54:00,2011-11-08 16:12:00,2,812.68,32,4,3,3,10,Other
17980,2010-12-15 15:50:00,2011-06-27 12:01:00,3,811.45,166,2,4,3,9,Loyal
16460,2011-09-19 10:15:00,2011-11-11 13:46:00,3,811.23,29,4,4,3,11,Loyal
16276,2011-06-16 09:34:00,2011-06-16 09:34:00,1,810.6000000000001,177,2,2,3,7,Other
16624,2011-05-26 14:20:00,2011-09-20 12:39:00,2,810.5699999999999,81,2,3,3,8,At risk
15965,2010-12-07 13:18:00,2011-11-22 16:44:00,4,808.87,18,4,4,3,11,Loyal
14499,2011-03-06 11:55:00,2011-11-13 13:01:00,3,808.44,27,4,3,3,10,Other
15533,2011-09-11 15:41:00,2011-11-20 15:35:00,3,807.57,20,4,3,3,10,Other
12421,2011-01-24 15:09:00,2011-11-24 09:07:00,4,807.04,16,4,4,3,11,Loyal
13707,2011-01-28 13:27:00,2011-03-17 18:03:00,2,806.41,268,1,2,3,6,Other
12434,2011-03-24 13:05:00,2011-09-16 12:38:00,2,806.14,85,2,2,3,7,Other
13637,2011-04-27 13:06:00,2011-10-18 13:32:00,3,804.3,53,3,3,3,9,Other
18248,2011-06-06 13:18:00,2011-08-09 10:19:00,2,804.02,123,2,3,3,8,At risk
12422,2011-01-19 09:13:00,2011-09-05 09:48:00,3,803.5600000000001,96,2,3,3,8,At risk
15644,2011-03-23 15:37:00,2011-06-26 14:54:00,4,803.54,167,2,4,3,9,Loyal
18265,2011-07-04 15:26:00,2011-09-28 14:10:00,2,801.51,73,2,3,3,8,At risk
17114,2011-01-09 11:39:00,2011-12-04 12:17:00,8,801.12,6,5,5,3,13,Champions
16367,2010-12-12 12:01:00,2011-11-02 13:13:00,2,800.67,38,3,3,3,9,Other
15561,2011-05-08 11:38:00,2011-11-28 11:07:00,4,800.59,12,5,4,3,12,Loyal
13720,2011-03-30 09:17:00,2011-08-15 12:46:00,4,799.9,117,2,4,3,9,Loyal
17905,2010-12-01 13:21:00,2011-09-29 17:33:00,4,798.99,72,3,4,3,10,Loyal
17703,2011-07-24 13:30:00,2011-11-04 15:51:00,3,798.74,36,3,4,3,10,Loyal
13280,2011-01-06 17:10:00,2011-08-09 13:14:00,3,798.46,123,2,3,3,8,At risk
16438,2011-09-18 13:31:00,2011-12-04 10:51:00,5,798.35,6,5,4,3,12,Loyal
13389,2011-04-21 12:12:00,2011-11-28 14:01:00,3,797.96,12,5,3,3,11,Other
12701,2011-04-11 13:02:00,2011-09-21 10:47:00,2,797.71,80,2,2,3,7,Other
13336,2011-09-23 14:05:00,2011-09-23 14:05:00,1,795.12,78,2,1,3,6,Other
15831,2011-01-19 14:52:00,2011-10-12 13:14:00,3,794.64,59,3,4,3,10,Loyal
15990,2011-02-25 15:35:00,2011-10-26 15:58:00,2,792.11,45,3,3,3,9,Other
13167,2011-07-19 12:13:00,2011-11-21 12:24:00,4,791.33,19,4,4,3,11,Loyal
14976,2011-01-17 11:09:00,2011-10-13 16:37:00,7,790.86,58,3,5,3,11,Loyal
13016,2011-08-08 15:00:00,2011-09-27 14:08:00,3,789.89,74,2,3,3,8,At risk
16759,2011-11-09 09:06:00,2011-12-02 12:42:00,3,789.79,8,5,4,3,12,Loyal
13329,2010-12-08 10:11:00,2011-11-08 10:29:00,2,789.0,32,4,2,3,9,Promising
14557,2011-09-15 15:48:00,2011-09-15 15:48:00,1,788.38,86,2,1,3,6,Other
13323,2011-09-16 13:23:00,2011-12-06 17:12:00,5,787.85,4,5,4,3,12,Loyal
13884,2011-03-01 13:40:00,2011-12-02 16:30:00,5,787.6,8,5,4,3,12,Loyal
16546,2010-12-02 12:07:00,2011-02-22 11:20:00,2,787.15,291,1,3,3,7,At risk
13212,2011-10-09 14:48:00,2011-11-20 12:40:00,3,786.83,20,4,3,3,10,Other
13109,2011-07-05 14:56:00,2011-10-11 10:16:00,2,786.54,60,3,2,3,8,Other
12628,2011-10-06 09:28:00,2011-12-05 13:15:00,3,786.46,5,5,3,3,11,Other
15806,2011-03-08 09:24:00,2011-10-24 14:35:00,3,784.58,47,3,4,3,10,Loyal
18136,2011-01-24 12:08:00,2011-10-07 15:40:00,3,784.33,64,3,4,3,10,Loyal
17180,2011-01-27 18:05:00,2011-10-14 15:46:00,4,783.97,57,3,4,3,10,Loyal
16054,2011-07-17 13:08:00,2011-07-17 13:08:00,1,783.9,146,2,2,3,7,Other
15952,2011-04-28 12:55:00,2011-11-06 11:18:00,4,781.91,34,3,4,3,10,Loyal
17006,2011-09-25 12:15:00,2011-12-05 12:09:00,4,781.78,5,5,4,3,12,Loyal
15679,2011-06-10 08:24:00,2011-11-15 16:19:00,4,781.28,25,4,4,3,11,Loyal
13583,2011-07-07 10:40:00,2011-07-07 10:40:00,1,781.03,156,2,1,3,6,Other
15239,2011-09-22 09:53:00,2011-11-29 14:14:00,2,780.59,11,5,3,3,11,Other
17797,2011-06-10 11:29:00,2011-11-17 13:21:00,3,780.43,23,4,4,3,11,Loyal
18228,2011-09-21 10:48:00,2011-10-14 09:21:00,2,779.9,57,3,3,3,9,Other
12735,2011-01-06 14:26:00,2011-01-28 13:37:00,2,779.5699999999999,316,1,2,3,6,Other
17411,2011-03-23 13:44:00,2011-11-27 14:25:00,3,778.94,13,5,4,3,12,Loyal
13375,2011-09-12 10:19:00,2011-09-12 10:19:00,1,778.65,89,2,1,3,6,Other
14815,2011-10-03 11:36:00,2011-11-03 11:36:00,2,778.5,37,3,3,3,9,Other
17414,2011-06-08 11:43:00,2011-10-27 12:13:00,2,778.0,44,3,3,3,9,Other
16505,2011-11-08 12:14:00,2011-11-08 12:14:00,1,777.6,32,4,2,3,9,Promising
13563,2011-07-22 17:21:00,2011-09-16 14:45:00,2,777.53,85,2,2,3,7,Other
12425,2011-09-22 17:31:00,2011-09-22 17:31:00,1,777.2,79,2,1,3,6,Other
15618,2011-07-26 10:13:00,2011-11-07 08:34:00,4,776.851,33,4,4,3,11,Loyal
15743,2011-06-08 10:14:00,2011-11-23 17:19:00,4,775.96,17,4,4,3,11,Loyal
13314,2011-09-27 10:20:00,2011-12-08 12:29:00,3,775.94,2,5,3,3,11,Other
13341,2011-03-24 09:50:00,2011-03-24 09:50:00,1,775.85,261,1,1,3,5,Other
16825,2011-06-07 09:44:00,2011-11-01 11:51:00,2,775.1800000000001,39,3,3,3,9,Other
15414,2011-04-11 13:45:00,2011-11-30 09:50:00,3,774.9000000000001,10,5,3,3,11,Other
16043,2011-01-26 11:14:00,2011-11-02 12:50:00,4,773.99,38,3,4,3,10,Loyal
16222,2011-01-25 13:38:00,2011-01-25 13:38:00,1,773.5500000000001,319,1,2,3,6,Other
15075,2011-09-23 12:27:00,2011-09-23 12:27:00,1,773.03,78,2,1,3,6,Other
17764,2011-05-12 16:11:00,2011-10-20 11:03:00,2,772.55,51,3,3,3,9,Other
17409,2011-04-05 16:42:00,2011-06-08 10:36:00,2,771.85,185,1,3,3,7,At risk
15353,2010-12-07 11:49:00,2011-03-30 12:15:00,2,770.12,255,1,3,3,7,At risk
14412,2011-09-28 08:48:00,2011-10-28 10:45:00,2,770.03,43,3,3,3,9,Other
12965,2011-09-11 15:31:00,2011-09-11 15:31:00,1,769.8100000000001,90,2,1,3,6,Other
16480,2011-09-25 11:40:00,2011-09-25 11:40:00,1,769.29,76,2,2,3,7,Other
13356,2011-09-20 14:33:00,2011-09-20 14:33:00,1,768.24,81,2,1,3,6,Other
14672,2011-01-07 15:48:00,2011-04-19 10:19:00,2,765.55,235,1,3,3,7,At risk
17695,2011-06-21 12:35:00,2011-07-31 10:40:00,2,765.34,132,2,3,3,8,At risk
14885,2011-07-31 12:05:00,2011-07-31 12:05:00,1,765.3199999999999,132,2,1,3,6,Other
17516,2011-02-27 12:41:00,2011-11-24 16:51:00,5,764.88,16,4,4,3,11,Loyal
17268,2011-04-08 13:20:00,2011-08-24 10:06:00,4,763.64,108,2,4,3,9,Loyal
17466,2011-09-22 09:16:00,2011-11-29 13:15:00,2,763.28,11,5,3,3,11,Other
16806,2011-04-14 19:59:00,2011-08-28 15:27:00,4,762.16,104,2,4,3,9,Loyal
15599,2011-05-19 13:05:00,2011-11-13 11:44:00,2,761.74,27,4,3,3,10,Other
14883,2011-05-12 09:49:00,2011-11-21 10:23:00,6,761.59,19,4,5,3,12,Loyal
17425,2011-10-10 11:37:00,2011-11-20 15:30:00,2,759.17,20,4,3,3,10,Other
16036,2011-03-21 13:01:00,2011-09-13 14:53:00,2,758.92,88,2,3,3,8,At risk
15568,2011-09-27 14:37:00,2011-12-07 11:27:00,3,758.29,3,5,3,3,11,Other
16725,2010-12-03 16:02:00,2011-02-10 16:52:00,7,758.27,303,1,5,3,9,Loyal
12413,2011-01-06 16:12:00,2011-10-04 09:00:00,3,758.1,67,3,3,3,9,Other
16205,2011-06-13 11:33:00,2011-11-09 09:32:00,4,757.63,31,4,4,3,11,Loyal
14550,2011-10-26 12:14:00,2011-11-29 12:12:00,2,757.37,11,5,3,3,11,Other
16770,2010-12-02 15:49:00,2011-10-13 12:21:00,5,757.1,58,3,4,3,10,Loyal
15223,2011-04-04 12:17:00,2011-04-28 11:31:00,2,755.75,226,1,3,3,7,At risk
13370,2010-12-03 10:26:00,2010-12-03 10:26:00,1,754.87,372,1,1,3,5,Other
18104,2011-11-02 14:07:00,2011-11-02 14:07:00,1,754.64,38,3,2,3,8,Other
14234,2011-10-13 13:58:00,2011-11-17 17:53:00,4,754.12,23,4,4,3,11,Loyal
16470,2010-12-16 11:53:00,2011-10-19 12:11:00,4,752.77,52,3,4,3,10,Loyal
13730,2011-07-01 12:47:00,2011-07-27 08:35:00,2,752.6,136,2,2,3,7,Other
13030,2010-12-06 14:31:00,2011-11-28 14:30:00,2,752.4399999999999,12,5,2,3,10,Promising
16256,2011-03-18 12:18:00,2011-03-18 12:18:00,1,752.4300000000001,267,1,2,3,6,Other
12908,2011-01-31 12:37:00,2011-06-16 15:39:00,2,750.0,177,2,2,3,7,Other
17146,2010-12-16 12:20:00,2011-08-26 12:44:00,3,749.78,106,2,4,3,9,Loyal
14923,2011-10-20 11:51:00,2011-10-20 11:51:00,1,749.1,51,3,1,3,7,Other
15656,2011-02-28 15:32:00,2011-10-25 14:56:00,4,748.5,46,3,4,3,10,Loyal
16859,2011-03-23 13:39:00,2011-07-18 12:19:00,2,747.81,145,2,3,3,8,At risk
14201,2010-12-15 13:25:00,2011-10-10 13:27:00,7,747.44,61,3,5,3,11,Loyal
17387,2011-11-06 11:25:00,2011-11-20 11:00:00,2,746.81,20,4,3,3,10,Other
14050,2011-08-25 13:46:00,2011-11-08 10:00:00,2,746.36,32,4,3,3,10,Other
17034,2011-02-25 10:10:00,2011-11-23 15:14:00,3,745.52,17,4,4,3,11,Loyal
14790,2011-03-31 11:49:00,2011-11-23 09:28:00,4,745.06,17,4,4,3,11,Loyal
13950,2011-04-07 11:29:00,2011-11-28 14:44:00,4,745.06,12,5,4,3,12,Loyal
13236,2011-08-25 08:58:00,2011-11-15 12:50:00,2,744.85,25,4,2,3,9,Promising
13354,2011-09-29 13:17:00,2011-09-29 13:17:00,1,743.53,72,2,1,3,6,Other
16730,2011-01-24 14:01:00,2011-10-18 14:11:00,3,743.11,53,3,4,3,10,Loyal
12374,2011-11-14 15:37:00,2011-11-14 15:37:00,1,742.9300000000001,26,4,1,3,8,Promising
16891,2010-12-03 11:35:00,2011-12-08 11:15:00,5,742.43,2,5,4,3,12,Loyal
12465,2011-06-23 13:37:00,2011-11-22 16:34:00,2,742.1899999999999,18,4,2,3,9,Promising
14662,2011-01-27 17:41:00,2011-11-11 12:13:00,4,741.37,29,4,4,3,11,Loyal
13753,2011-02-25 12:48:00,2011-02-25 12:48:00,1,741.26,288,1,1,3,5,Other
13900,2011-03-22 10:13:00,2011-06-09 19:26:00,3,740.95,184,1,3,3,7,At risk
17692,2010-12-15 13:37:00,2011-08-04 14:01:00,4,740.9399999999999,128,2,4,3,9,Loyal
15252,2011-06-09 14:15:00,2011-11-03 13:30:00,2,740.78,37,3,3,3,9,Other
12603,2011-11-18 10:42:00,2011-11-18 10:42:00,1,739.1999999999999,22,4,1,3,8,Promising
14756,2011-11-24 18:13:00,2011-11-24 18:13:00,1,738.96,16,4,1,3,8,Promising
12976,2011-05-12 09:55:00,2011-05-12 09:55:00,1,738.6,212,1,1,3,5,Other
17461,2011-11-10 12:01:00,2011-11-17 10:21:00,3,735.82,23,4,4,3,11,Loyal
15074,2011-08-26 14:45:00,2011-08-26 14:45:00,1,735.67,106,2,1,3,6,Other
15045,2011-03-27 11:44:00,2011-07-11 11:33:00,2,735.66,152,2,3,3,8,At risk
15215,2011-09-04 12:24:00,2011-10-24 11:41:00,3,734.94,47,3,3,3,9,Other
15525,2010-12-01 13:17:00,2011-12-07 14:43:00,3,734.37,3,5,3,3,11,Other
16146,2011-04-21 15:25:00,2011-07-05 14:20:00,3,734.13,158,2,4,3,9,Loyal
17979,2011-03-25 11:34:00,2011-11-04 12:05:00,4,732.41,36,3,4,3,10,Loyal
13575,2011-06-16 14:24:00,2011-11-16 13:14:00,5,732.0699999999999,24,4,4,3,11,Loyal
16099,2011-04-28 08:34:00,2011-10-20 13:13:00,3,731.9,51,3,4,3,10,Loyal
16491,2011-10-24 10:18:00,2011-10-24 10:18:00,1,731.5,47,3,2,3,8,Other
14778,2011-02-04 11:43:00,2011-08-04 15:23:00,2,730.86,128,2,3,3,8,At risk
13736,2011-03-24 13:04:00,2011-12-04 15:19:00,2,729.8,6,5,2,3,10,Promising
12468,2011-01-27 13:29:00,2011-06-05 11:36:00,2,729.5400000000001,188,1,2,3,6,Other
16261,2011-04-07 19:05:00,2011-11-22 17:23:00,4,728.54,18,4,4,3,11,Loyal
17666,2011-10-05 11:06:00,2011-12-06 09:06:00,2,728.16,4,5,3,3,11,Other
13077,2010-12-08 14:59:00,2011-12-08 19:24:00,4,728.02,2,5,4,3,12,Loyal
13623,2011-02-15 13:08:00,2011-11-09 12:00:00,5,727.74,31,4,4,3,11,Loyal
14055,2011-08-25 15:04:00,2011-08-25 15:04:00,1,725.6400000000001,107,2,1,3,6,Other
16140,2010-12-03 14:40:00,2011-10-05 12:15:00,2,725.18,66,3,3,3,9,Other
12723,2011-10-05 15:52:00,2011-12-06 10:19:00,5,725.07,4,5,4,3,12,Loyal
15636,2011-03-02 14:50:00,2011-09-11 11:17:00,2,724.76,90,2,3,3,8,At risk
12475,2011-10-17 10:10:00,2011-10-17 10:10:00,1,723.38,54,3,1,3,7,Other
17521,2011-05-24 15:14:00,2011-11-10 11:22:00,3,723.2099999999999,30,4,4,3,11,Loyal
15272,2011-09-14 16:36:00,2011-10-13 12:59:00,2,721.94,58,3,3,3,9,Other
14869,2011-08-28 16:09:00,2011-12-01 12:36:00,2,721.45,9,5,3,3,11,Other
15584,2011-06-30 16:39:00,2011-11-16 10:55:00,4,720.86,24,4,4,3,11,Loyal
18062,2011-01-06 10:03:00,2011-06-19 14:47:00,3,720.52,174,2,4,3,9,Loyal
16023,2011-03-18 13:32:00,2011-10-24 16:34:00,3,719.81,47,3,4,3,10,Loyal
15274,2011-11-21 14:17:00,2011-12-05 16:57:00,2,716.57,5,5,3,3,11,Other
12535,2011-06-06 12:47:00,2011-09-09 08:48:00,2,716.35,92,2,2,3,7,Other
15400,2011-03-06 11:27:00,2011-09-08 13:57:00,5,716.2,93,2,4,3,9,Loyal
17029,2011-04-17 10:57:00,2011-08-21 11:06:00,2,716.0,111,2,3,3,8,At risk
17888,2010-12-17 13:56:00,2011-11-18 13:45:00,8,716.0,22,4,5,3,12,Loyal
15330,2011-10-10 12:30:00,2011-11-07 17:50:00,2,714.96,33,4,3,3,10,Other
15757,2011-05-06 11:40:00,2011-10-05 12:14:00,2,714.42,66,3,3,3,9,Other
18035,2011-10-27 17:48:00,2011-11-04 12:39:00,3,713.89,36,3,4,3,10,Loyal
12616,2011-02-15 14:17:00,2011-09-05 15:17:00,2,713.3,96,2,2,3,7,Other
13169,2011-04-01 14:24:00,2011-10-07 12:11:00,2,712.88,64,3,2,3,8,Other
13147,2011-09-01 12:28:00,2011-11-29 13:59:00,4,712.8000000000001,11,5,4,3,12,Loyal
17761,2011-11-07 10:23:00,2011-11-07 10:23:00,1,712.78,33,4,2,3,9,Promising
13416,2011-09-19 14:43:00,2011-10-27 08:56:00,2,712.5,44,3,2,3,8,Other
13587,2011-10-07 12:31:00,2011-10-07 12:31:00,1,712.4,64,3,1,3,7,Other
17642,2011-06-16 12:55:00,2011-08-12 09:11:00,2,712.29,120,2,3,3,8,At risk
15855,2011-03-21 12:32:00,2011-07-26 10:20:00,5,712.24,137,2,4,3,9,Loyal
13705,2010-12-01 10:29:00,2011-12-02 12:32:00,3,711.86,8,5,3,3,11,Other
17179,2010-12-13 14:24:00,2011-06-14 16:48:00,3,711.79,179,2,4,3,9,Loyal
13249,2011-03-23 15:26:00,2011-09-08 13:26:00,3,711.41,93,2,3,3,8,At risk
14867,2011-01-07 16:34:00,2011-06-07 11:39:00,3,710.28,186,1,3,3,7,At risk
16362,2011-09-09 14:47:00,2011-11-07 13:01:00,5,709.99,33,4,4,3,11,Loyal
14127,2011-02-02 12:26:00,2011-08-09 10:49:00,3,709.71,123,2,3,3,8,At risk
16136,2011-03-07 09:52:00,2011-10-11 09:10:00,3,709.38,60,3,4,3,10,Loyal
15951,2011-02-27 11:57:00,2011-12-01 08:34:00,2,708.22,9,5,3,3,11,Other
16449,2011-03-04 12:15:00,2011-05-26 10:25:00,2,707.69,198,1,3,3,7,At risk
12453,2011-07-28 14:08:00,2011-07-28 14:08:00,1,707.09,135,2,1,3,6,Other
16309,2011-04-13 11:46:00,2011-08-25 15:35:00,2,706.57,107,2,3,3,8,At risk
14126,2011-11-29 12:21:00,2011-12-02 11:45:00,3,706.1300000000001,8,5,3,3,11,Other
16364,2011-07-25 14:35:00,2011-11-28 11:27:00,2,705.79,12,5,3,3,11,Other
16882,2011-01-26 17:43:00,2011-10-04 10:42:00,3,705.12,67,3,4,3,10,Loyal
16015,2011-10-21 12:56:00,2011-12-06 10:58:00,3,704.55,4,5,4,3,12,Loyal
17934,2011-10-12 10:50:00,2011-10-19 11:16:00,2,704.25,52,3,3,3,9,Other
12612,2011-09-26 15:35:00,2011-09-26 15:35:00,1,704.0400000000001,75,2,1,3,6,Other
17974,2011-05-04 11:50:00,2011-11-15 11:37:00,3,703.99,25,4,4,3,11,Loyal
12883,2011-09-11 15:18:00,2011-11-15 09:32:00,4,703.47,25,4,4,3,11,Loyal
15103,2011-09-14 13:54:00,2011-11-08 14:53:00,2,703.36,32,4,3,3,10,Other
16997,2011-01-18 11:51:00,2011-02-24 17:28:00,3,702.0,289,1,4,3,8,Loyal
14179,2011-10-18 14:00:00,2011-10-30 12:07:00,2,701.57,41,3,3,3,9,Other
14198,2011-04-14 14:54:00,2011-11-21 16:35:00,4,701.4,19,4,4,3,11,Loyal
14356,2011-09-19 14:43:00,2011-09-21 09:18:00,2,701.23,80,2,3,3,8,At risk
13238,2010-12-14 14:37:00,2011-11-22 15:37:00,4,700.73,18,4,4,3,11,Loyal
17734,2011-04-20 10:04:00,2011-10-17 12:33:00,3,700.63,54,3,4,3,10,Loyal
17812,2010-12-06 15:27:00,2011-11-27 11:47:00,4,699.81,13,5,4,3,12,Loyal
17423,2011-05-06 09:14:00,2011-10-24 13:36:00,2,698.41,47,3,3,3,9,Other
14829,2010-12-02 16:12:00,2011-11-10 16:16:00,4,697.55,30,4,4,3,11,Loyal
17472,2011-02-13 14:40:00,2011-06-01 14:57:00,3,697.54,192,1,4,3,8,Loyal
15800,2011-04-07 12:39:00,2011-08-24 14:23:00,2,696.89,108,2,3,3,8,At risk
15700,2011-06-19 15:36:00,2011-06-20 16:53:00,2,696.68,173,2,3,3,8,At risk
14009,2011-05-18 13:00:00,2011-05-25 15:47:00,2,695.61,199,1,3,3,7,At risk
14959,2011-02-16 13:00:00,2011-10-06 18:23:00,4,695.42,65,3,4,3,10,Loyal
17884,2010-12-03 12:11:00,2011-12-06 11:33:00,4,695.0699999999999,4,5,4,3,12,Loyal
15304,2010-12-06 11:42:00,2011-10-10 10:23:00,8,694.4000000000001,61,3,5,3,11,Loyal
12925,2011-09-26 11:05:00,2011-12-05 11:11:00,2,694.05,5,5,2,3,10,Promising
15053,2011-03-03 12:06:00,2011-12-05 12:08:00,3,693.95,5,5,3,3,11,Other
14643,2010-12-16 17:53:00,2011-06-22 14:41:00,2,693.8100000000001,171,2,3,3,8,At risk
12410,2011-02-04 10:38:00,2011-02-04 10:39:00,2,693.3299999999999,309,1,2,3,6,Other
13601,2011-05-12 16:52:00,2011-10-25 17:31:00,2,693.32,46,3,2,3,8,Other
14111,2011-04-12 11:36:00,2011-11-25 13:44:00,4,692.85,15,4,4,3,11,Loyal
17198,2010-12-03 14:54:00,2011-11-16 10:39:00,3,692.22,24,4,4,3,11,Loyal
17733,2011-03-23 09:54:00,2011-11-01 08:16:00,2,692.19,39,3,3,3,9,Other
14880,2011-02-24 12:27:00,2011-09-23 13:42:00,3,690.59,78,2,3,3,8,At risk
16212,2011-03-01 12:51:00,2011-11-20 13:00:00,2,690.34,20,4,3,3,10,Other
17796,2010-12-05 12:23:00,2011-10-30 15:38:00,4,690.0,41,3,4,3,10,Loyal
18085,2010-12-01 12:08:00,2011-01-13 15:17:00,2,689.95,331,1,3,3,7,At risk
13023,2011-08-02 09:34:00,2011-10-06 16:27:00,2,689.9,65,3,2,3,8,Other
15181,2011-03-15 12:03:00,2011-10-04 13:58:00,3,689.4799999999999,67,3,3,3,9,Other
17502,2011-11-10 16:39:00,2011-11-30 13:13:00,4,689.1,10,5,4,3,12,Loyal
13799,2011-02-18 14:18:00,2011-08-15 12:07:00,2,688.86,117,2,2,3,7,Other
16642,2011-05-16 12:35:00,2011-12-05 11:31:00,2,688.33,5,5,3,3,11,Other
18196,2011-02-22 16:13:00,2011-09-05 16:22:00,2,686.63,96,2,3,3,8,At risk
12658,2011-11-21 10:22:00,2011-11-21 10:22:00,1,686.05,19,4,1,3,8,Promising
15038,2010-12-05 10:54:00,2011-10-12 11:33:00,6,685.74,59,3,5,3,11,Loyal
16122,2010-12-08 11:41:00,2011-09-27 15:34:00,4,684.4200000000001,74,2,4,3,9,Loyal
15669,2011-03-21 09:13:00,2011-10-30 16:03:00,4,684.34,41,3,4,3,10,Loyal
17874,2011-03-29 11:25:00,2011-06-07 12:54:00,6,683.46,186,1,5,3,9,Loyal
14222,2011-06-15 16:42:00,2011-06-15 16:42:00,1,683.17,178,2,1,3,6,Other
15582,2011-05-03 13:36:00,2011-11-15 09:55:00,3,682.9100000000001,25,4,3,3,10,Other
17341,2010-12-08 12:46:00,2011-07-06 12:33:00,3,682.29,157,2,4,3,9,Loyal
18135,2011-06-02 14:04:00,2011-11-10 19:32:00,5,681.9100000000001,30,4,4,3,11,Loyal
17397,2011-11-17 13:58:00,2011-11-17 14:08:00,2,681.41,23,4,3,3,10,Other
12478,2011-12-06 09:56:00,2011-12-06 09:56:00,1,680.99,4,5,1,3,9,Promising
18082,2011-11-14 12:45:00,2011-11-14 12:45:00,1,680.84,26,4,2,3,9,Promising
13524,2011-05-04 12:26:00,2011-10-30 12:34:00,5,680.1800000000001,41,3,4,3,10,Loyal
16872,2011-06-08 14:32:00,2011-09-23 16:05:00,3,680.02,78,2,4,3,9,Loyal
15322,2011-09-15 09:34:00,2011-09-15 09:34:00,1,679.68,86,2,1,3,6,Other
13430,2011-09-14 14:26:00,2011-11-21 08:19:00,2,679.45,19,4,2,3,9,Promising
14788,2011-11-13 15:52:00,2011-12-02 17:06:00,2,679.4399999999999,8,5,3,3,11,Other
13925,2011-07-28 12:09:00,2011-09-08 12:47:00,4,678.25,93,2,4,3,9,Loyal
13548,2011-04-10 11:35:00,2011-09-04 14:50:00,2,678.16,97,2,2,3,7,Other
13388,2011-07-31 12:52:00,2011-07-31 12:52:00,2,677.1,132,2,2,3,7,Other
13040,2011-11-06 13:53:00,2011-12-01 10:38:00,2,676.99,9,5,2,3,10,Promising
16377,2011-03-17 15:41:00,2011-03-17 15:41:00,1,676.2,268,1,2,3,6,Other
15626,2011-01-14 10:10:00,2011-09-26 10:03:00,2,675.8,75,2,3,3,8,At risk
17462,2011-02-28 17:01:00,2011-10-10 13:56:00,2,675.69,61,3,3,3,9,Other
15574,2010-12-02 15:46:00,2011-06-15 12:01:00,4,675.64,178,2,4,3,9,Loyal
18156,2010-12-05 12:29:00,2011-11-27 12:24:00,2,675.64,13,5,3,3,11,Other
12942,2010-12-09 09:34:00,2011-07-31 14:39:00,3,675.6,132,2,3,3,8,At risk
13607,2011-10-30 16:17:00,2011-10-30 16:17:00,1,675.51,41,3,1,3,7,Other
13325,2011-09-19 10:36:00,2011-09-19 10:36:00,1,675.3,82,2,1,3,6,Other
17994,2011-02-22 11:02:00,2011-08-10 11:41:00,4,674.89,122,2,4,3,9,Loyal
13838,2010-12-05 10:45:00,2011-12-04 11:00:00,4,674.82,6,5,4,3,12,Loyal
13355,2011-08-09 14:48:00,2011-08-09 14:48:00,1,674.7,123,2,1,3,6,Other
13464,2011-10-12 15:01:00,2011-10-12 15:01:00,1,674.68,59,3,1,3,7,Other
17749,2011-03-28 13:39:00,2011-06-14 15:45:00,2,674.52,179,2,3,3,8,At risk
13951,2011-02-18 15:21:00,2011-06-16 16:43:00,3,674.45,177,2,3,3,8,At risk
14504,2011-03-06 14:38:00,2011-10-23 16:00:00,4,673.26,48,3,4,3,10,Loyal
13258,2011-05-18 13:11:00,2011-11-28 09:31:00,3,672.83,12,5,3,3,11,Other
14628,2011-04-11 14:43:00,2011-09-09 14:58:00,2,671.96,92,2,3,3,8,At risk
12838,2010-12-01 11:57:00,2011-11-06 12:20:00,2,671.95,34,3,2,3,8,Other
12638,2011-11-06 13:11:00,2011-11-06 13:11:00,1,671.69,34,3,1,3,7,Other
12418,2011-08-19 11:08:00,2011-08-19 11:08:00,1,668.58,113,2,1,3,6,Other
14342,2011-05-13 13:50:00,2011-11-18 13:21:00,4,668.5600000000001,22,4,4,3,11,Loyal
13741,2011-05-06 13:43:00,2011-09-29 09:19:00,3,668.4300000000001,72,3,3,3,9,Other
16268,2011-09-29 18:30:00,2011-09-29 18:30:00,2,667.65,72,3,3,3,9,Other
15969,2011-06-07 12:19:00,2011-12-07 11:06:00,3,666.1,3,5,4,3,12,Loyal
17105,2011-02-06 14:46:00,2011-07-03 15:53:00,2,665.78,160,2,3,3,8,At risk
13963,2010-12-07 09:21:00,2011-02-04 14:43:00,4,664.54,309,1,4,3,8,Loyal
17883,2011-04-07 19:16:00,2011-12-06 17:49:00,4,664.34,4,5,4,3,12,Loyal
16208,2011-02-23 13:37:00,2011-10-26 11:36:00,2,664.26,45,3,3,3,9,Other
13596,2011-11-27 11:57:00,2011-12-04 12:01:00,2,664.11,6,5,2,3,10,Promising
15643,2011-03-02 14:34:00,2011-06-01 07:38:00,3,664.0,192,1,3,3,7,At risk
14720,2011-08-05 12:06:00,2011-12-04 12:02:00,3,663.81,6,5,3,3,11,Other
13240,2010-12-09 12:49:00,2011-09-04 14:08:00,4,663.65,97,2,4,3,9,Loyal
16573,2011-02-22 15:14:00,2011-09-16 09:13:00,2,663.61,85,2,3,3,8,At risk
16774,2011-06-14 12:45:00,2011-10-03 12:41:00,4,661.52,68,3,4,3,10,Loyal
13028,2011-10-25 14:09:00,2011-11-17 11:10:00,2,661.3199999999999,23,4,2,3,9,Promising
14603,2011-03-10 10:27:00,2011-03-10 10:27:00,1,660.0,275,1,1,3,5,Other
15492,2011-09-26 14:02:00,2011-11-11 14:53:00,2,659.4599999999999,29,4,3,3,10,Other
13759,2011-09-29 15:40:00,2011-11-06 14:47:00,2,659.4100000000001,34,3,2,3,8,Other
16357,2011-05-10 10:35:00,2011-11-06 16:04:00,3,658.88,34,3,4,3,10,Loyal
14150,2010-12-15 10:04:00,2011-11-04 10:05:00,2,658.64,36,3,3,3,9,Other
16696,2011-04-05 15:20:00,2011-07-27 14:23:00,4,657.9000000000001,136,2,4,3,9,Loyal
14818,2011-03-31 12:28:00,2011-09-27 11:01:00,3,657.8,74,2,3,3,8,At risk
17459,2011-10-10 17:00:00,2011-10-27 13:25:00,2,657.3,44,3,3,3,9,Other
15677,2011-10-21 15:36:00,2011-10-21 15:36:00,1,657.23,50,3,1,3,7,Other
17321,2011-10-03 11:34:00,2011-12-01 13:41:00,2,657.16,9,5,3,3,11,Other
16157,2011-09-28 11:48:00,2011-11-24 11:41:00,3,656.69,16,4,4,3,11,Loyal
13049,2011-01-25 16:33:00,2011-10-06 15:31:00,2,656.6800000000001,65,3,2,3,8,Other
16708,2011-10-25 12:20:00,2011-10-25 12:20:00,1,656.63,46,3,2,3,8,Other
17299,2011-06-19 16:04:00,2011-11-28 12:01:00,4,656.61,12,5,4,3,12,Loyal
16127,2011-10-31 13:58:00,2011-10-31 13:58:00,1,656.25,40,3,2,3,8,Other
14894,2011-09-15 13:51:00,2011-09-15 13:51:00,1,655.75,86,2,1,3,6,Other
14725,2011-11-15 12:42:00,2011-11-15 12:42:00,1,655.58,25,4,1,3,8,Promising
16444,2011-03-20 12:14:00,2011-10-24 13:50:00,4,654.67,47,3,4,3,10,Loyal
14651,2011-05-12 16:29:00,2011-10-03 15:52:00,2,653.75,68,3,3,3,9,Other
17398,2011-03-29 13:04:00,2011-08-17 09:48:00,3,653.38,115,2,4,3,9,Loyal
18151,2011-02-23 08:29:00,2011-07-28 11:35:00,2,653.35,135,2,3,3,8,At risk
13496,2010-12-15 10:17:00,2011-11-29 10:58:00,2,653.33,11,5,2,3,10,Promising
18121,2011-07-08 12:14:00,2011-07-13 12:53:00,2,653.3,150,2,3,3,8,At risk
15205,2011-08-04 16:07:00,2011-09-15 19:36:00,2,653.24,86,2,3,3,8,At risk
15031,2011-03-02 14:46:00,2011-12-05 14:19:00,4,653.19,5,5,4,3,12,Loyal
14548,2011-01-26 08:38:00,2011-07-12 12:19:00,2,652.8,151,2,3,3,8,At risk
17523,2011-11-20 13:40:00,2011-11-28 13:20:00,4,652.74,12,5,4,3,12,Loyal
16056,2011-10-25 15:19:00,2011-10-25 15:19:00,1,650.75,46,3,2,3,8,Other
15571,2011-09-22 13:15:00,2011-11-28 10:02:00,4,650.4300000000001,12,5,4,3,12,Loyal
16969,2011-06-01 12:10:00,2011-10-31 13:12:00,3,650.41,40,3,4,3,10,Loyal
17779,2011-07-19 12:19:00,2011-11-18 14:15:00,3,650.32,22,4,4,3,11,Loyal
14034,2011-07-05 13:06:00,2011-11-17 14:02:00,3,648.89,23,4,3,3,10,Other
16495,2011-03-08 16:38:00,2011-12-06 13:20:00,3,648.26,4,5,4,3,12,Loyal
17777,2011-08-31 14:35:00,2011-11-15 12:02:00,3,647.56,25,4,4,3,11,Loyal
17373,2011-01-31 11:46:00,2011-10-30 15:28:00,4,646.92,41,3,4,3,10,Loyal
16014,2011-02-21 17:42:00,2011-11-02 12:04:00,3,646.83,38,3,4,3,10,Loyal
16734,2011-08-17 15:00:00,2011-10-18 13:44:00,3,646.76,53,3,4,3,10,Loyal
12589,2011-07-18 12:05:00,2011-11-11 10:19:00,2,646.68,29,4,2,3,9,Promising
14044,2011-02-03 11:39:00,2011-11-13 12:05:00,4,646.42,27,4,4,3,11,Loyal
15651,2011-03-24 08:56:00,2011-11-03 08:41:00,3,646.3,37,3,3,3,9,Other
14855,2011-07-28 12:06:00,2011-08-12 14:02:00,2,645.65,120,2,3,3,8,At risk
12719,2011-10-05 14:50:00,2011-12-04 13:45:00,2,644.95,6,5,2,3,10,Promising
17312,2011-07-03 13:12:00,2011-07-24 11:52:00,3,644.3,139,2,4,3,9,Loyal
14451,2011-05-29 12:35:00,2011-10-10 13:38:00,2,643.9,61,3,3,3,9,Other
16383,2011-03-16 13:00:00,2011-09-26 12:45:00,2,643.76,75,2,3,3,8,At risk
14020,2011-09-12 15:32:00,2011-11-23 09:22:00,2,642.8,17,4,3,3,10,Other
13034,2010-12-05 14:52:00,2011-10-16 12:21:00,2,642.77,55,3,2,3,8,Other
15384,2010-12-15 11:34:00,2011-06-23 10:57:00,2,642.41,170,2,3,3,8,At risk
17545,2011-10-27 13:48:00,2011-10-27 14:04:00,3,642.32,44,3,4,3,10,Loyal
17046,2011-07-05 14:24:00,2011-07-05 14:24:00,1,642.02,158,2,2,3,7,Other
15297,2011-10-07 09:42:00,2011-11-29 16:32:00,3,641.94,11,5,3,3,11,Other
18218,2011-03-03 12:24:00,2011-05-12 12:53:00,2,641.92,212,1,3,3,7,At risk
12365,2011-02-21 13:51:00,2011-02-21 14:04:00,2,641.38,292,1,2,3,6,Other
12624,2011-06-15 12:34:00,2011-08-25 15:04:00,2,641.13,107,2,2,3,7,Other
13417,2011-05-18 16:26:00,2011-12-05 08:49:00,2,640.83,5,5,2,3,10,Promising
13318,2011-11-02 13:26:00,2011-12-08 18:51:00,3,640.76,2,5,3,3,11,Other
12631,2011-10-13 13:53:00,2011-10-13 13:53:00,1,640.5,58,3,1,3,7,Other
14301,2011-08-14 15:33:00,2011-08-14 15:33:00,1,640.14,118,2,1,3,6,Other
15648,2011-03-17 18:59:00,2011-05-19 15:53:00,2,639.5,205,1,3,3,7,At risk
17515,2011-01-25 14:33:00,2011-11-08 14:04:00,4,639.02,32,4,4,3,11,Loyal
18160,2011-05-23 13:41:00,2011-10-13 15:50:00,2,638.0600000000001,58,3,3,3,9,Other
14754,2011-02-17 12:21:00,2011-10-26 12:01:00,2,638.05,45,3,3,3,9,Other
14128,2011-03-29 10:49:00,2011-10-10 12:00:00,2,637.5,61,3,3,3,9,Other
14481,2011-02-25 13:53:00,2011-06-28 10:38:00,2,636.51,165,2,3,3,8,At risk
14664,2011-11-06 14:56:00,2011-11-20 10:59:00,2,636.24,20,4,3,3,10,Other
15829,2011-07-22 10:23:00,2011-09-01 16:45:00,2,636.14,100,2,3,3,8,At risk
15773,2011-12-04 12:48:00,2011-12-04 12:48:00,1,635.6800000000001,6,5,2,3,10,Promising
14000,2011-05-12 16:50:00,2011-05-12 16:50:00,1,635.66,212,1,1,3,5,Other
16139,2011-05-17 10:23:00,2011-11-21 08:37:00,3,635.41,19,4,4,3,11,Loyal
13892,2011-04-07 12:04:00,2011-11-13 11:50:00,4,632.97,27,4,4,3,11,Loyal
14220,2010-12-16 18:18:00,2011-04-06 13:23:00,2,632.4,248,1,3,3,7,At risk
16306,2010-12-07 15:18:00,2011-05-10 12:12:00,6,632.27,214,1,5,3,9,Loyal
18183,2011-03-10 10:08:00,2011-04-26 15:26:00,2,632.07,228,1,3,3,7,At risk
13822,2011-10-30 15:55:00,2011-12-04 12:13:00,2,632.0,6,5,2,3,10,Promising
14021,2011-03-28 15:10:00,2011-07-07 15:46:00,3,631.9,156,2,3,3,8,At risk
15244,2011-04-05 15:12:00,2011-10-05 13:19:00,2,631.57,66,3,3,3,9,Other
17985,2011-11-17 14:24:00,2011-11-17 14:24:00,1,631.35,23,4,2,3,9,Promising
13539,2011-02-03 15:23:00,2011-09-15 10:18:00,3,631.34,86,2,3,3,8,At risk
16418,2011-04-27 16:54:00,2011-10-26 12:39:00,3,631.12,45,3,4,3,10,Loyal
17990,2010-12-13 12:10:00,2011-04-17 11:44:00,3,630.84,237,1,4,3,8,Loyal
13046,2011-03-18 15:43:00,2011-11-09 08:36:00,2,629.31,31,4,2,3,9,Promising
13525,2011-04-05 15:36:00,2011-11-25 12:01:00,2,628.78,15,4,2,3,9,Promising
14687,2011-08-25 11:59:00,2011-08-25 11:59:00,1,628.38,107,2,1,3,6,Other
13518,2011-09-15 10:29:00,2011-09-15 10:29:00,1,627.16,86,2,1,3,6,Other
15028,2010-12-06 12:47:00,2011-12-01 14:06:00,4,627.13,9,5,4,3,12,Loyal
15402,2011-05-27 13:32:00,2011-07-14 12:17:00,2,626.77,149,2,3,3,8,At risk
14036,2011-02-28 09:26:00,2011-02-28 09:26:00,1,626.65,285,1,1,3,5,Other
12577,2010-12-15 16:21:00,2011-11-04 13:24:00,3,626.6,36,3,3,3,9,Other
13914,2011-11-03 16:28:00,2011-11-28 10:35:00,2,626.45,12,5,2,3,10,Promising
16469,2011-04-07 13:11:00,2011-11-16 12:25:00,4,625.42,24,4,4,3,11,Loyal
16750,2011-04-21 16:53:00,2011-10-26 12:48:00,5,623.93,45,3,4,3,10,Loyal
12649,2011-05-11 14:37:00,2011-08-24 14:41:00,3,623.51,108,2,3,3,8,At risk
15147,2011-04-13 15:57:00,2011-04-13 15:57:00,1,623.5,241,1,1,3,5,Other
13368,2011-01-06 12:32:00,2011-03-28 09:59:00,2,623.4,257,1,2,3,6,Other
16431,2011-02-15 14:02:00,2011-05-10 14:09:00,3,623.28,214,1,4,3,8,Loyal
15258,2011-05-06 14:16:00,2011-06-24 12:30:00,2,623.16,169,2,3,3,8,At risk
17499,2011-02-23 09:14:00,2011-02-23 09:14:00,1,622.88,290,1,2,3,6,Other
15182,2011-03-16 12:42:00,2011-07-08 13:37:00,2,622.85,155,2,3,3,8,At risk
17460,2010-12-01 16:24:00,2011-09-06 15:04:00,6,622.4300000000001,95,2,5,3,10,Loyal
15768,2011-04-28 09:20:00,2011-08-16 10:48:00,3,621.8299999999999,116,2,4,3,9,Loyal
18217,2011-09-30 10:44:00,2011-11-10 13:18:00,2,621.75,30,4,3,3,10,Other
16915,2011-03-01 09:52:00,2011-11-30 16:39:00,6,621.6800000000001,10,5,5,3,13,Champions
17640,2011-09-14 09:13:00,2011-09-14 09:13:00,1,621.66,87,2,2,3,7,Other
14152,2011-04-19 15:46:00,2011-09-25 12:54:00,2,621.29,76,2,3,3,8,At risk
13402,2010-12-02 17:12:00,2011-08-04 15:51:00,2,621.23,128,2,2,3,7,Other
13546,2011-05-23 12:14:00,2011-11-27 14:50:00,3,621.09,13,5,3,3,11,Other
16141,2011-09-12 13:11:00,2011-09-12 13:11:00,1,620.4,89,2,2,3,7,Other
12667,2011-10-12 17:00:00,2011-10-12 17:00:00,1,620.13,59,3,1,3,7,Other
13493,2011-02-25 16:42:00,2011-03-09 15:35:00,2,618.63,276,1,2,3,6,Other
16613,2011-09-30 15:52:00,2011-09-30 15:52:00,1,618.59,71,3,2,3,8,Other
13145,2010-12-02 18:06:00,2011-10-31 12:45:00,4,618.52,40,3,4,3,10,Loyal
12596,2011-04-11 13:22:00,2011-10-19 13:02:00,2,618.27,52,3,2,3,8,Other
13301,2011-02-20 13:13:00,2011-08-28 11:25:00,4,618.09,104,2,4,3,9,Loyal
16134,2010-12-15 14:00:00,2011-11-18 10:05:00,2,618.09,22,4,3,3,10,Other
14593,2011-05-25 11:14:00,2011-11-18 12:48:00,3,617.15,22,4,3,3,10,Other
14377,2011-03-22 13:38:00,2011-06-01 13:32:00,2,617.05,192,1,3,3,7,At risk
16311,2011-10-21 13:13:00,2011-11-22 08:54:00,2,616.26,18,4,3,3,10,Other
14905,2011-04-20 10:48:00,2011-07-05 12:41:00,2,616.15,158,2,3,3,8,At risk
14382,2011-11-13 16:18:00,2011-11-13 16:18:00,1,615.49,27,4,1,3,8,Promising
15275,2011-11-02 11:20:00,2011-11-02 11:20:00,1,615.14,38,3,1,3,7,Other
16566,2011-02-20 10:29:00,2011-11-24 16:34:00,5,614.66,16,4,4,3,11,Loyal
16116,2011-05-12 12:01:00,2011-05-12 12:01:00,1,612.78,212,1,2,3,6,Other
18022,2011-11-04 12:45:00,2011-11-04 12:45:00,1,612.72,36,3,2,3,8,Other
12513,2011-08-19 10:51:00,2011-08-19 10:51:00,1,612.29,113,2,1,3,6,Other
18149,2011-03-11 12:44:00,2011-10-20 12:04:00,3,612.0799999999999,51,3,4,3,10,Loyal
15232,2011-07-22 12:21:00,2011-08-18 16:27:00,2,612.06,114,2,3,3,8,At risk
15645,2011-11-21 11:55:00,2011-11-21 11:55:00,1,612.01,19,4,1,3,8,Promising
16109,2011-02-04 12:37:00,2011-05-05 09:17:00,2,611.88,219,1,3,3,7,At risk
16763,2011-05-25 11:52:00,2011-05-25 11:52:00,1,611.85,199,1,2,3,6,Other
13731,2011-04-07 10:10:00,2011-05-04 14:33:00,2,610.59,220,1,2,3,6,Other
12673,2011-01-17 11:46:00,2011-12-04 13:55:00,2,610.52,6,5,2,3,10,Promising
15795,2011-07-13 10:43:00,2011-07-13 10:43:00,1,610.01,150,2,2,3,7,Other
14636,2011-03-16 09:52:00,2011-11-03 16:12:00,2,609.85,37,3,3,3,9,Other
13357,2011-03-27 13:56:00,2011-03-27 13:56:00,1,609.4,258,1,1,3,5,Other
16442,2010-12-14 10:46:00,2011-12-08 11:43:00,3,609.3,2,5,4,3,12,Loyal
13933,2011-07-14 13:35:00,2011-08-22 14:03:00,2,608.7900000000001,110,2,2,3,7,Other
12933,2011-03-01 11:30:00,2011-11-15 16:38:00,3,607.53,25,4,3,3,10,Other
17119,2011-10-11 11:03:00,2011-12-06 14:40:00,2,606.91,4,5,3,3,11,Other
16718,2010-12-05 13:03:00,2010-12-05 13:03:00,1,606.0500000000001,370,1,2,3,6,Other
17849,2011-01-10 11:59:00,2011-05-05 13:46:00,4,605.8000000000001,219,1,4,3,8,Loyal
14133,2011-01-28 11:27:00,2011-08-02 11:34:00,3,605.64,130,2,3,3,8,At risk
17507,2011-02-03 18:08:00,2011-03-23 11:48:00,2,605.58,262,1,3,3,7,At risk
13233,2011-01-07 14:49:00,2011-09-26 13:25:00,2,605.12,75,2,2,3,7,Other
14323,2011-04-15 11:44:00,2011-08-17 11:37:00,2,605.0600000000001,115,2,3,3,8,At risk
17664,2011-05-11 14:17:00,2011-11-21 11:29:00,2,604.64,19,4,3,3,10,Other
12944,2010-12-20 10:41:00,2011-11-04 11:04:00,2,604.51,36,3,2,3,8,Other
16732,2011-11-08 09:54:00,2011-11-08 09:54:00,1,603.75,32,4,2,3,9,Promising
12707,2011-02-21 08:38:00,2011-02-21 08:38:00,1,603.42,292,1,1,3,5,Other
16022,2011-03-24 13:16:00,2011-03-24 13:16:00,1,602.63,261,1,2,3,6,Other
15366,2010-12-16 15:59:00,2011-09-25 15:01:00,2,602.51,76,2,3,3,8,At risk
12654,2011-02-17 13:16:00,2011-11-29 10:10:00,5,601.98,11,5,4,3,12,Loyal
14609,2011-02-16 12:10:00,2011-09-28 12:54:00,4,601.56,73,2,4,3,9,Loyal
16654,2010-12-06 15:09:00,2011-07-21 15:23:00,4,601.27,142,2,4,3,9,Loyal
12420,2011-10-07 08:55:00,2011-10-07 08:55:00,1,600.39,64,3,1,3,7,Other
18211,2011-03-06 12:09:00,2011-11-14 08:10:00,5,600.07,26,4,4,3,11,Loyal
12872,2010-12-09 14:44:00,2011-01-17 10:52:00,2,599.97,327,1,2,3,6,Other
12521,2011-07-20 10:51:00,2011-07-20 10:51:00,1,599.68,143,2,1,3,6,Other
12556,2011-07-11 13:35:00,2011-10-20 13:06:00,2,599.56,51,3,2,3,8,Other
14710,2011-10-11 13:49:00,2011-11-25 14:53:00,4,599.48,15,4,4,3,11,Loyal
17420,2010-12-01 09:56:00,2011-10-20 14:52:00,3,598.83,51,3,4,3,10,Loyal
15720,2011-11-15 14:48:00,2011-11-15 14:48:00,1,598.73,25,4,1,3,8,Promising
13311,2011-07-12 14:26:00,2011-12-05 12:55:00,2,598.57,5,5,2,3,10,Promising
16298,2011-06-06 10:06:00,2011-11-17 11:59:00,3,598.2,23,4,4,3,11,Loyal
14108,2011-08-30 11:32:00,2011-11-09 10:41:00,2,597.91,31,4,3,3,10,Other
14645,2011-03-09 09:52:00,2011-07-06 09:15:00,2,597.09,157,2,3,3,8,At risk
15381,2011-03-16 13:44:00,2011-05-10 11:55:00,2,596.85,214,1,3,3,7,At risk
14675,2011-11-23 12:58:00,2011-11-23 12:58:00,1,596.36,17,4,1,3,8,Promising
14467,2011-01-31 12:35:00,2011-11-22 12:48:00,4,596.26,18,4,4,3,11,Loyal
18246,2011-04-20 13:55:00,2011-11-16 11:49:00,2,596.1,24,4,3,3,10,Other
14965,2011-09-04 13:15:00,2011-09-04 13:20:00,2,596.09,97,2,3,3,8,At risk
13888,2011-05-05 14:41:00,2011-08-12 10:13:00,2,595.67,120,2,2,3,7,Other
17658,2011-05-12 15:23:00,2011-11-14 12:07:00,2,595.42,26,4,3,3,10,Other
14284,2011-09-14 13:04:00,2011-11-09 08:11:00,2,595.25,31,4,3,3,10,Other
13558,2011-10-02 13:01:00,2011-12-04 11:24:00,4,594.52,6,5,4,3,12,Loyal
16788,2011-03-30 13:05:00,2011-08-08 14:53:00,2,594.39,124,2,3,3,8,At risk
16325,2011-04-08 09:20:00,2011-10-24 08:48:00,3,594.24,47,3,4,3,10,Loyal
13959,2010-12-12 13:56:00,2011-09-21 15:06:00,3,594.04,80,2,3,3,8,At risk
15442,2011-04-05 12:24:00,2011-04-05 12:24:00,1,594.0,249,1,1,3,5,Other
12917,2011-08-03 16:42:00,2011-08-03 16:42:00,1,594.0,129,2,1,3,6,Other
16535,2011-12-04 15:18:00,2011-12-04 15:18:00,1,593.75,6,5,2,3,10,Promising
18232,2011-05-26 16:30:00,2011-09-19 11:49:00,4,592.97,82,2,4,3,9,Loyal
16203,2010-12-02 15:39:00,2011-10-12 12:31:00,4,592.9,59,3,4,3,10,Loyal
14692,2011-01-21 13:47:00,2011-07-25 15:08:00,4,591.55,138,2,4,3,9,Loyal
15573,2011-09-15 12:16:00,2011-11-08 11:38:00,2,591.1899999999999,32,4,3,3,10,Other
13276,2011-09-01 10:03:00,2011-10-07 12:44:00,2,590.9300000000001,64,3,2,3,8,Other
13270,2010-12-08 14:53:00,2010-12-08 14:53:00,1,590.0,367,1,1,3,5,Other
13452,2011-03-14 11:38:00,2011-03-25 14:19:00,2,590.0,260,1,2,3,6,Other
14882,2011-11-06 10:15:00,2011-11-13 12:47:00,2,589.7,27,4,3,3,10,Other
16838,2011-02-24 15:01:00,2011-05-26 13:13:00,2,588.85,198,1,3,3,7,At risk
14338,2011-05-27 13:30:00,2011-07-01 14:08:00,2,588.22,162,2,3,3,8,At risk
15624,2011-03-28 13:32:00,2011-08-15 11:38:00,4,588.13,117,2,4,3,9,Loyal
17351,2011-03-11 16:05:00,2011-11-03 18:45:00,3,587.15,37,3,4,3,10,Loyal
17890,2010-12-13 15:12:00,2011-01-21 11:19:00,2,586.89,323,1,3,3,7,At risk
12384,2011-08-10 11:23:00,2011-11-11 08:39:00,2,585.27,29,4,2,3,9,Promising
13243,2011-05-20 13:14:00,2011-05-20 13:14:00,1,585.12,204,1,1,3,5,Other
15222,2011-01-25 08:03:00,2011-01-25 08:03:00,1,585.0,319,1,1,3,5,Other
16384,2011-03-21 10:13:00,2011-09-11 11:19:00,2,584.5,90,2,3,3,8,At risk
16072,2011-02-24 14:32:00,2011-02-24 14:32:00,1,584.3199999999999,289,1,2,3,6,Other
14023,2011-04-03 15:50:00,2011-12-02 13:58:00,2,584.07,8,5,3,3,11,Other
13557,2011-03-04 12:14:00,2011-11-11 15:24:00,2,584.06,29,4,2,3,9,Promising
15762,2011-09-23 15:17:00,2011-10-05 16:15:00,2,583.75,66,3,3,3,9,Other
17014,2011-10-04 11:36:00,2011-12-01 14:09:00,3,583.4300000000001,9,5,4,3,12,Loyal
12426,2011-05-29 12:26:00,2011-05-29 12:26:00,1,582.73,195,1,1,3,5,Other
13427,2011-05-08 15:58:00,2011-11-20 13:02:00,3,582.6,20,4,3,3,10,Other
12695,2011-05-13 13:15:00,2011-12-02 13:22:00,4,582.1,8,5,4,3,12,Loyal
17259,2010-12-06 12:55:00,2011-07-14 15:01:00,2,581.23,149,2,3,3,8,At risk
18095,2011-01-11 12:37:00,2011-01-31 12:50:00,2,580.0500000000001,313,1,3,3,7,At risk
17142,2011-04-14 18:22:00,2011-04-14 18:22:00,1,579.0,240,1,2,3,6,Other
13292,2011-02-28 15:00:00,2011-11-01 10:04:00,2,578.9399999999999,39,3,2,3,8,Other
17540,2011-01-27 14:35:00,2011-11-15 11:56:00,2,578.9,25,4,3,3,10,Other
16005,2011-03-14 11:46:00,2011-11-27 13:47:00,4,578.71,13,5,4,3,12,Loyal
14529,2011-08-21 14:10:00,2011-10-10 15:27:00,3,578.61,61,3,3,3,9,Other
12601,2011-01-11 10:38:00,2011-06-03 10:17:00,5,577.0600000000001,190,1,4,3,8,Loyal
14176,2010-12-07 11:45:00,2011-02-15 13:12:00,4,576.9000000000001,298,1,4,3,8,Loyal
16723,2011-08-24 11:31:00,2011-09-09 13:01:00,2,576.4,92,2,3,3,8,At risk
15830,2011-11-02 10:40:00,2011-11-02 10:40:00,1,576.0,38,3,2,3,8,Other
15550,2011-02-11 12:49:00,2011-12-05 15:38:00,4,575.63,5,5,4,3,12,Loyal
13487,2010-12-21 14:54:00,2011-10-13 12:07:00,3,575.4,58,3,3,3,9,Other
14400,2011-07-13 15:50:00,2011-07-13 15:50:00,1,574.7,150,2,1,3,6,Other
18123,2011-11-08 13:31:00,2011-11-15 14:23:00,2,574.4399999999999,25,4,3,3,10,Other
15339,2011-01-25 13:15:00,2011-10-04 12:51:00,2,574.07,67,3,3,3,9,Other
15303,2011-02-22 13:59:00,2011-02-22 13:59:00,1,574.02,291,1,1,3,5,Other
12879,2011-09-09 12:11:00,2011-10-26 12:24:00,3,573.22,45,3,3,3,9,Other
13379,2011-07-26 12:26:00,2011-11-13 13:45:00,3,572.56,27,4,3,3,10,Other
13405,2011-01-26 09:27:00,2011-09-26 17:01:00,3,572.451,75,2,3,3,8,At risk
12816,2011-06-16 13:24:00,2011-09-05 12:41:00,2,572.2,96,2,2,3,7,Other
13816,2011-10-06 14:37:00,2011-11-16 08:38:00,2,571.6700000000001,24,4,2,3,9,Promising
17616,2010-12-07 10:04:00,2011-06-19 10:11:00,3,571.1999999999999,174,2,4,3,9,Loyal
15821,2011-10-09 13:28:00,2011-10-26 15:48:00,2,570.96,45,3,3,3,9,Other
15315,2011-08-15 15:17:00,2011-10-06 12:51:00,2,570.5,65,3,3,3,9,Other
13939,2011-02-01 11:30:00,2011-11-16 13:33:00,3,568.55,24,4,3,3,10,Other
17360,2011-06-08 17:09:00,2011-11-22 13:11:00,3,568.24,18,4,4,3,11,Loyal
13321,2011-09-14 15:18:00,2011-09-28 15:24:00,2,567.36,73,2,2,3,7,Other
16667,2011-02-28 12:57:00,2011-10-02 15:26:00,2,567.1800000000001,69,3,3,3,9,Other
18150,2011-05-22 10:47:00,2011-11-07 16:49:00,3,566.58,33,4,4,3,11,Loyal
16278,2011-08-31 17:12:00,2011-08-31 17:12:00,1,566.38,101,2,2,3,7,Other
16345,2011-10-26 16:03:00,2011-10-26 16:03:00,1,565.46,45,3,2,3,8,Other
13894,2011-02-02 12:54:00,2011-11-16 09:44:00,3,564.62,24,4,3,3,10,Other
15344,2011-09-26 14:48:00,2011-12-09 10:45:00,3,563.94,1,5,3,3,11,Other
16933,2011-04-14 13:33:00,2011-12-08 12:54:00,2,563.23,2,5,3,3,11,Other
14753,2011-09-13 14:50:00,2011-09-13 14:50:00,1,563.15,88,2,1,3,6,Other
17970,2011-05-12 20:03:00,2011-05-12 20:03:00,1,562.79,212,1,2,3,6,Other
14167,2011-01-12 15:44:00,2011-10-31 14:29:00,4,562.59,40,3,4,3,10,Loyal
12414,2011-02-02 14:51:00,2011-05-06 14:51:00,3,562.41,218,1,3,3,7,At risk
16916,2010-12-02 13:14:00,2011-11-16 12:08:00,2,562.41,24,4,3,3,10,Other
12559,2011-01-24 10:12:00,2011-02-02 09:49:00,2,561.71,311,1,2,3,6,Other
13946,2011-03-17 10:02:00,2011-09-21 13:33:00,3,561.5699999999999,80,2,3,3,8,At risk
15655,2011-04-10 15:25:00,2011-04-10 15:25:00,1,560.67,244,1,1,3,5,Other
13044,2011-02-21 15:20:00,2011-02-21 15:20:00,1,560.47,292,1,1,3,5,Other
14273,2011-04-11 13:24:00,2011-10-19 13:20:00,4,559.97,52,3,4,3,10,Loyal
16275,2011-05-27 12:41:00,2011-05-27 12:41:00,1,559.87,197,1,2,3,6,Other
15415,2011-01-30 14:13:00,2011-01-30 14:13:00,1,559.61,314,1,1,3,5,Other
16906,2011-04-05 12:30:00,2011-09-19 11:49:00,4,559.59,82,2,4,3,9,Loyal
12866,2011-03-01 14:11:00,2011-03-01 14:11:00,1,559.12,284,1,1,3,5,Other
17503,2011-11-01 11:12:00,2011-12-07 09:18:00,2,558.96,3,5,3,3,11,Other
12987,2011-05-26 12:00:00,2011-09-27 12:03:00,2,558.7,74,2,2,3,7,Other
13800,2011-02-03 12:27:00,2011-02-03 12:27:00,1,558.32,310,1,1,3,5,Other
14592,2011-10-06 18:08:00,2011-11-04 16:35:00,3,557.94,36,3,3,3,9,Other
13260,2011-10-09 13:21:00,2011-10-09 13:21:00,1,557.62,62,3,1,3,7,Other
17955,2011-05-04 12:29:00,2011-05-25 12:00:00,4,557.3,199,1,4,3,8,Loyal
16385,2010-12-08 12:56:00,2011-10-10 13:12:00,3,554.86,61,3,4,3,10,Loyal
17864,2011-03-09 11:44:00,2011-11-27 11:15:00,3,554.85,13,5,4,3,12,Loyal
14891,2011-06-05 10:58:00,2011-07-14 18:08:00,2,554.38,149,2,3,3,8,At risk
14618,2011-01-06 11:59:00,2011-11-30 13:45:00,3,553.44,10,5,3,3,11,Other
15068,2011-03-28 14:27:00,2011-10-24 14:47:00,2,553.36,47,3,3,3,9,Other
12363,2011-04-11 13:29:00,2011-08-22 10:18:00,2,552.0,110,2,2,3,7,Other
17674,2010-12-06 10:20:00,2011-09-26 13:35:00,2,551.04,75,2,3,3,8,At risk
17291,2011-02-04 13:04:00,2011-02-04 13:04:00,1,550.8000000000001,309,1,2,3,6,Other
17235,2010-12-02 13:38:00,2011-11-14 15:51:00,2,550.06,26,4,3,3,10,Other
17265,2011-06-12 12:00:00,2011-07-24 10:49:00,2,550.01,139,2,3,3,8,At risk
12390,2011-09-21 09:33:00,2011-09-21 09:33:00,1,549.84,80,2,1,3,6,Other
14177,2011-06-13 11:10:00,2011-09-14 15:11:00,4,549.46,87,2,4,3,9,Loyal
16536,2011-08-21 15:54:00,2011-08-21 15:54:00,1,548.12,111,2,2,3,7,Other
16031,2011-04-06 14:23:00,2011-09-08 13:07:00,2,547.9,93,2,3,3,8,At risk
14474,2011-10-24 13:26:00,2011-10-24 13:26:00,1,547.66,47,3,1,3,7,Other
16811,2011-11-22 17:19:00,2011-12-05 11:39:00,2,547.07,5,5,3,3,11,Other
17637,2011-08-16 13:25:00,2011-11-08 12:51:00,2,547.0600000000001,32,4,3,3,10,Other
16211,2011-09-12 12:11:00,2011-09-12 12:11:00,1,547.02,89,2,2,3,7,Other
17295,2011-10-06 12:22:00,2011-11-11 10:49:00,3,547.0,29,4,4,3,11,Loyal
17520,2011-10-17 12:04:00,2011-10-17 12:04:00,1,546.81,54,3,2,3,8,Other
14805,2011-01-30 10:43:00,2011-11-24 16:20:00,4,546.4,16,4,4,3,11,Loyal
14997,2011-06-14 16:52:00,2011-10-24 13:28:00,3,546.1999999999999,47,3,3,3,9,Other
17806,2011-11-28 14:12:00,2011-11-28 14:12:00,1,546.04,12,5,2,3,10,Promising
12793,2010-12-03 15:14:00,2011-01-09 12:12:00,2,545.48,335,1,2,3,6,Other
16475,2011-03-11 09:39:00,2011-09-12 14:37:00,4,544.3,89,2,4,3,9,Loyal
13617,2011-06-12 12:55:00,2011-10-30 13:50:00,3,544.18,41,3,3,3,9,Other
13390,2011-09-26 08:38:00,2011-09-26 08:38:00,1,544.08,75,2,1,3,6,Other
16927,2010-12-13 11:57:00,2011-08-16 11:10:00,3,543.05,116,2,4,3,9,Loyal
13278,2011-10-30 11:49:00,2011-10-30 11:49:00,1,542.73,41,3,1,3,7,Other
16230,2011-05-03 15:12:00,2011-06-03 10:06:00,2,542.03,190,1,3,3,7,At risk
17897,2010-12-01 12:31:00,2011-06-20 11:23:00,3,541.8100000000001,173,2,4,3,9,Loyal
17447,2011-09-29 10:10:00,2011-10-30 14:18:00,2,541.53,41,3,3,3,9,Other
17557,2011-09-19 14:23:00,2011-11-25 12:57:00,3,541.46,15,4,4,3,11,Loyal
13874,2010-12-16 18:20:00,2010-12-16 18:20:00,1,540.45,359,1,1,3,5,Other
12743,2011-07-28 16:06:00,2011-07-28 16:21:00,2,540.13,135,2,2,3,7,Other
13812,2011-08-26 12:54:00,2011-10-28 14:27:00,3,539.0,43,3,3,3,9,Other
14496,2010-12-01 15:35:00,2011-02-01 09:01:00,2,538.8100000000001,312,1,3,3,7,At risk
15469,2011-08-11 16:54:00,2011-10-20 16:21:00,2,538.55,51,3,3,3,9,Other
15539,2011-12-02 13:36:00,2011-12-02 13:36:00,1,538.46,8,5,1,3,9,Promising
14539,2011-10-26 12:03:00,2011-11-24 09:50:00,2,537.48,16,4,3,3,10,Other
16206,2011-01-16 11:07:00,2011-10-16 10:41:00,4,537.0600000000001,55,3,4,3,10,Loyal
15043,2011-11-08 14:26:00,2011-11-08 14:26:00,1,537.0,32,4,1,3,8,Promising
16804,2011-03-14 15:48:00,2011-11-16 16:43:00,3,536.99,24,4,4,3,11,Loyal
16233,2010-12-08 12:51:00,2011-09-29 17:27:00,3,536.6800000000001,72,3,4,3,10,Loyal
16142,2011-04-04 10:16:00,2011-04-04 10:16:00,1,535.34,250,1,2,3,6,Other
13000,2010-12-10 10:26:00,2011-08-25 10:43:00,3,534.85,107,2,3,3,8,At risk
13385,2011-01-14 09:52:00,2011-01-14 09:52:00,1,534.57,330,1,1,3,5,Other
16340,2011-08-24 14:53:00,2011-08-24 14:53:00,1,534.31,108,2,2,3,7,Other
17443,2011-05-04 10:47:00,2011-05-04 10:47:00,1,534.24,220,1,2,3,6,Other
13434,2011-09-04 10:35:00,2011-09-26 14:30:00,2,534.24,75,2,2,3,7,Other
13217,2011-07-06 12:08:00,2011-08-09 15:32:00,3,533.98,123,2,3,3,8,At risk
17062,2010-12-05 11:59:00,2011-01-30 11:01:00,4,533.33,314,1,4,3,8,Loyal
15433,2011-03-17 14:12:00,2011-05-10 10:45:00,2,533.3,214,1,3,3,7,At risk
15825,2011-06-20 13:27:00,2011-06-20 13:27:00,1,532.94,173,2,2,3,7,Other
12784,2011-11-24 12:53:00,2011-11-30 15:38:00,2,532.8199999999999,10,5,2,3,10,Promising
16706,2011-08-17 15:53:00,2011-11-02 13:50:00,3,531.35,38,3,4,3,10,Loyal
14265,2011-07-14 09:10:00,2011-08-22 13:32:00,2,530.18,110,2,3,3,8,At risk
18159,2011-02-11 14:26:00,2011-02-11 14:26:00,1,530.15,302,1,2,3,6,Other
14002,2011-07-06 14:59:00,2011-07-28 15:55:00,2,529.73,135,2,3,3,8,At risk
14463,2011-05-18 14:42:00,2011-09-02 15:20:00,3,529.62,99,2,3,3,8,At risk
16185,2011-04-21 11:59:00,2011-11-23 09:41:00,2,529.41,17,4,3,3,10,Other
18043,2010-12-08 12:35:00,2011-11-15 12:48:00,3,529.29,25,4,4,3,11,Loyal
15452,2011-03-20 15:21:00,2011-11-10 12:13:00,3,528.48,30,4,3,3,10,Other
17631,2011-04-21 13:22:00,2011-12-08 09:47:00,3,528.33,2,5,4,3,12,Loyal
16602,2011-11-03 15:54:00,2011-11-03 15:54:00,1,528.08,37,3,2,3,8,Other
15756,2011-04-04 14:00:00,2011-10-09 13:30:00,4,528.01,62,3,4,3,10,Loyal
12479,2011-11-28 13:26:00,2011-11-28 13:26:00,1,527.2,12,5,1,3,9,Promising
17623,2011-11-07 11:32:00,2011-11-07 11:32:00,1,527.0500000000001,33,4,2,3,9,Promising
15919,2010-12-06 11:26:00,2011-11-20 11:28:00,2,525.69,20,4,3,3,10,Other
17429,2011-05-05 09:53:00,2011-08-03 13:22:00,3,524.9200000000001,129,2,4,3,9,Loyal
15467,2011-07-10 14:42:00,2011-11-30 14:17:00,3,524.88,10,5,3,3,11,Other
13721,2011-11-03 14:05:00,2011-11-03 14:05:00,1,524.14,37,3,1,3,7,Other
17329,2011-01-28 15:29:00,2011-11-25 14:24:00,2,523.11,15,4,3,3,10,Other
18017,2011-02-02 13:57:00,2011-09-19 16:15:00,3,523.0,82,2,4,3,9,Loyal
17712,2011-10-26 12:28:00,2011-10-26 12:28:00,1,522.91,45,3,2,3,8,Other
12863,2011-10-18 14:15:00,2011-10-18 14:15:00,1,521.2,53,3,1,3,7,Other
15149,2011-07-29 10:58:00,2011-07-29 10:58:00,1,520.8000000000001,134,2,1,3,6,Other
17345,2011-05-27 12:26:00,2011-11-24 15:03:00,4,519.6899999999999,16,4,4,3,11,Loyal
14873,2011-05-13 13:52:00,2011-05-13 13:52:00,1,519.68,211,1,1,3,5,Other
12571,2011-08-10 12:35:00,2011-10-31 10:19:00,2,519.61,40,3,2,3,8,Other
13643,2011-06-07 11:40:00,2011-11-08 15:37:00,3,519.44,32,4,3,3,10,Other
16955,2010-12-01 13:31:00,2011-06-08 10:36:00,4,518.67,185,1,4,3,8,Loyal
16650,2011-09-29 09:51:00,2011-09-29 09:51:00,1,518.42,72,3,2,3,8,Other
15030,2011-03-16 15:34:00,2011-09-29 10:50:00,2,518.28,72,3,3,3,9,Other
18252,2011-06-21 11:47:00,2011-10-20 12:43:00,2,518.27,51,3,3,3,9,Other
16892,2011-06-09 11:35:00,2011-12-08 13:18:00,5,518.19,2,5,4,3,12,Loyal
16135,2011-03-22 12:30:00,2011-03-22 12:30:00,1,517.55,263,1,2,3,6,Other
17454,2010-12-15 10:54:00,2011-05-31 13:58:00,4,517.53,193,1,4,3,8,Loyal
18205,2011-09-26 12:02:00,2011-11-03 13:22:00,2,517.36,37,3,3,3,9,Other
13043,2011-03-11 14:52:00,2011-03-11 14:52:00,1,516.42,274,1,1,3,5,Other
15882,2010-12-06 13:01:00,2011-05-25 11:35:00,4,516.36,199,1,4,3,8,Loyal
15809,2011-02-10 11:16:00,2011-11-03 16:40:00,5,515.77,37,3,4,3,10,Loyal
12811,2011-02-28 15:39:00,2011-03-24 09:42:00,3,514.85,261,1,3,3,7,At risk
15246,2010-12-16 09:46:00,2011-04-15 14:45:00,2,514.15,239,1,3,3,7,At risk
13005,2011-04-07 13:32:00,2011-06-19 10:53:00,2,513.7,174,2,2,3,7,Other
17513,2011-09-28 16:42:00,2011-09-28 16:42:00,1,513.2,73,2,2,3,7,Other
17290,2011-11-23 15:53:00,2011-12-06 12:38:00,2,513.01,4,5,3,3,11,Other
17805,2011-09-27 11:49:00,2011-09-27 11:49:00,1,512.31,74,2,2,3,7,Other
17480,2011-09-23 11:39:00,2011-09-23 11:39:00,1,511.82,78,2,2,3,7,Other
15891,2011-04-27 12:35:00,2011-04-27 12:35:00,1,511.68,227,1,2,3,6,Other
12582,2011-02-24 11:42:00,2011-04-15 08:45:00,2,511.36,239,1,2,3,6,Other
14851,2011-03-28 14:59:00,2011-11-16 14:20:00,2,511.35,24,4,3,3,10,Other
16561,2011-10-11 09:53:00,2011-12-04 11:50:00,2,511.12,6,5,3,3,11,Other
15406,2011-02-11 16:19:00,2011-11-08 13:22:00,2,510.71000000000004,32,4,3,3,10,Other
12436,2011-09-01 12:09:00,2011-09-01 12:09:00,1,509.01,100,2,1,3,6,Other
17391,2011-06-28 12:21:00,2011-06-29 09:58:00,2,508.8,164,2,3,3,8,At risk
15417,2011-09-15 15:26:00,2011-09-15 15:26:00,1,508.8,86,2,1,3,6,Other
14317,2011-10-06 10:44:00,2011-10-06 10:44:00,1,508.58000000000004,65,3,1,3,7,Other
17958,2011-08-15 12:19:00,2011-08-15 12:19:00,1,508.4599999999999,117,2,2,3,7,Other
17415,2011-09-21 12:50:00,2011-09-21 12:50:00,1,507.84,80,2,2,3,7,Other
14158,2011-10-30 15:08:00,2011-10-30 15:08:00,1,507.66,41,3,1,3,7,Other
14820,2011-06-19 14:56:00,2011-11-18 15:41:00,4,507.29,22,4,4,3,11,Loyal
16960,2011-04-01 11:54:00,2011-11-01 11:35:00,3,507.05,39,3,4,3,10,Loyal
13885,2011-05-23 08:52:00,2011-06-03 15:07:00,2,506.8,190,1,2,3,6,Other
16614,2011-06-10 11:36:00,2011-06-10 11:36:00,1,506.19,183,1,2,3,6,Other
12988,2011-02-20 14:31:00,2011-02-20 14:31:00,1,505.82,293,1,1,3,5,Other
14014,2011-09-23 13:18:00,2011-09-23 13:18:00,1,505.18,78,2,1,3,6,Other
15081,2010-12-07 16:20:00,2011-11-17 17:08:00,5,504.8,23,4,4,3,11,Loyal
12991,2011-08-19 14:39:00,2011-11-16 15:34:00,2,503.76,24,4,2,3,9,Promising
17630,2011-04-21 14:03:00,2011-06-23 11:58:00,2,503.59999999999997,170,2,3,3,8,At risk
15535,2011-01-16 12:35:00,2011-06-19 16:02:00,4,502.9,174,2,4,3,9,Loyal
16863,2010-12-08 08:58:00,2011-11-08 15:26:00,2,502.8,32,4,3,3,10,Other
13865,2011-02-23 12:04:00,2011-10-12 13:31:00,4,501.56,59,3,4,3,10,Loyal
15881,2010-12-10 13:32:00,2011-01-31 16:59:00,5,501.39000000000004,313,1,4,3,8,Loyal
14871,2010-12-14 12:18:00,2011-12-06 13:42:00,4,501.28000000000003,4,5,4,3,12,Loyal
13116,2011-07-24 14:33:00,2011-07-24 14:33:00,1,501.14,139,2,1,3,6,Other
13247,2011-09-18 11:31:00,2011-11-22 10:59:00,4,501.12,18,4,4,3,11,Loyal
16898,2010-12-06 12:23:00,2011-11-13 15:44:00,3,501.03,27,4,4,3,11,Loyal
16616,2011-07-05 13:38:00,2011-11-24 16:31:00,2,500.42,16,4,3,3,10,Other
15389,2011-06-20 16:18:00,2011-06-20 16:18:00,1,500.0,173,2,1,3,6,Other
14077,2011-03-10 15:52:00,2011-10-30 12:35:00,5,499.41999999999996,41,3,4,3,10,Loyal
15193,2011-10-10 08:23:00,2011-10-10 08:23:00,1,499.32,61,3,1,3,7,Other
14681,2011-05-12 10:45:00,2011-09-29 15:52:00,3,498.95,72,3,3,3,9,Other
16488,2011-07-14 11:46:00,2011-11-06 13:42:00,3,498.8,34,3,4,3,10,Loyal
15142,2011-10-24 12:51:00,2011-10-24 12:51:00,1,498.74,47,3,1,3,7,Other
17053,2011-08-01 10:23:00,2011-08-01 10:23:00,1,498.48,131,2,2,3,7,Other
17298,2011-08-07 12:21:00,2011-08-30 16:43:00,2,498.42,102,2,3,3,8,At risk
16820,2011-09-05 12:06:00,2011-09-05 12:06:00,1,497.61,96,2,2,3,7,Other
17495,2011-11-01 12:06:00,2011-12-02 12:08:00,2,497.56,8,5,3,3,11,Other
15300,2011-10-06 17:08:00,2011-10-06 17:08:00,1,496.44,65,3,1,3,7,Other
15018,2010-12-07 10:47:00,2011-11-01 12:47:00,3,496.21000000000004,39,3,3,3,9,Other
12904,2011-06-20 13:18:00,2011-11-21 14:34:00,2,496.06,19,4,2,3,9,Promising
17374,2011-03-03 12:53:00,2011-05-05 09:05:00,2,495.77,219,1,3,3,7,At risk
15448,2011-01-31 10:42:00,2011-01-31 10:42:00,1,494.64,313,1,1,3,5,Other
16352,2011-11-02 08:44:00,2011-11-22 10:32:00,2,494.44,18,4,3,3,10,Other
17333,2011-09-15 10:11:00,2011-09-15 10:11:00,1,494.25,86,2,2,3,7,Other
12763,2010-12-05 15:46:00,2011-07-24 14:12:00,2,494.08,139,2,2,3,7,Other
14270,2011-01-12 09:33:00,2011-01-12 09:33:00,1,492.65000000000003,332,1,1,3,5,Other
13732,2011-11-11 15:49:00,2011-11-11 15:49:00,1,491.86,29,4,1,3,8,Promising
14236,2010-12-02 18:49:00,2011-09-20 09:13:00,2,490.86,81,2,3,3,8,At risk
15000,2011-10-23 11:42:00,2011-10-23 11:42:00,1,490.52,48,3,1,3,7,Other
15877,2011-11-22 11:18:00,2011-12-08 11:53:00,2,490.33,2,5,3,3,11,Other
14416,2011-10-28 15:10:00,2011-11-17 15:22:00,2,490.22,23,4,3,3,10,Other
18074,2010-12-01 09:53:00,2010-12-01 09:53:00,1,489.6,374,1,2,3,6,Other
12809,2011-06-15 10:51:00,2011-06-15 10:51:00,1,489.31,178,2,1,3,6,Other
17361,2011-02-21 09:55:00,2011-10-21 15:43:00,3,488.2,50,3,4,3,10,Loyal
14396,2010-12-03 15:19:00,2011-10-05 16:09:00,2,487.99,66,3,3,3,9,Other
15165,2010-12-01 14:03:00,2010-12-01 14:03:00,1,487.75,374,1,1,3,5,Other
16643,2011-04-08 08:24:00,2011-04-08 08:24:00,1,487.51,246,1,2,3,6,Other
13338,2011-07-05 09:06:00,2011-07-05 09:06:00,1,487.02,158,2,1,2,5,Other
13675,2011-02-28 12:14:00,2011-07-11 12:57:00,2,486.82000000000005,152,2,2,2,6,Other
17453,2011-10-06 17:02:00,2011-11-22 09:42:00,2,486.71999999999997,18,4,3,2,9,Other
15287,2011-09-30 12:30:00,2011-11-17 15:34:00,2,486.69,23,4,3,2,9,Other
13153,2011-12-04 12:14:00,2011-12-04 12:14:00,1,486.22,6,5,1,2,8,Promising
12639,2011-04-15 12:48:00,2011-04-15 12:48:00,1,486.1,239,1,1,2,4,Other
15109,2011-04-08 09:58:00,2011-04-08 09:58:00,1,484.95,246,1,1,2,4,Other
16999,2011-09-26 15:43:00,2011-11-16 13:53:00,2,484.82,24,4,3,2,9,Other
16518,2011-02-28 16:36:00,2011-10-09 15:04:00,2,484.32,62,3,3,2,8,Other
13531,2010-12-08 15:03:00,2011-05-18 16:56:00,2,483.8,206,1,2,2,5,Other
14958,2011-04-08 11:28:00,2011-07-15 14:20:00,3,483.72999999999996,148,2,3,2,7,At risk
12808,2010-12-06 10:27:00,2011-11-03 10:05:00,3,483.65000000000003,37,3,3,2,8,Other
14147,2011-02-27 11:42:00,2011-09-22 18:10:00,2,483.4,79,2,3,2,7,At risk
14450,2011-01-23 11:53:00,2011-06-12 10:46:00,3,483.25,181,1,3,2,6,At risk
16603,2011-09-09 13:02:00,2011-09-26 10:06:00,2,482.47,75,2,3,2,7,At risk
17950,2010-12-09 15:16:00,2011-09-28 15:18:00,3,482.2,73,2,4,2,8,At risk
12504,2011-11-09 14:56:00,2011-11-21 16:02:00,2,482.04999999999995,19,4,2,2,8,Promising
18216,2011-11-08 16:55:00,2011-11-08 16:55:00,1,481.75,32,4,2,2,8,Promising
13176,2011-10-24 15:43:00,2011-10-24 15:43:00,1,481.49,47,3,1,2,6,Other
14130,2011-01-24 16:05:00,2011-01-24 16:05:00,1,480.91,320,1,1,2,4,Other
15091,2011-10-03 12:47:00,2011-10-03 12:47:00,1,480.71,68,3,1,2,6,Other
15006,2011-10-19 15:08:00,2011-10-19 15:08:00,1,480.38,52,3,1,2,6,Other
17555,2011-01-09 12:31:00,2011-11-20 12:22:00,2,480.31,20,4,3,2,9,Other
16368,2011-11-11 15:08:00,2011-12-07 13:12:00,2,479.91,3,5,3,2,10,Other
16812,2010-12-14 12:35:00,2010-12-14 12:35:00,1,479.35,361,1,2,2,5,Other
16008,2011-05-19 10:54:00,2011-11-16 10:32:00,3,478.78,24,4,4,2,10,Other
15589,2011-02-02 10:46:00,2011-03-29 09:54:00,3,478.53000000000003,256,1,3,2,6,At risk
16768,2011-03-13 10:25:00,2011-10-23 10:38:00,3,478.09000000000003,48,3,4,2,9,Other
12644,2011-08-02 10:33:00,2011-08-02 10:33:00,1,477.91,130,2,1,2,5,Other
16693,2011-03-13 11:06:00,2011-10-02 11:10:00,2,477.86,69,3,3,2,8,Other
13092,2010-12-15 12:27:00,2011-09-30 11:18:00,5,477.83,71,3,4,2,9,Other
14320,2011-01-11 09:12:00,2011-05-17 09:24:00,2,477.79,207,1,3,2,6,At risk
12447,2011-04-10 13:25:00,2011-04-10 13:25:00,1,476.49,244,1,1,2,4,Other
18176,2010-12-16 15:45:00,2010-12-16 15:45:00,1,476.35,359,1,2,2,5,Other
15507,2011-06-21 11:19:00,2011-06-21 11:19:00,1,475.86,172,2,1,2,5,Other
14853,2011-05-12 15:17:00,2011-11-15 16:56:00,2,475.8,25,4,3,2,9,Other
14497,2011-02-03 17:01:00,2011-02-03 17:01:00,1,475.37,310,1,1,2,4,Other
15780,2010-12-17 11:43:00,2011-06-09 12:01:00,3,475.28000000000003,184,1,4,2,7,At risk
14013,2011-03-09 08:59:00,2011-08-21 15:01:00,3,473.02,111,2,3,2,7,At risk
16038,2011-05-22 11:29:00,2011-12-02 12:40:00,3,471.78000000000003,8,5,4,2,11,Other
15721,2011-11-28 12:14:00,2011-11-28 12:14:00,1,471.40000000000003,12,5,1,2,8,Promising
13066,2011-11-07 17:06:00,2011-11-15 12:57:00,2,470.8,25,4,2,2,8,Promising
15963,2011-10-25 13:05:00,2011-11-20 11:33:00,2,470.76,20,4,3,2,9,Other
14431,2011-02-10 10:40:00,2011-02-10 10:40:00,1,470.36,303,1,1,2,4,Other
15026,2011-03-07 13:45:00,2011-09-20 13:52:00,3,469.0,81,2,3,2,7,At risk
15557,2011-11-11 12:46:00,2011-11-11 12:46:00,1,468.91,29,4,1,2,7,Promising
14896,2010-12-09 12:24:00,2011-05-19 10:20:00,2,468.77000000000004,205,1,3,2,6,At risk
13171,2011-02-13 14:16:00,2011-11-18 10:27:00,3,468.41,22,4,3,2,9,Other
14029,2011-07-18 16:57:00,2011-10-07 14:46:00,2,467.66,64,3,3,2,8,Other
15468,2011-10-19 13:38:00,2011-10-19 13:49:00,2,467.51,52,3,3,2,8,Other
13579,2010-12-05 16:10:00,2011-11-25 08:41:00,2,467.04,15,4,2,2,8,Promising
16374,2011-03-22 13:46:00,2011-10-04 15:21:00,2,466.73,67,3,3,2,8,Other
14205,2011-03-20 15:07:00,2011-11-23 10:55:00,2,466.7,17,4,3,2,9,Other
16504,2011-11-14 15:18:00,2011-11-14 15:18:00,1,465.88,26,4,2,2,8,Promising
13248,2011-06-03 13:05:00,2011-08-07 12:40:00,2,465.68,125,2,2,2,6,Other
16742,2011-10-24 12:02:00,2011-10-24 12:02:00,1,464.9,47,3,2,2,7,Other
13928,2011-07-29 15:59:00,2011-11-29 10:33:00,4,464.57,11,5,4,2,11,Other
16586,2011-04-05 09:32:00,2011-04-05 09:32:00,1,463.95,249,1,2,2,5,Other
15349,2011-06-05 15:46:00,2011-07-04 16:06:00,2,463.90999999999997,159,2,3,2,7,At risk
14967,2011-10-21 11:06:00,2011-10-21 11:06:00,1,463.8,50,3,1,2,6,Other
12787,2011-05-31 09:36:00,2011-11-30 08:44:00,3,463.66,10,5,3,2,10,Other
17418,2011-01-20 11:39:00,2011-10-28 13:00:00,2,463.46000000000004,43,3,3,2,8,Other
14489,2011-05-16 14:51:00,2011-05-16 14:51:00,1,463.38,208,1,1,2,4,Other
17964,2010-12-02 13:32:00,2011-11-08 10:44:00,2,463.21,32,4,3,2,9,Other
12945,2011-02-24 14:15:00,2011-02-24 14:15:00,1,462.95,289,1,1,2,4,Other
14331,2011-07-27 15:14:00,2011-08-07 13:17:00,2,462.65999999999997,125,2,3,2,7,At risk
14470,2011-02-25 11:56:00,2011-11-28 10:31:00,2,461.19,12,5,3,2,10,Other
16824,2011-06-28 13:36:00,2011-11-24 12:38:00,2,460.64,16,4,3,2,9,Other
16805,2010-12-14 13:35:00,2011-06-19 11:23:00,2,460.59,174,2,3,2,7,At risk
12491,2011-11-01 12:18:00,2011-11-01 12:18:00,1,460.40000000000003,39,3,1,2,6,Other
12355,2011-05-09 13:49:00,2011-05-09 13:49:00,1,459.4,215,1,1,2,4,Other
16589,2011-07-01 13:31:00,2011-09-29 14:50:00,3,459.24,72,3,4,2,9,Other
17880,2010-12-10 10:21:00,2010-12-10 10:21:00,1,458.92,365,1,2,2,5,Other
15754,2011-04-07 12:24:00,2011-10-19 14:40:00,3,458.57,52,3,3,2,8,Other
13506,2010-12-05 12:15:00,2011-01-27 13:53:00,2,458.52,317,1,2,2,5,Other
15092,2011-03-01 12:24:00,2011-05-08 14:10:00,2,457.81,216,1,3,2,6,At risk
15121,2011-02-24 12:41:00,2011-10-20 14:51:00,2,457.72,51,3,3,2,8,Other
12375,2011-09-02 14:23:00,2011-11-29 10:36:00,2,457.5,11,5,2,2,9,Promising
13398,2011-05-31 13:17:00,2011-05-31 13:17:00,1,457.34,193,1,1,2,4,Other
12564,2011-03-23 14:55:00,2011-03-23 14:55:00,1,456.9,262,1,1,2,4,Other
12999,2011-04-08 10:26:00,2011-05-27 13:24:00,3,455.88,197,1,3,2,6,At risk
14513,2011-02-24 09:36:00,2011-08-31 11:25:00,3,455.59000000000003,101,2,3,2,7,At risk
15585,2011-06-16 08:38:00,2011-06-16 08:38:00,1,455.3,177,2,1,2,5,Other
16529,2011-06-02 17:23:00,2011-06-02 17:23:00,1,455.25,191,1,2,2,5,Other
14335,2011-09-04 13:07:00,2011-11-23 13:41:00,2,454.86,17,4,3,2,9,Other
15471,2011-12-07 14:12:00,2011-12-07 14:12:00,1,454.48,3,5,1,2,8,Promising
13485,2011-04-20 13:58:00,2011-04-20 13:58:00,1,454.24,234,1,1,2,4,Other
17140,2011-04-06 13:33:00,2011-04-06 13:33:00,1,454.12,248,1,2,2,5,Other
15475,2011-09-23 15:20:00,2011-09-23 15:20:00,1,454.10999999999996,78,2,1,2,5,Other
17564,2011-09-20 14:00:00,2011-11-15 13:27:00,3,454.01,25,4,4,2,10,Other
18158,2011-09-12 09:03:00,2011-11-30 16:19:00,2,453.4,10,5,3,2,10,Other
12729,2011-08-18 11:40:00,2011-08-18 11:40:00,1,453.01,114,2,1,2,5,Other
18071,2010-12-09 10:33:00,2011-03-27 11:59:00,2,453.0,258,1,3,2,6,At risk
14184,2011-10-04 12:43:00,2011-10-04 12:43:00,1,452.89,67,3,1,2,6,Other
12591,2011-01-26 14:35:00,2011-01-26 14:35:00,1,452.84999999999997,318,1,1,2,4,Other
16574,2011-09-29 13:39:00,2011-09-29 13:39:00,1,451.44,72,3,2,2,7,Other
15802,2011-07-20 11:38:00,2011-07-20 11:38:00,1,451.42,143,2,2,2,6,Other
14173,2011-05-04 14:03:00,2011-11-29 11:54:00,4,450.84,11,5,4,2,11,Other
16885,2010-12-17 17:23:00,2011-11-24 13:40:00,3,450.41,16,4,4,2,10,Other
17040,2011-07-25 10:19:00,2011-07-25 10:19:00,1,449.73,138,2,2,2,6,Other
13489,2011-02-18 10:42:00,2011-08-26 13:16:00,4,449.52,106,2,4,2,8,At risk
12448,2011-10-26 13:46:00,2011-10-26 13:46:00,1,449.45,45,3,1,2,6,Other
15739,2011-10-04 13:42:00,2011-10-04 13:42:00,1,449.12,67,3,1,2,6,Other
17579,2011-06-13 14:12:00,2011-12-05 12:28:00,3,448.90000000000003,5,5,4,2,11,Other
14780,2011-09-21 15:15:00,2011-10-16 12:46:00,2,447.68,55,3,3,2,8,Other
15646,2010-12-02 16:59:00,2011-07-05 09:53:00,3,447.64000000000004,158,2,3,2,7,At risk
15368,2011-11-18 14:42:00,2011-11-18 14:42:00,1,446.94000000000005,22,4,1,2,7,Promising
14149,2011-05-03 09:44:00,2011-05-03 09:44:00,1,446.62,221,1,1,2,4,Other
17370,2011-06-23 11:50:00,2011-09-28 10:14:00,4,446.18,73,2,4,2,8,At risk
17190,2011-05-16 15:29:00,2011-10-12 11:33:00,2,444.74,59,3,3,2,8,Other
18006,2011-11-16 16:52:00,2011-11-16 16:52:00,1,444.68,24,4,2,2,8,Promising
14638,2011-10-20 10:10:00,2011-10-20 10:10:00,1,443.6,51,3,1,2,6,Other
16404,2011-09-30 14:55:00,2011-09-30 14:55:00,1,443.05,71,3,2,2,7,Other
18222,2011-09-08 10:45:00,2011-09-08 10:45:00,1,443.0,93,2,2,2,6,Other
12579,2011-09-22 17:15:00,2011-09-22 17:15:00,1,440.42,79,2,1,2,5,Other
14022,2011-04-28 14:39:00,2011-04-28 14:39:00,1,440.0,226,1,1,2,4,Other
15524,2011-11-15 12:09:00,2011-11-15 12:09:00,1,440.0,25,4,1,2,7,Promising
18233,2011-01-18 08:44:00,2011-01-18 08:44:00,1,440.0,326,1,2,2,5,Other
13954,2011-09-30 10:52:00,2011-12-08 12:50:00,2,439.92,2,5,3,2,10,Other
12391,2011-11-18 12:07:00,2011-11-18 12:07:00,1,439.66,22,4,1,2,7,Promising
16025,2011-11-10 11:45:00,2011-11-10 11:45:00,1,439.65999999999997,30,4,2,2,8,Promising
13359,2011-10-07 09:30:00,2011-10-07 09:30:00,1,439.56,64,3,1,2,6,Other
16968,2011-08-24 10:51:00,2011-12-05 15:02:00,2,439.43,5,5,3,2,10,Other
13358,2011-03-16 11:52:00,2011-03-16 11:52:00,1,439.03,269,1,1,2,4,Other
14272,2011-03-30 13:57:00,2011-09-27 10:08:00,2,437.96,74,2,3,2,7,At risk
12552,2011-10-31 12:11:00,2011-11-01 10:02:00,2,437.82,39,3,2,2,7,Other
16034,2011-01-11 11:54:00,2011-05-27 16:17:00,3,437.7,197,1,4,2,7,At risk
12592,2011-05-10 13:44:00,2011-09-08 15:04:00,2,437.6,93,2,2,2,6,Other
16084,2011-02-13 16:05:00,2011-02-13 16:05:00,1,436.18,300,1,2,2,5,Other
15551,2011-11-03 12:37:00,2011-11-03 12:37:00,1,436.06,37,3,1,2,6,Other
16948,2011-01-18 10:58:00,2011-07-24 12:46:00,3,435.02,139,2,4,2,8,At risk
15456,2010-12-15 15:34:00,2011-03-01 13:51:00,3,434.59000000000003,284,1,3,2,6,At risk
14910,2011-10-16 11:06:00,2011-12-07 10:06:00,4,434.35,3,5,4,2,11,Other
14460,2011-02-02 11:55:00,2011-08-21 14:19:00,3,434.34,111,2,3,2,7,At risk
14093,2011-11-27 16:27:00,2011-11-27 16:27:00,1,433.86,13,5,1,2,8,Promising
12493,2011-05-26 14:53:00,2011-06-27 10:17:00,2,433.74,166,2,2,2,6,Other
17035,2011-02-01 12:27:00,2011-04-08 11:23:00,2,433.53000000000003,246,1,3,2,6,At risk
16236,2011-09-22 14:10:00,2011-09-22 14:10:00,1,432.2,79,2,2,2,6,Other
16881,2011-10-04 10:33:00,2011-10-04 10:33:00,1,432.0,67,3,2,2,7,Other
12452,2011-11-23 08:05:00,2011-11-23 10:28:00,2,430.57,17,4,2,2,8,Promising
13245,2011-10-20 11:40:00,2011-10-20 11:40:00,1,430.5,51,3,1,2,6,Other
12795,2011-11-21 10:27:00,2011-11-21 10:27:00,1,430.48,19,4,1,2,7,Promising
12827,2011-10-26 15:44:00,2011-12-04 12:17:00,3,430.15000000000003,6,5,3,2,10,Other
16884,2011-11-02 10:16:00,2011-11-02 11:52:00,2,429.84000000000003,38,3,3,2,8,Other
15450,2011-11-09 17:11:00,2011-11-09 17:11:00,1,429.84,31,4,1,2,7,Promising
15230,2011-04-13 11:04:00,2011-04-14 14:39:00,2,429.6,240,1,3,2,6,At risk
15036,2011-06-13 12:19:00,2011-09-28 15:42:00,3,429.56,73,2,3,2,7,At risk
15553,2011-10-10 14:02:00,2011-10-10 14:02:00,1,428.93,61,3,1,2,6,Other
15957,2011-11-08 12:14:00,2011-11-08 12:14:00,1,428.89,32,4,2,2,8,Promising
13602,2011-10-06 11:47:00,2011-10-06 11:47:00,1,428.89,65,3,1,2,6,Other
17869,2010-12-06 17:16:00,2011-08-24 16:16:00,5,428.18,108,2,4,2,8,At risk
15360,2011-10-31 09:35:00,2011-10-31 09:35:00,1,427.93,40,3,1,2,6,Other
12725,2010-12-03 15:45:00,2010-12-03 15:45:00,1,427.8,372,1,1,2,4,Other
12403,2011-10-21 10:51:00,2011-10-21 10:51:00,1,427.7,50,3,1,2,6,Other
15976,2011-05-03 17:12:00,2011-06-27 13:00:00,2,427.64,166,2,3,2,7,At risk
12740,2011-10-07 10:44:00,2011-10-07 10:44:00,1,427.6,64,3,1,2,6,Other
12802,2011-06-06 09:36:00,2011-06-06 09:36:00,1,427.58,187,1,1,2,4,Other
15930,2011-10-03 14:52:00,2011-10-03 14:52:00,1,426.63,68,3,2,2,7,Other
14288,2011-05-10 13:22:00,2011-05-10 13:22:00,1,426.6,214,1,1,2,4,Other
15639,2011-07-28 14:30:00,2011-07-28 14:30:00,1,425.32,135,2,1,2,5,Other
14157,2011-02-27 13:04:00,2011-11-20 11:32:00,2,424.89000000000004,20,4,3,2,9,Other
16119,2011-09-28 10:15:00,2011-12-01 15:11:00,2,423.36,9,5,3,2,10,Other
17525,2010-12-15 12:05:00,2010-12-15 12:05:00,1,422.70000000000005,360,1,2,2,5,Other
13473,2011-01-11 08:45:00,2011-10-10 11:20:00,2,422.64,61,3,2,2,7,Other
16689,2011-09-18 13:29:00,2011-09-25 11:39:00,2,422.59999999999997,76,2,3,2,7,At risk
18240,2011-10-24 13:06:00,2011-10-24 13:06:00,1,422.58,47,3,2,2,7,Other
13140,2010-12-08 15:12:00,2011-08-23 15:33:00,3,422.47,109,2,3,2,7,At risk
16780,2011-03-25 17:34:00,2011-08-31 16:09:00,2,422.24,101,2,3,2,7,At risk
18106,2011-01-14 12:23:00,2011-01-14 12:23:00,1,421.9,330,1,2,2,5,Other
14757,2011-09-25 14:36:00,2011-09-25 14:36:00,1,420.5,76,2,1,2,5,Other
15206,2011-03-09 08:59:00,2011-11-29 13:41:00,4,420.29999999999995,11,5,4,2,11,Other
15889,2010-12-05 15:12:00,2011-07-06 11:10:00,2,420.07,157,2,3,2,7,At risk
14124,2011-09-16 13:32:00,2011-09-16 13:32:00,1,419.58000000000004,85,2,1,2,5,Other
15361,2010-12-13 09:52:00,2010-12-13 09:52:00,1,418.92,362,1,1,2,4,Other
18034,2011-11-18 12:08:00,2011-11-18 12:22:00,2,418.68,22,4,3,2,9,Other
17371,2010-12-13 15:20:00,2011-11-22 13:30:00,3,418.4,18,4,4,2,10,Other
12593,2011-05-05 09:29:00,2011-08-23 12:43:00,3,418.09999999999997,109,2,3,2,7,At risk
17701,2011-04-01 12:25:00,2011-04-01 12:25:00,1,417.95,253,1,2,2,5,Other
17232,2011-11-25 12:24:00,2011-12-07 12:21:00,2,417.77,3,5,3,2,10,Other
13615,2011-01-25 08:21:00,2011-01-25 08:21:00,1,417.69,319,1,1,2,4,Other
16737,2011-10-17 13:03:00,2011-10-17 13:03:00,1,417.59999999999997,54,3,2,2,7,Other
12833,2011-07-17 13:46:00,2011-07-17 13:46:00,1,417.38,146,2,1,2,5,Other
17392,2010-12-16 19:04:00,2011-02-06 12:48:00,2,417.27,307,1,3,2,6,At risk
13166,2011-03-01 15:16:00,2011-03-01 15:16:00,1,417.2,284,1,1,2,4,Other
16816,2010-12-16 17:01:00,2011-08-28 14:16:00,4,417.06,104,2,4,2,8,At risk
13889,2011-09-08 09:13:00,2011-09-08 09:13:00,1,416.90000000000003,93,2,1,2,5,Other
17223,2010-12-06 14:08:00,2011-02-02 15:57:00,2,416.89,311,1,3,2,6,At risk
15935,2011-04-12 09:35:00,2011-04-14 13:27:00,2,416.86,240,1,3,2,6,At risk
16957,2011-03-03 09:25:00,2011-04-14 13:56:00,2,416.64,240,1,3,2,6,At risk
13085,2011-02-17 13:57:00,2011-07-05 12:11:00,2,416.08000000000004,158,2,2,2,6,Other
15803,2011-10-19 14:56:00,2011-10-19 14:56:00,1,415.82000000000005,52,3,2,2,7,Other
14139,2011-10-24 13:34:00,2011-10-24 13:34:00,1,415.82,47,3,1,2,6,Other
12930,2011-06-21 13:25:00,2011-09-22 15:18:00,2,415.8,79,2,2,2,6,Other
12580,2011-04-07 10:24:00,2011-04-07 10:24:00,1,415.7,247,1,1,2,4,Other
15725,2011-11-24 14:51:00,2011-11-24 14:51:00,1,415.25,16,4,1,2,7,Promising
14333,2011-10-03 10:38:00,2011-10-03 10:38:00,1,415.2,68,3,1,2,6,Other
18001,2011-09-14 11:21:00,2011-11-27 16:02:00,2,415.13,13,5,3,2,10,Other
16795,2010-12-09 14:08:00,2010-12-09 14:08:00,1,414.88,366,1,2,2,5,Other
14998,2011-04-12 16:28:00,2011-06-22 17:30:00,2,414.87,171,2,3,2,7,At risk
12993,2011-02-14 14:29:00,2011-11-16 15:49:00,4,414.76,24,4,4,2,10,Other
15994,2011-10-16 12:28:00,2011-10-16 12:28:00,1,414.27,55,3,2,2,7,Other
16239,2011-06-03 09:30:00,2011-10-14 08:29:00,2,414.2,57,3,3,2,8,Other
17483,2011-06-09 19:40:00,2011-10-05 13:10:00,3,414.04,66,3,4,2,9,Other
13974,2011-10-21 14:41:00,2011-10-21 14:41:00,1,413.59000000000003,50,3,1,2,6,Other
16834,2011-04-26 09:37:00,2011-04-26 09:37:00,1,413.46,228,1,2,2,5,Other
17134,2011-03-20 11:56:00,2011-08-25 09:53:00,2,413.2,107,2,3,2,7,At risk
14620,2011-03-01 08:30:00,2011-05-18 11:58:00,2,412.78000000000003,206,1,3,2,6,At risk
15523,2011-09-16 16:29:00,2011-09-16 16:29:00,1,412.01000000000005,85,2,1,2,5,Other
16272,2011-08-15 10:53:00,2011-08-15 10:54:00,1,411.7,117,2,2,2,6,Other
15186,2011-06-24 14:54:00,2011-11-25 14:58:00,2,411.41,15,4,3,2,9,Other
15099,2011-09-16 13:13:00,2011-09-16 13:13:00,1,410.48,85,2,1,2,5,Other
15695,2011-03-18 08:31:00,2011-03-18 08:32:00,2,409.98,267,1,3,2,6,At risk
14048,2011-02-07 14:53:00,2011-02-07 14:53:00,1,409.93,306,1,1,2,4,Other
13827,2011-07-19 15:38:00,2011-10-13 12:38:00,3,409.8,58,3,3,2,8,Other
14348,2011-03-24 16:23:00,2011-03-24 16:23:00,1,409.57,261,1,1,2,4,Other
12990,2011-02-02 15:39:00,2011-11-08 13:01:00,3,409.5,32,4,3,2,9,Other
15225,2011-04-19 14:51:00,2011-04-19 14:51:00,1,409.40000000000003,235,1,1,2,4,Other
16243,2011-10-16 12:09:00,2011-11-06 12:32:00,2,409.1,34,3,3,2,8,Other
16018,2011-06-12 13:52:00,2011-10-31 14:13:00,2,408.90000000000003,40,3,3,2,8,Other
15269,2011-11-16 09:32:00,2011-11-16 09:32:00,1,408.8,24,4,1,2,7,Promising
17913,2010-12-19 11:35:00,2011-10-12 10:45:00,2,408.65,59,3,3,2,8,Other
16629,2011-09-04 16:12:00,2011-09-27 10:34:00,2,408.63,74,2,3,2,7,At risk
16324,2011-06-15 14:26:00,2011-08-03 12:58:00,3,408.59000000000003,129,2,4,2,8,At risk
17931,2011-03-29 12:31:00,2011-07-28 18:33:00,2,408.36,135,2,3,2,7,At risk
16399,2011-04-18 13:46:00,2011-11-20 16:12:00,2,408.02,20,4,3,2,9,Other
15127,2011-10-05 10:30:00,2011-10-05 10:30:00,1,406.53,66,3,1,2,6,Other
16947,2011-04-18 09:38:00,2011-04-18 09:38:00,1,406.48,236,1,2,2,5,Other
15342,2011-08-02 10:19:00,2011-08-02 10:19:00,1,406.09,130,2,1,2,5,Other
14616,2011-01-26 12:42:00,2011-04-11 09:54:00,3,406.08000000000004,243,1,3,2,6,At risk
12970,2011-01-21 14:04:00,2011-12-02 14:30:00,4,405.47,8,5,4,2,11,Other
12922,2011-07-01 15:35:00,2011-07-01 15:35:00,1,405.38,162,2,1,2,5,Other
15012,2010-12-01 12:49:00,2011-10-17 12:22:00,2,405.04,54,3,3,2,8,Other
15938,2011-01-20 10:11:00,2011-08-19 12:56:00,5,404.58,113,2,4,2,8,At risk
16319,2011-05-06 11:27:00,2011-05-06 11:27:00,1,404.40000000000003,218,1,2,2,5,Other
16484,2011-06-02 10:39:00,2011-06-19 12:06:00,2,404.3,174,2,3,2,7,At risk
12498,2011-10-13 09:30:00,2011-11-18 12:53:00,3,403.70000000000005,22,4,3,2,9,Other
17431,2011-01-30 14:36:00,2011-01-30 14:36:00,1,403.3,314,1,2,2,5,Other
15221,2010-12-08 13:08:00,2010-12-08 13:08:00,1,403.25,367,1,1,2,4,Other
18036,2011-04-08 11:26:00,2011-11-07 14:40:00,3,403.12,33,4,4,2,10,Other
15184,2011-06-02 12:06:00,2011-11-10 13:41:00,2,402.2,30,4,3,2,9,Other
12386,2010-12-08 09:53:00,2011-01-06 12:37:00,2,401.9,338,1,2,2,5,Other
15158,2011-10-25 13:53:00,2011-10-25 13:53:00,1,401.40000000000003,46,3,1,2,6,Other
16500,2011-01-13 10:28:00,2011-12-05 12:04:00,6,400.86,5,5,5,2,12,Other
16198,2011-09-25 14:58:00,2011-09-25 14:58:00,1,400.68100000000004,76,2,2,2,6,Other
12792,2011-03-28 11:36:00,2011-03-28 11:36:00,1,400.53999999999996,257,1,1,2,4,Other
17375,2010-12-13 15:16:00,2011-05-24 15:45:00,3,400.1,200,1,4,2,7,At risk
18164,2011-11-02 12:56:00,2011-11-02 12:56:00,1,399.65000000000003,38,3,2,2,7,Other
13255,2010-12-01 11:58:00,2011-11-30 13:14:00,2,399.51,10,5,2,2,9,Promising
18154,2011-10-27 10:40:00,2011-12-06 16:41:00,2,399.19,4,5,3,2,10,Other
17052,2011-11-11 14:50:00,2011-11-11 14:50:00,1,399.09,29,4,2,2,8,Promising
17830,2011-02-24 10:15:00,2011-12-08 12:28:00,3,398.7,2,5,4,2,11,Other
15522,2011-09-13 12:26:00,2011-11-07 11:26:00,2,397.99,33,4,3,2,9,Other
13352,2011-10-10 13:55:00,2011-10-10 13:55:00,1,397.97999999999996,61,3,1,2,6,Other
12508,2011-11-10 16:27:00,2011-11-13 15:37:00,2,397.88,27,4,2,2,8,Promising
15967,2011-01-25 11:57:00,2011-11-16 15:41:00,2,397.68,24,4,3,2,9,Other
15429,2011-09-25 13:42:00,2011-11-13 12:28:00,2,397.35,27,4,3,2,9,Other
17926,2011-05-20 09:24:00,2011-07-29 14:39:00,2,397.29,134,2,3,2,7,At risk
12824,2011-10-11 12:49:00,2011-10-11 12:49:00,1,397.12,60,3,1,2,6,Other
13594,2011-10-18 10:19:00,2011-10-18 10:19:00,1,396.97,53,3,1,2,6,Other
17486,2011-03-23 14:00:00,2011-03-23 14:00:00,1,396.87,262,1,2,2,5,Other
15883,2011-11-06 14:50:00,2011-12-07 17:05:00,2,396.48,3,5,3,2,10,Other
18067,2011-10-30 15:58:00,2011-10-30 15:58:00,1,396.33,41,3,2,2,7,Other
16354,2011-09-27 16:28:00,2011-10-07 14:28:00,2,395.8,64,3,3,2,8,Other
17603,2011-09-22 14:18:00,2011-09-22 14:18:00,1,394.72,79,2,2,2,6,Other
14619,2011-04-08 07:37:00,2011-04-08 07:37:00,1,394.44,246,1,1,2,4,Other
16207,2011-11-14 13:51:00,2011-11-14 13:51:00,1,394.38,26,4,2,2,8,Promising
15386,2011-06-06 13:47:00,2011-06-06 13:47:00,1,394.14,187,1,1,2,4,Other
15264,2011-10-06 13:49:00,2011-10-06 13:49:00,1,393.74,65,3,1,2,6,Other
15345,2011-10-25 11:28:00,2011-10-25 11:28:00,1,393.54,46,3,1,2,6,Other
17226,2011-02-04 11:52:00,2011-02-04 11:52:00,1,393.49,309,1,2,2,5,Other
14600,2011-02-07 09:48:00,2011-02-07 09:48:00,1,393.33000000000004,306,1,1,2,4,Other
14670,2011-03-04 13:58:00,2011-03-04 14:13:00,2,392.86,281,1,3,2,6,At risk
16010,2010-12-12 12:18:00,2011-04-08 10:14:00,3,392.4,246,1,4,2,7,At risk
15837,2011-10-06 09:01:00,2011-10-06 09:01:00,1,391.98,65,3,2,2,7,Other
16917,2011-03-08 11:55:00,2011-03-08 11:55:00,1,391.52,277,1,2,2,5,Other
12982,2011-04-11 11:51:00,2011-04-11 11:51:00,1,390.54,243,1,1,2,4,Other
18024,2011-07-10 12:28:00,2011-07-10 12:40:00,2,389.78,153,2,3,2,7,At risk
17379,2011-11-28 13:56:00,2011-11-28 13:56:00,1,389.71999999999997,12,5,2,2,9,Promising
14752,2011-10-27 11:55:00,2011-10-27 11:55:00,1,389.64,44,3,1,2,6,Other
13873,2011-02-03 09:37:00,2011-08-12 10:08:00,3,389.6,120,2,3,2,7,At risk
13345,2011-02-25 09:01:00,2011-02-25 09:01:00,1,389.5,288,1,1,2,4,Other
16250,2010-12-01 09:59:00,2011-03-23 15:07:00,2,389.44,262,1,3,2,6,At risk
15847,2011-02-24 16:46:00,2011-11-01 14:41:00,2,389.27,39,3,3,2,8,Other
12690,2011-05-18 09:09:00,2011-05-18 09:09:00,1,389.01,206,1,1,2,4,Other
15592,2011-10-24 08:59:00,2011-10-24 08:59:00,1,388.58,47,3,1,2,6,Other
13899,2011-03-10 09:30:00,2011-11-23 13:40:00,2,388.52,17,4,2,2,8,Promising
13856,2011-05-20 13:13:00,2011-06-24 10:03:00,3,388.5,169,2,3,2,7,At risk
17438,2011-03-31 10:26:00,2011-03-31 10:26:00,1,388.45000000000005,254,1,2,2,5,Other
14538,2011-03-28 14:57:00,2011-10-06 10:31:00,2,388.25,65,3,3,2,8,Other
17817,2011-03-07 17:30:00,2011-12-05 14:39:00,3,387.68,5,5,4,2,11,Other
14420,2011-09-01 18:07:00,2011-09-01 18:07:00,1,387.52,100,2,1,2,5,Other
13673,2011-11-07 15:40:00,2011-11-21 12:11:00,2,387.44,19,4,2,2,8,Promising
17508,2011-03-04 08:10:00,2011-03-04 08:10:00,1,387.31,281,1,2,2,5,Other
17595,2011-11-02 16:19:00,2011-11-27 16:08:00,2,386.69,13,5,3,2,10,Other
14114,2011-01-13 11:05:00,2011-03-11 09:42:00,2,386.53,274,1,3,2,6,At risk
15664,2011-10-20 10:57:00,2011-10-20 10:57:00,1,386.43,51,3,1,2,6,Other
17614,2011-10-13 16:01:00,2011-10-13 16:01:00,1,386.32,58,3,2,2,7,Other
14779,2011-01-20 12:04:00,2011-03-04 12:42:00,3,386.15,281,1,3,2,6,At risk
13821,2011-03-23 11:30:00,2011-07-18 09:49:00,2,385.64,145,2,2,2,6,Other
17711,2011-02-23 11:32:00,2011-11-29 11:40:00,2,385.1,11,5,3,2,10,Other
13919,2011-08-10 10:15:00,2011-10-11 14:24:00,2,384.81,60,3,2,2,7,Other
17357,2011-11-15 16:29:00,2011-11-15 16:30:00,2,384.39,25,4,3,2,9,Other
16204,2011-11-16 13:40:00,2011-11-16 13:40:00,1,384.18,24,4,2,2,8,Promising
17205,2011-10-17 12:46:00,2011-10-17 12:46:00,1,384.08,54,3,2,2,7,Other
16982,2011-10-10 12:28:00,2011-10-10 12:28:00,1,384.06,61,3,2,2,7,Other
12733,2011-04-19 16:19:00,2011-04-19 16:19:00,1,383.95,235,1,1,2,4,Other
13833,2011-07-03 13:27:00,2011-07-03 13:27:00,1,383.85,160,2,1,2,5,Other
17189,2010-12-15 17:28:00,2011-08-25 19:39:00,2,383.75,107,2,3,2,7,At risk
12515,2010-12-21 15:43:00,2010-12-21 15:43:00,1,383.7,354,1,1,2,4,Other
15440,2011-05-15 11:30:00,2011-10-16 12:16:00,3,383.68,55,3,3,2,8,Other
14304,2011-05-01 11:50:00,2011-05-01 11:50:00,1,383.45,223,1,1,2,4,Other
15424,2011-03-30 13:00:00,2011-03-30 13:02:00,2,383.34,255,1,3,2,6,At risk
12832,2011-09-02 13:48:00,2011-11-07 13:30:00,2,383.03,33,3,2,2,7,Other
13817,2010-12-23 11:46:00,2011-11-10 17:49:00,2,382.98,30,4,2,2,8,Promising
17239,2011-01-31 09:41:00,2011-01-31 09:41:00,1,382.5,313,1,2,2,5,Other
13657,2011-05-22 12:35:00,2011-11-29 12:32:00,2,382.14,11,5,2,2,9,Promising
17250,2011-03-23 16:45:00,2011-12-06 12:15:00,2,381.97,4,5,3,2,10,Other
15090,2011-02-04 14:03:00,2011-02-04 14:03:00,1,381.32,309,1,1,2,4,Other
16441,2011-02-21 17:35:00,2011-10-03 17:48:00,2,381.2,68,3,3,2,8,Other
15048,2010-12-06 12:15:00,2011-10-05 14:55:00,4,381.0,66,3,4,2,9,Other
12871,2011-05-16 13:32:00,2011-09-16 15:07:00,2,380.64,85,2,2,2,6,Other
17573,2011-09-07 10:36:00,2011-11-10 13:01:00,3,380.6,30,4,4,2,10,Other
17138,2011-03-09 11:54:00,2011-03-09 11:54:00,1,380.5,276,1,2,2,5,Other
17999,2010-12-08 15:17:00,2011-11-02 15:56:00,2,380.39,38,3,3,2,8,Other
17031,2011-07-08 09:38:00,2011-11-28 10:23:00,2,380.35,12,5,3,2,10,Other
17936,2011-12-04 13:32:00,2011-12-04 13:32:00,1,380.13,6,5,2,2,9,Promising
14731,2011-05-11 13:06:00,2011-10-23 15:54:00,3,380.02,48,3,3,2,8,Other
16552,2010-12-01 12:36:00,2011-04-11 10:04:00,2,379.73,243,1,3,2,6,At risk
13589,2011-06-13 12:44:00,2011-11-25 12:10:00,2,379.65,15,4,2,2,8,Promising
13656,2011-01-06 15:42:00,2011-06-28 10:31:00,2,379.65,165,2,2,2,6,Other
17878,2011-10-27 11:24:00,2011-10-27 11:24:00,1,379.45,44,3,2,2,7,Other
15885,2011-02-03 15:28:00,2011-09-08 10:43:00,3,379.35,93,2,4,2,8,At risk
16909,2011-09-28 16:45:00,2011-09-28 16:45:00,1,379.14,73,2,2,2,6,Other
16930,2011-10-02 14:25:00,2011-11-13 16:13:00,3,378.89,27,4,4,2,10,Other
13372,2011-09-11 12:46:00,2011-09-11 12:46:00,1,378.64,90,2,1,2,5,Other
17078,2011-11-03 18:49:00,2011-11-03 19:17:00,2,378.2,37,3,3,2,8,Other
17736,2011-08-18 14:33:00,2011-11-30 15:36:00,3,377.44,10,5,4,2,11,Other
12890,2011-11-15 17:26:00,2011-11-15 17:26:00,1,376.71999999999997,25,4,1,2,7,Promising
17489,2011-05-11 11:34:00,2011-10-12 08:56:00,2,376.64,59,3,3,2,8,Other
13936,2011-06-13 08:47:00,2011-06-13 08:47:00,1,376.58,180,1,1,2,4,Other
16858,2010-12-06 09:52:00,2010-12-06 09:52:00,1,375.69000000000005,369,1,2,2,5,Other
14448,2010-12-10 17:26:00,2011-11-30 13:50:00,2,375.35,10,5,3,2,10,Other
14079,2011-08-07 12:10:00,2011-08-07 12:10:00,1,375.1,125,2,1,2,5,Other
16147,2011-07-29 09:57:00,2011-07-29 09:57:00,1,375.0,134,2,2,2,6,Other
14067,2011-09-04 12:00:00,2011-10-07 10:21:00,2,374.7,64,3,3,2,8,Other
17492,2011-04-05 15:21:00,2011-04-05 15:21:00,1,374.57,249,1,2,2,5,Other
12873,2011-03-02 14:58:00,2011-03-02 14:58:00,1,374.0,283,1,1,2,4,Other
13351,2011-10-04 12:55:00,2011-10-04 12:55:00,1,373.94,67,3,1,2,6,Other
16321,2011-01-20 12:11:00,2011-09-28 14:55:00,5,373.65000000000003,73,2,4,2,8,At risk
12895,2011-09-14 08:35:00,2011-10-28 13:51:00,2,372.8,43,3,2,2,7,Other
12544,2011-11-03 16:15:00,2011-11-03 16:15:00,1,372.7,37,3,1,2,6,Other
12981,2011-07-29 14:14:00,2011-11-10 12:00:00,2,372.21999999999997,30,4,2,2,8,Promising
13300,2011-06-23 13:09:00,2011-06-23 13:09:00,1,371.89,170,2,1,2,5,Other
18155,2011-02-21 10:36:00,2011-09-25 13:32:00,3,371.62,76,2,4,2,8,At risk
15472,2011-08-18 15:17:00,2011-08-18 15:17:00,1,371.56,114,2,1,2,5,Other
16776,2011-10-10 13:04:00,2011-10-10 13:04:00,1,371.54,61,3,2,2,7,Other
14950,2011-11-20 13:48:00,2011-11-20 13:48:00,1,371.2,20,4,1,2,7,Promising
15975,2011-09-16 13:33:00,2011-09-16 13:33:00,1,371.01,85,2,2,2,6,Other
15063,2011-05-10 13:25:00,2011-05-10 13:25:00,1,370.79999999999995,214,1,1,2,4,Other
15922,2010-12-01 13:51:00,2010-12-01 13:51:00,1,369.5,374,1,2,2,5,Other
16758,2011-10-05 14:47:00,2011-10-05 14:47:00,1,369.34000000000003,66,3,2,2,7,Other
14888,2011-05-16 14:58:00,2011-05-16 14:58:00,1,369.2,208,1,1,2,4,Other
17765,2011-03-28 11:58:00,2011-07-04 12:41:00,3,367.63,159,2,4,2,8,At risk
16065,2010-12-09 13:03:00,2010-12-09 13:03:00,1,367.14,366,1,2,2,5,Other
18181,2011-11-15 15:08:00,2011-11-15 15:08:00,1,366.85,25,4,2,2,8,Promising
17911,2011-11-30 14:52:00,2011-11-30 14:52:00,1,366.23,10,5,2,2,9,Promising
17432,2011-11-02 17:30:00,2011-11-21 17:33:00,2,365.76,19,4,3,2,9,Other
16499,2010-12-10 10:27:00,2010-12-14 13:31:00,2,365.45,361,1,3,2,6,At risk
16202,2010-12-14 10:43:00,2010-12-14 10:43:00,1,365.27,361,1,2,2,5,Other
14886,2011-04-01 08:56:00,2011-04-01 08:56:00,1,364.8,253,1,1,2,4,Other
15949,2011-09-29 17:34:00,2011-11-23 09:09:00,2,364.72,17,4,3,2,9,Other
12373,2011-02-01 13:10:00,2011-02-01 13:10:00,1,364.6,312,1,1,2,4,Other
15343,2011-09-13 13:55:00,2011-09-13 13:55:00,1,364.5,88,2,1,2,5,Other
14528,2011-11-02 17:09:00,2011-11-02 17:09:00,1,364.21999999999997,38,3,1,2,6,Other
12538,2011-11-10 17:16:00,2011-11-10 17:16:00,1,363.95,30,4,1,2,7,Promising
17330,2011-10-03 11:26:00,2011-11-17 08:56:00,2,363.9,23,4,3,2,9,Other
14171,2011-09-02 16:43:00,2011-09-02 16:43:00,1,363.79,99,2,1,2,5,Other
16509,2011-02-16 09:25:00,2011-02-16 09:25:00,1,363.7,297,1,2,2,5,Other
12915,2010-12-02 12:33:00,2011-07-14 11:34:00,2,363.65,149,2,2,2,6,Other
18056,2011-02-24 14:27:00,2011-02-24 14:27:00,1,363.65,289,1,2,2,5,Other
16485,2011-09-23 15:50:00,2011-09-23 15:50:00,1,363.65,78,2,2,2,6,Other
14932,2010-12-09 11:48:00,2010-12-09 11:48:00,1,363.53,366,1,1,2,4,Other
14427,2011-10-07 09:10:00,2011-10-20 14:23:00,2,363.34000000000003,51,3,3,2,8,Other
14594,2010-12-01 13:54:00,2011-12-02 13:28:00,2,363.33,8,5,3,2,10,Other
16903,2011-11-10 15:32:00,2011-11-10 15:32:00,1,363.2,30,4,2,2,8,Promising
16378,2011-02-02 12:42:00,2011-04-06 15:07:00,3,362.95,248,1,4,2,7,At risk
16052,2011-10-16 15:13:00,2011-10-16 15:13:00,1,362.06,55,3,2,2,7,Other
15025,2011-11-06 15:20:00,2011-11-06 15:20:00,1,361.96,34,3,1,2,6,Other
13844,2011-11-28 13:21:00,2011-11-28 13:21:00,1,361.62,12,5,1,2,8,Promising
16769,2011-03-24 13:41:00,2011-03-24 13:41:00,1,361.54,261,1,2,2,5,Other
16305,2011-07-24 12:18:00,2011-07-24 12:18:00,1,361.21999999999997,139,2,2,2,6,Other
13291,2011-07-07 10:36:00,2011-07-07 10:36:00,1,361.11,156,2,1,2,5,Other
17358,2010-12-19 14:16:00,2011-02-09 16:57:00,2,360.81,304,1,3,2,6,At risk
16595,2011-10-09 13:15:00,2011-10-09 13:15:00,1,360.16,62,3,2,2,7,Other
13780,2011-06-22 11:43:00,2011-12-02 13:49:00,2,360.01,8,5,2,2,9,Promising
13298,2011-12-08 13:11:00,2011-12-08 13:11:00,1,360.0,2,5,1,2,8,Promising
15120,2011-07-29 09:48:00,2011-07-29 09:48:00,1,358.82,134,2,1,2,5,Other
17948,2011-07-15 12:58:00,2011-07-15 12:58:00,1,358.56000000000006,148,2,2,2,6,Other
16823,2011-04-26 15:00:00,2011-04-26 15:00:00,1,358.38,228,1,2,2,5,Other
13228,2011-09-19 14:28:00,2011-09-19 14:28:00,1,358.0,82,2,1,2,5,Other
13976,2011-05-17 09:13:00,2011-05-17 09:13:00,1,357.98,207,1,1,2,4,Other
17025,2010-12-01 15:45:00,2011-10-10 09:06:00,3,357.77,61,3,4,2,9,Other
16971,2011-11-01 15:06:00,2011-11-01 15:06:00,1,357.21,39,3,2,2,7,Other
18040,2011-04-08 08:27:00,2011-11-20 14:20:00,2,357.20000000000005,20,4,3,2,9,Other
13453,2011-02-23 09:44:00,2011-06-27 09:34:00,2,356.97999999999996,166,2,2,2,6,Other
14500,2011-06-03 10:08:00,2011-09-12 16:45:00,3,356.85,89,2,3,2,7,At risk
15713,2010-12-08 15:16:00,2011-07-19 13:34:00,2,356.7,144,2,3,2,7,At risk
15247,2011-08-09 12:52:00,2011-08-09 12:52:00,1,356.0,123,2,1,2,5,Other
16372,2011-11-06 12:50:00,2011-11-06 13:08:00,2,355.73,34,3,3,2,8,Other
14537,2011-10-13 10:54:00,2011-10-13 10:54:00,1,355.56,58,3,1,2,6,Other
15840,2011-06-20 11:42:00,2011-10-12 09:08:00,2,355.56,59,3,3,2,8,Other
17742,2011-01-11 10:04:00,2011-08-18 15:28:00,2,355.11,114,2,3,2,7,At risk
14690,2011-07-11 11:58:00,2011-10-26 15:39:00,2,355.05,45,3,3,2,8,Other
12888,2011-03-29 14:31:00,2011-05-09 16:02:00,2,354.12,215,1,2,2,5,Other
12845,2011-02-22 14:10:00,2011-03-17 13:34:00,4,354.09,268,1,4,2,7,At risk
13173,2010-12-07 14:30:00,2011-12-05 15:51:00,2,353.65,5,5,2,2,9,Promising
13210,2011-09-07 08:18:00,2011-09-07 08:18:00,1,353.48,94,2,1,2,5,Other
13343,2011-06-15 12:24:00,2011-06-15 12:24:00,1,353.43,178,2,1,2,5,Other
14804,2011-12-01 11:20:00,2011-12-01 11:20:00,1,353.27,9,5,1,2,8,Promising
12617,2011-11-10 14:39:00,2011-11-10 14:39:00,1,352.98,30,4,1,2,7,Promising
15678,2011-10-18 09:25:00,2011-10-18 09:25:00,1,352.7,53,3,1,2,6,Other
18112,2011-06-26 13:56:00,2011-11-27 14:43:00,2,352.69,13,5,3,2,10,Other
16274,2010-12-01 15:35:00,2010-12-01 15:35:00,1,351.75,374,1,2,2,5,Other
15901,2011-07-08 12:18:00,2011-11-23 12:43:00,3,351.73,17,4,4,2,10,Other
12566,2011-09-14 14:30:00,2011-09-14 14:30:00,1,351.65,87,2,1,2,5,Other
15870,2011-11-07 10:58:00,2011-11-07 10:58:00,1,351.44,33,4,2,2,8,Promising
15789,2010-12-16 14:35:00,2010-12-16 14:35:00,1,351.3,359,1,2,2,5,Other
13923,2011-10-17 12:33:00,2011-10-17 12:33:00,1,351.13,54,3,1,2,6,Other
13332,2011-11-25 13:30:00,2011-11-25 13:30:00,1,350.9,15,4,1,2,7,Promising
15334,2011-06-19 13:51:00,2011-07-06 11:22:00,3,350.82,157,2,3,2,7,At risk
13740,2011-04-13 10:32:00,2011-04-13 10:32:00,1,350.75,241,1,1,2,4,Other
13108,2010-12-02 10:35:00,2010-12-02 10:35:00,1,350.06,373,1,1,2,4,Other
12532,2011-11-09 13:47:00,2011-11-09 13:47:00,1,349.83000000000004,31,4,1,2,7,Promising
13670,2011-09-25 15:25:00,2011-09-25 15:25:00,1,349.7,76,2,1,2,5,Other
13887,2011-05-19 17:22:00,2011-05-19 17:22:00,1,349.55,205,1,1,2,4,Other
18250,2011-02-02 13:16:00,2011-02-02 13:16:00,1,349.27,311,1,2,2,5,Other
15405,2011-06-03 14:44:00,2011-06-03 14:44:00,1,349.1,190,1,1,2,4,Other
13927,2011-09-26 12:00:00,2011-09-26 12:00:00,1,348.99,75,2,1,2,5,Other
17252,2011-06-06 16:41:00,2011-08-15 09:45:00,2,348.91,117,2,3,2,7,At risk
13790,2011-12-05 15:48:00,2011-12-05 15:48:00,1,348.8,5,5,1,2,8,Promising
12527,2011-01-18 12:05:00,2011-09-19 11:55:00,3,348.71000000000004,82,2,3,2,7,At risk
16159,2011-03-03 12:27:00,2011-03-03 12:27:00,1,348.2,282,1,2,2,5,Other
13052,2011-05-11 14:12:00,2011-05-11 14:12:00,1,348.15000000000003,213,1,1,2,4,Other
14379,2011-02-17 15:03:00,2011-10-26 16:43:00,2,348.1,45,3,3,2,8,Other
13497,2010-12-06 11:37:00,2011-03-02 09:04:00,2,348.05,283,1,2,2,5,Other
17668,2011-11-01 14:45:00,2011-12-08 13:25:00,2,347.75,2,5,3,2,10,Other
18127,2011-07-29 10:06:00,2011-11-20 14:05:00,3,347.08,20,4,4,2,10,Other
13062,2011-06-01 15:12:00,2011-06-01 15:12:00,1,346.98,192,1,1,2,4,Other
13649,2010-12-08 14:46:00,2011-03-28 11:51:00,2,346.6,257,1,2,2,5,Other
16423,2011-11-15 09:21:00,2011-11-15 09:21:00,1,346.12,25,4,2,2,8,Promising
13091,2011-11-11 15:54:00,2011-11-11 15:54:00,1,345.82,29,4,1,2,7,Promising
15781,2011-02-07 09:15:00,2011-11-14 14:57:00,3,345.46,26,4,4,2,10,Other
17123,2011-07-01 10:47:00,2011-07-01 10:47:00,1,345.29999999999995,162,2,2,2,6,Other
13774,2011-09-19 12:06:00,2011-09-19 12:06:00,1,345.0,82,2,1,2,5,Other
14633,2011-03-18 17:07:00,2011-03-18 17:07:00,1,344.90000000000003,267,1,1,2,4,Other
16978,2011-09-23 12:50:00,2011-09-23 12:50:00,1,344.33,78,2,2,2,6,Other
17569,2011-01-11 14:15:00,2011-01-11 14:15:00,1,344.14,333,1,2,2,5,Other
13068,2011-01-24 08:20:00,2011-11-29 15:00:00,2,344.0,11,5,2,2,9,Promising
15047,2011-03-15 10:49:00,2011-03-15 10:49:00,1,343.62,270,1,1,2,4,Other
15520,2011-12-08 10:58:00,2011-12-08 10:58:00,1,343.5,2,5,1,2,8,Promising
18081,2011-07-29 11:56:00,2011-11-03 16:30:00,3,343.45,37,3,4,2,9,Other
12715,2011-08-25 15:22:00,2011-08-25 15:22:00,1,343.36,107,2,1,2,5,Other
12875,2010-12-12 12:03:00,2011-07-19 15:30:00,2,343.2300000000001,144,2,2,2,6,Other
17795,2011-03-20 12:02:00,2011-06-13 12:36:00,2,342.83,180,2,3,2,7,At risk
16851,2011-10-19 09:48:00,2011-12-05 13:32:00,3,342.45,5,5,4,2,11,Other
17835,2011-11-16 16:30:00,2011-12-07 11:48:00,3,342.24,3,5,4,2,11,Other
16826,2011-10-19 14:05:00,2011-10-19 14:05:00,1,341.7,52,3,2,2,7,Other
13347,2011-09-30 13:28:00,2011-09-30 13:28:00,1,341.36,71,3,1,2,6,Other
14491,2010-12-02 12:10:00,2011-06-17 15:22:00,2,340.93,176,2,3,2,7,At risk
15115,2011-11-21 14:59:00,2011-11-21 14:59:00,1,340.11,19,4,1,2,7,Promising
13737,2011-05-23 16:32:00,2011-05-23 16:32:00,1,339.59999999999997,201,1,1,2,4,Other
17045,2011-04-06 12:08:00,2011-08-18 17:09:00,3,339.44,114,2,4,2,8,At risk
16545,2011-06-28 10:37:00,2011-06-28 10:37:00,1,339.3,165,2,2,2,6,Other
17697,2011-04-17 15:40:00,2011-04-17 15:40:00,1,338.95,237,1,2,2,5,Other
16183,2011-10-03 14:59:00,2011-10-03 14:59:00,1,338.71000000000004,68,3,2,2,7,Other
13569,2010-12-07 12:29:00,2011-11-22 13:07:00,2,338.62,18,4,2,2,8,Promising
15652,2011-09-09 14:22:00,2011-09-09 14:22:00,1,337.74,92,2,1,2,5,Other
15942,2011-07-29 09:01:00,2011-07-29 09:01:00,1,337.44,134,2,2,2,6,Other
13930,2011-07-26 11:00:00,2011-10-13 09:45:00,2,337.34,58,3,2,2,7,Other
15900,2011-11-16 12:19:00,2011-11-16 12:19:00,1,337.28,24,4,2,2,8,Promising
17973,2011-10-19 10:34:00,2011-10-19 10:34:00,1,337.04,52,3,2,2,7,Other
16105,2011-04-05 10:13:00,2011-04-05 10:13:00,1,336.96,249,1,2,2,5,Other
15619,2011-11-29 08:14:00,2011-11-29 08:14:00,1,336.40000000000003,11,5,1,2,8,Promising
17384,2011-05-04 16:07:00,2011-11-20 15:48:00,2,336.4,20,4,3,2,9,Other
18078,2011-03-25 15:08:00,2011-05-06 14:32:00,2,336.13,218,1,3,2,6,At risk
18276,2011-10-27 10:54:00,2011-10-27 10:54:00,1,335.86,44,3,2,2,7,Other
14196,2011-08-25 10:25:00,2011-08-25 10:25:00,1,335.52,107,2,1,2,5,Other
16063,2011-03-24 14:55:00,2011-03-24 14:56:00,1,335.32,261,1,2,2,5,Other
17917,2010-12-12 12:08:00,2011-10-25 13:20:00,3,335.03,46,3,4,2,9,Other
12489,2011-01-07 13:13:00,2011-01-07 13:13:00,1,334.93,337,1,1,2,4,Other
14988,2011-05-12 12:05:00,2011-05-12 12:05:00,1,334.54,212,1,1,2,4,Other
15466,2011-09-15 14:08:00,2011-09-15 14:08:00,1,334.53,86,2,1,2,5,Other
17221,2011-11-03 17:39:00,2011-12-02 13:35:00,2,334.48,8,5,3,2,10,Other
12350,2011-02-02 16:01:00,2011-02-02 16:01:00,1,334.4,311,1,1,2,4,Other
15918,2011-03-13 15:55:00,2011-06-02 11:42:00,2,334.23,191,1,3,2,6,At risk
14264,2011-04-08 12:20:00,2011-07-08 10:20:00,2,333.97,155,2,3,2,7,At risk
13216,2011-03-17 12:18:00,2011-03-17 12:18:00,1,333.74,268,1,1,2,4,Other
13727,2011-11-06 12:16:00,2011-11-11 09:46:00,2,333.48,29,4,2,2,8,Promising
16625,2011-03-10 12:50:00,2011-03-10 12:50:00,1,333.08,275,1,2,2,5,Other
14902,2011-11-14 10:34:00,2011-11-14 10:34:00,1,332.66,26,4,1,2,7,Promising
13904,2011-02-18 11:18:00,2011-11-02 13:41:00,2,332.64,38,3,2,2,7,Other
16850,2011-01-10 11:09:00,2011-01-10 11:09:00,1,332.41,334,1,2,2,5,Other
16803,2011-10-05 14:28:00,2011-10-05 14:28:00,1,332.3,66,3,2,2,7,Other
16177,2011-10-20 12:57:00,2011-10-20 12:57:00,1,331.95,51,3,2,2,7,Other
16030,2011-02-03 11:28:00,2011-02-03 11:28:00,1,331.24,310,1,2,2,5,Other
15210,2011-04-28 16:11:00,2011-04-28 16:11:00,1,331.18,226,1,1,2,4,Other
16478,2011-10-05 12:02:00,2011-11-14 15:51:00,3,331.0,26,4,4,2,10,Other
12891,2011-02-20 11:28:00,2011-06-07 12:31:00,3,331.0,186,1,3,2,6,At risk
17862,2011-01-20 12:23:00,2011-01-20 12:23:00,1,330.9,324,1,2,2,5,Other
12519,2011-10-07 09:26:00,2011-10-07 09:26:00,1,330.84,64,3,1,2,6,Other
13706,2011-02-10 09:21:00,2011-02-10 09:21:00,1,330.79,303,1,1,2,4,Other
14517,2011-07-21 11:42:00,2011-11-06 14:20:00,2,330.45,34,3,3,2,8,Other
15130,2011-06-23 10:15:00,2011-06-23 10:15:00,1,330.11,170,2,1,2,5,Other
15714,2011-09-23 11:25:00,2011-11-28 11:26:00,2,330.03000000000003,12,5,3,2,10,Other
16593,2011-01-16 12:11:00,2011-10-20 12:41:00,3,330.03,51,3,4,2,9,Other
12953,2011-11-30 09:24:00,2011-11-30 09:24:00,1,329.85,10,5,1,2,8,Promising
17866,2011-07-20 11:07:00,2011-07-20 11:07:00,1,329.65,143,2,2,2,6,Other
17615,2011-05-01 15:33:00,2011-08-01 14:06:00,3,329.6,131,2,4,2,8,At risk
13239,2011-03-23 10:25:00,2011-03-23 10:25:00,1,329.56,262,1,1,2,4,Other
17914,2011-12-06 11:58:00,2011-12-06 11:58:00,1,329.36,4,5,2,2,9,Promising
17154,2011-09-25 13:42:00,2011-09-25 13:42:00,1,329.34,76,2,2,2,6,Other
15153,2011-11-08 17:09:00,2011-11-08 17:09:00,1,329.25,32,4,1,2,7,Promising
15880,2010-12-05 13:00:00,2010-12-05 13:00:00,1,329.03000000000003,370,1,2,2,5,Other
14012,2011-03-07 12:26:00,2011-03-07 12:26:00,1,328.8,278,1,1,2,4,Other
17222,2011-10-05 13:58:00,2011-10-05 13:58:00,1,328.65,66,3,2,2,7,Other
16343,2011-11-23 17:43:00,2011-11-23 17:45:00,2,328.58,17,4,3,2,9,Other
16855,2011-10-27 16:31:00,2011-11-16 12:03:00,2,328.4,24,4,3,2,9,Other
15213,2011-01-14 11:05:00,2011-01-25 12:21:00,2,328.35,319,1,3,2,6,At risk
14747,2011-04-04 14:09:00,2011-04-04 14:09:00,1,328.2,250,1,1,2,4,Other
14206,2011-04-14 16:38:00,2011-04-14 16:38:00,1,328.15999999999997,240,1,1,2,4,Other
16318,2011-11-04 13:05:00,2011-11-04 13:05:00,1,328.15,36,3,2,2,7,Other
15314,2011-05-24 14:39:00,2011-05-24 14:39:00,1,327.97,200,1,1,2,4,Other
14024,2011-08-07 13:31:00,2011-08-10 11:30:00,2,327.7,122,2,3,2,7,At risk
15579,2011-01-30 12:09:00,2011-10-02 12:45:00,2,327.6,69,3,3,2,8,Other
16366,2011-11-21 08:19:00,2011-11-21 08:19:00,1,327.3,19,4,2,2,8,Promising
14870,2011-03-23 10:51:00,2011-03-23 10:51:00,1,327.25,262,1,1,2,4,Other
16322,2011-11-03 14:33:00,2011-12-08 15:41:00,2,326.75,2,5,3,2,10,Other
14987,2010-12-09 12:13:00,2011-11-24 09:59:00,2,326.4,16,4,3,2,9,Other
17715,2011-05-23 12:32:00,2011-05-23 12:32:00,1,326.4,201,1,2,2,5,Other
16071,2011-10-26 11:14:00,2011-10-26 11:14:00,1,326.24,45,3,2,2,7,Other
15363,2010-12-02 12:28:00,2010-12-02 12:28:00,1,326.0,373,1,1,2,4,Other
12844,2011-08-01 13:11:00,2011-11-10 13:31:00,2,325.96000000000004,30,4,2,2,8,Promising
16830,2011-11-01 11:35:00,2011-11-01 11:35:00,1,325.91,39,3,2,2,7,Other
14850,2011-02-01 11:21:00,2011-02-01 11:21:00,1,325.75,312,1,1,2,4,Other
15944,2011-03-08 10:33:00,2011-03-08 10:33:00,1,325.1,277,1,2,2,5,Other
12790,2011-05-31 14:14:00,2011-05-31 14:14:00,1,324.92,193,1,1,2,4,Other
13801,2011-10-04 10:15:00,2011-10-04 10:15:00,1,324.8,67,3,1,2,6,Other
15597,2011-11-04 13:26:00,2011-11-04 13:26:00,1,324.57,36,3,1,2,6,Other
16685,2011-10-09 13:44:00,2011-10-09 13:58:00,2,324.24,62,3,3,2,8,Other
18261,2011-09-05 09:34:00,2011-10-27 15:36:00,2,324.24,44,3,3,2,8,Other
15675,2011-03-04 14:21:00,2011-09-19 13:48:00,3,323.69,82,2,3,2,7,At risk
15921,2011-06-20 11:03:00,2011-06-20 11:03:00,1,323.03000000000003,173,2,2,2,6,Other
16739,2011-06-16 09:17:00,2011-06-16 09:17:00,1,323.0,177,2,2,2,6,Other
13955,2011-02-07 12:24:00,2011-07-08 17:19:00,2,322.96,155,2,3,2,7,At risk
16627,2011-09-21 14:38:00,2011-09-21 14:38:00,1,322.8,80,2,2,2,6,Other
16342,2011-06-13 10:10:00,2011-09-25 14:36:00,4,322.41,76,2,4,2,8,At risk
14424,2011-11-22 11:48:00,2011-11-22 11:48:00,1,322.08,18,4,1,2,7,Promising
15224,2010-12-12 12:34:00,2010-12-16 15:02:00,2,322.08,359,1,3,2,6,At risk
14484,2011-10-20 14:11:00,2011-10-20 14:11:00,1,321.92,51,3,1,2,6,Other
17976,2010-12-02 13:49:00,2010-12-02 13:49:00,1,321.79,373,1,2,2,5,Other
14823,2011-05-29 12:48:00,2011-06-12 13:12:00,3,321.43,181,1,3,2,6,At risk
15236,2011-02-14 10:52:00,2011-02-14 10:52:00,1,321.05,299,1,1,2,4,Other
16096,2011-03-20 13:38:00,2011-03-20 13:38:00,1,320.62,265,1,2,2,5,Other
14622,2011-06-08 12:42:00,2011-06-08 12:42:00,1,320.58000000000004,185,1,1,2,4,Other
13986,2011-11-22 15:00:00,2011-11-22 15:00:00,1,320.46,18,4,1,2,7,Promising
15107,2010-12-02 13:45:00,2011-02-01 14:46:00,6,319.5,312,1,5,2,8,At risk
16967,2011-06-03 14:24:00,2011-06-03 14:24:00,1,319.02,190,1,2,2,5,Other
17157,2011-06-16 15:08:00,2011-12-02 09:10:00,2,319.0,8,5,3,2,10,Other
17229,2011-07-20 12:38:00,2011-09-04 13:56:00,2,318.76,97,2,3,2,7,At risk
17248,2011-08-11 13:34:00,2011-08-11 13:34:00,1,318.65,121,2,2,2,6,Other
14703,2011-11-25 09:23:00,2011-11-25 09:23:00,1,318.17,15,4,1,2,7,Promising
17839,2011-10-28 17:27:00,2011-10-28 17:27:00,1,318.15,43,3,2,2,7,Other
12648,2011-07-08 11:55:00,2011-07-08 11:55:00,1,318.05,155,2,1,2,5,Other
18066,2011-09-25 15:30:00,2011-09-25 15:30:00,1,318.0,76,2,2,2,6,Other
17172,2011-09-22 09:36:00,2011-09-22 09:36:00,1,317.76,79,2,2,2,6,Other
15101,2010-12-15 12:54:00,2011-12-01 10:18:00,2,317.53,9,5,3,2,10,Other
17267,2011-08-04 17:19:00,2011-08-04 17:22:00,2,317.2,128,2,3,2,7,At risk
15257,2011-03-01 12:58:00,2011-03-01 12:58:00,1,317.15,284,1,1,2,4,Other
15385,2011-10-30 15:11:00,2011-10-30 15:11:00,1,316.88,41,3,1,2,6,Other
15243,2011-09-26 14:12:00,2011-09-26 14:12:00,1,316.68,75,2,1,2,5,Other
16761,2011-09-04 11:15:00,2011-09-04 11:15:00,1,316.62,97,2,2,2,6,Other
15204,2010-12-17 13:49:00,2010-12-17 13:49:00,1,316.58,358,1,1,2,4,Other
17458,2011-11-24 13:01:00,2011-11-24 13:01:00,1,316.5,16,4,2,2,8,Promising
13494,2011-02-01 11:58:00,2011-02-01 11:58:00,1,316.26000000000005,312,1,1,2,4,Other
15872,2011-11-25 11:54:00,2011-11-25 11:55:00,2,316.25,15,4,3,2,9,Other
14479,2010-12-09 12:59:00,2011-03-31 09:07:00,2,316.25,254,1,3,2,6,At risk
16473,2011-01-07 10:55:00,2011-06-28 09:10:00,3,316.11,165,2,4,2,8,At risk
18117,2011-11-14 12:47:00,2011-11-14 12:47:00,1,315.65,26,4,2,2,8,Promising
12614,2011-03-07 10:22:00,2011-03-07 10:22:00,1,315.6,278,1,1,2,4,Other
15766,2011-10-06 17:03:00,2011-10-06 17:03:00,1,315.06,65,3,2,2,7,Other
16091,2011-05-25 09:18:00,2011-07-08 08:45:00,2,315.06,155,2,3,2,7,At risk
17237,2011-11-17 12:55:00,2011-11-28 15:02:00,2,314.69,12,5,3,2,10,Other
16193,2011-04-17 11:45:00,2011-04-17 11:45:00,1,314.45,237,1,2,2,5,Other
12650,2011-12-06 16:34:00,2011-12-06 16:34:00,1,314.44,4,5,1,2,8,Promising
16227,2011-04-28 13:33:00,2011-04-28 13:33:00,1,314.22,226,1,2,2,5,Other
15970,2011-02-09 12:08:00,2011-02-09 12:08:00,1,314.1,304,1,2,2,5,Other
13484,2011-04-12 16:30:00,2011-04-12 16:30:00,1,313.8,242,1,1,2,4,Other
16582,2011-08-18 17:02:00,2011-08-18 17:02:00,1,313.62,114,2,2,2,6,Other
14729,2010-12-01 12:43:00,2010-12-01 12:43:00,1,313.49,374,1,1,2,4,Other
13845,2011-10-06 08:25:00,2011-10-06 08:25:00,1,312.98,65,3,1,2,6,Other
15318,2011-12-06 11:30:00,2011-12-06 11:30:00,1,312.62,4,5,1,2,8,Promising
14555,2011-02-10 17:19:00,2011-10-13 16:24:00,2,312.54,58,3,3,2,8,Other
12834,2011-03-02 09:49:00,2011-03-02 09:49:00,1,312.38,283,1,1,2,4,Other
13642,2011-05-08 12:34:00,2011-05-08 12:34:00,1,312.28,216,1,1,2,4,Other
17362,2011-02-03 10:26:00,2011-04-14 14:43:00,2,312.23,240,1,3,2,6,At risk
12785,2010-12-10 13:48:00,2010-12-10 13:48:00,1,311.95,365,1,1,2,4,Other
16450,2011-07-13 11:47:00,2011-07-13 11:47:00,1,311.92,150,2,2,2,6,Other
14142,2010-12-01 16:33:00,2010-12-01 16:33:00,1,311.81,374,1,1,2,4,Other
15326,2011-01-10 11:38:00,2011-01-10 11:38:00,1,311.71,334,1,1,2,4,Other
14951,2011-09-21 15:15:00,2011-09-21 15:15:00,1,311.69,80,2,1,2,5,Other
14327,2011-06-29 13:58:00,2011-06-29 13:58:00,1,311.65,164,2,1,2,5,Other
12852,2011-02-18 08:47:00,2011-02-18 08:47:00,1,311.55,295,1,1,2,4,Other
13990,2011-05-10 15:19:00,2011-05-10 15:19:00,1,311.3,214,1,1,2,4,Other
17854,2011-04-26 16:53:00,2011-06-07 16:21:00,2,311.26,186,1,3,2,6,At risk
16781,2010-12-02 14:26:00,2010-12-02 14:26:00,1,311.25,373,1,2,2,5,Other
13897,2011-10-20 14:30:00,2011-10-20 14:30:00,1,311.16,51,3,1,2,6,Other
15185,2011-09-30 14:06:00,2011-09-30 14:06:00,1,310.62,71,3,1,2,6,Other
15308,2011-03-10 13:08:00,2011-03-10 13:08:00,1,310.47,275,1,1,2,4,Other
14311,2011-04-11 10:14:00,2011-04-11 10:14:00,1,310.26,243,1,1,2,4,Other
17912,2010-12-10 11:11:00,2011-02-02 14:25:00,5,310.06,311,1,4,2,7,At risk
14924,2011-04-08 09:25:00,2011-04-08 09:25:00,1,310.05,246,1,1,2,4,Other
15661,2011-01-05 12:32:00,2011-01-26 13:56:00,2,309.8,318,1,3,2,6,At risk
15699,2011-11-22 08:26:00,2011-11-22 08:26:00,1,309.65,18,4,1,2,7,Promising
16810,2011-05-31 15:32:00,2011-05-31 15:32:00,1,309.54,193,1,2,2,5,Other
14339,2011-04-11 11:06:00,2011-04-11 11:06:00,1,309.52,243,1,1,2,4,Other
14847,2011-07-14 10:52:00,2011-07-14 10:52:00,1,309.4,149,2,1,2,5,Other
17604,2011-01-31 15:09:00,2011-05-06 13:43:00,2,309.36,218,1,3,2,6,At risk
12884,2011-09-12 13:10:00,2011-09-12 13:10:00,1,309.05,89,2,1,2,5,Other
13787,2010-12-10 14:45:00,2011-09-25 12:06:00,2,309.04,76,2,2,2,6,Other
15010,2011-11-04 12:42:00,2011-11-04 12:42:00,1,308.94,36,3,1,2,6,Other
16956,2011-11-22 08:56:00,2011-11-22 08:56:00,1,308.74,18,4,2,2,8,Promising
13699,2011-07-07 16:51:00,2011-07-07 16:51:00,1,308.58000000000004,156,2,1,2,5,Other
17510,2011-11-15 10:00:00,2011-11-15 10:00:00,1,308.48,25,4,2,2,8,Promising
13369,2010-12-09 11:30:00,2010-12-09 11:30:00,1,308.28000000000003,366,1,1,2,4,Other
13466,2011-06-08 16:39:00,2011-06-08 16:39:00,1,307.9,185,1,1,2,4,Other
15973,2010-12-08 11:42:00,2010-12-08 11:42:00,1,307.82000000000005,367,1,2,2,5,Other
16123,2011-10-19 09:18:00,2011-10-19 09:18:00,1,307.78,52,3,2,2,7,Other
13529,2011-05-19 11:50:00,2011-09-22 09:15:00,2,307.76,79,2,2,2,6,Other
13395,2011-06-07 15:04:00,2011-06-07 15:04:00,1,307.72,186,1,1,2,4,Other
13060,2011-03-31 11:37:00,2011-03-31 11:37:00,1,307.53,254,1,1,2,4,Other
14716,2011-07-14 12:42:00,2011-10-27 17:29:00,2,307.51,44,3,3,2,8,Other
14915,2011-03-07 09:39:00,2011-09-09 13:34:00,2,307.48,92,2,3,2,7,At risk
17120,2011-04-20 15:21:00,2011-04-20 15:21:00,1,307.46,234,1,2,2,5,Other
13932,2011-02-18 12:02:00,2011-02-18 12:02:00,1,307.4,295,1,1,2,4,Other
13142,2011-11-20 16:07:00,2011-11-20 16:07:00,1,307.09,20,4,1,2,7,Promising
17334,2011-02-04 09:03:00,2011-02-10 14:59:00,2,307.02,303,1,3,2,6,At risk
15087,2011-03-03 10:34:00,2011-03-03 10:34:00,1,306.94,282,1,1,2,4,Other
13762,2011-05-05 09:15:00,2011-05-05 09:15:00,1,306.72,219,1,1,2,4,Other
16668,2011-02-28 12:46:00,2011-11-24 17:43:00,6,306.71999999999997,16,4,5,2,11,Other
13718,2011-02-17 11:58:00,2011-04-07 13:24:00,2,306.55,247,1,2,2,5,Other
18059,2011-10-03 09:30:00,2011-11-16 16:49:00,3,306.46,24,4,4,2,10,Other
15659,2011-10-27 09:23:00,2011-10-27 09:23:00,1,306.45,44,3,1,2,6,Other
17176,2011-05-22 12:41:00,2011-05-22 12:41:00,1,306.13,202,1,2,2,5,Other
13863,2011-04-06 10:20:00,2011-04-06 10:20:00,1,305.78,248,1,1,2,4,Other
15219,2011-06-16 16:57:00,2011-06-16 16:57:00,1,305.75,177,2,1,2,5,Other
16796,2011-09-11 14:01:00,2011-09-11 14:01:00,1,305.62,90,2,2,2,6,Other
16181,2011-09-27 13:38:00,2011-09-27 13:38:00,1,305.54,74,2,2,2,6,Other
18220,2011-04-27 09:03:00,2011-04-27 09:03:00,1,305.28000000000003,227,1,2,2,5,Other
13045,2011-09-01 15:04:00,2011-09-01 15:04:00,1,305.28000000000003,100,2,1,2,5,Other
12623,2011-03-08 13:50:00,2011-03-08 13:50:00,1,305.1,277,1,1,2,4,Other
17941,2011-08-01 08:30:00,2011-08-01 08:30:00,1,304.56,131,2,2,2,6,Other
15163,2011-05-31 15:22:00,2011-11-21 13:10:00,2,304.47,19,4,3,2,9,Other
18185,2011-04-04 13:42:00,2011-04-04 13:42:00,1,304.25,250,1,2,2,5,Other
16217,2011-03-02 15:28:00,2011-04-18 13:31:00,2,304.25,236,1,3,2,6,At risk
17070,2011-08-17 17:01:00,2011-08-17 17:01:00,1,304.24,115,2,2,2,6,Other
16674,2011-09-02 13:59:00,2011-10-16 11:31:00,2,304.24,55,3,3,2,8,Other
17732,2010-12-02 09:29:00,2010-12-02 09:29:00,1,303.97,373,1,2,2,5,Other
16400,2011-09-06 12:27:00,2011-09-06 12:27:00,1,303.93,95,2,2,2,6,Other
13083,2011-09-25 10:46:00,2011-12-05 15:01:00,2,303.75,5,5,2,2,9,Promising
17433,2011-09-12 14:24:00,2011-09-12 14:24:00,1,303.15999999999997,89,2,2,2,6,Other
16425,2011-02-10 14:30:00,2011-02-10 14:30:00,1,302.7,303,1,2,2,5,Other
14248,2011-01-25 14:45:00,2011-01-25 14:45:00,1,302.58,319,1,1,2,4,Other
16386,2011-03-31 12:19:00,2011-11-11 12:28:00,2,302.57,29,4,3,2,9,Other
18165,2011-06-15 13:23:00,2011-06-15 13:23:00,1,302.46000000000004,178,2,2,2,6,Other
16292,2011-08-10 12:24:00,2011-08-10 12:24:00,1,302.25,122,2,2,2,6,Other
17506,2011-09-25 11:39:00,2011-09-25 11:39:00,1,302.2,76,2,2,2,6,Other
15054,2011-10-30 14:33:00,2011-11-27 15:02:00,2,302.1,13,5,3,2,10,Other
17094,2011-01-21 13:09:00,2011-01-21 13:09:00,1,302.0,323,1,2,2,5,Other
16297,2011-03-16 08:29:00,2011-03-16 08:29:00,1,301.9,269,1,2,2,5,Other
16715,2011-09-22 18:15:00,2011-09-22 18:15:00,1,301.71999999999997,79,2,2,2,6,Other
15667,2011-10-31 10:56:00,2011-10-31 10:56:00,1,301.32,40,3,1,2,6,Other
15148,2011-11-29 08:21:00,2011-11-29 08:21:00,1,301.29,11,5,1,2,8,Promising
15623,2011-07-21 17:26:00,2011-07-21 17:26:00,1,301.03,142,2,1,2,5,Other
13479,2011-04-19 11:27:00,2011-05-23 10:45:00,2,300.95,201,1,2,2,5,Other
17978,2010-12-09 14:05:00,2010-12-09 14:05:00,1,300.91999999999996,366,1,2,2,5,Other
16430,2011-10-13 14:47:00,2011-10-13 14:47:00,1,300.85,58,3,2,2,7,Other
16479,2011-11-29 13:04:00,2011-11-29 13:40:00,2,300.83,11,5,3,2,10,Other
14762,2011-03-21 08:20:00,2011-03-21 08:20:00,1,300.52,264,1,1,2,4,Other
13304,2010-12-23 14:35:00,2010-12-23 14:35:00,1,300.42,352,1,1,2,4,Other
15254,2011-08-04 15:04:00,2011-08-04 15:04:00,1,300.36,128,2,1,2,5,Other
17793,2011-11-14 14:24:00,2011-11-14 14:24:00,1,300.34,26,4,2,2,8,Promising
13745,2011-06-30 16:43:00,2011-06-30 16:43:00,1,300.04,163,2,1,2,5,Other
18053,2011-09-30 09:05:00,2011-09-30 09:05:00,1,300.02,71,3,2,2,7,Other
18215,2011-09-11 16:05:00,2011-09-11 16:05:00,1,299.34000000000003,90,2,2,2,6,Other
13667,2011-07-13 15:42:00,2011-07-13 15:42:00,1,299.05,150,2,1,2,5,Other
15609,2011-06-08 13:00:00,2011-06-08 13:00:00,1,298.48,185,1,1,2,4,Other
17824,2011-10-19 14:14:00,2011-10-19 14:14:00,1,298.4,52,3,2,2,7,Other
16104,2011-10-09 10:23:00,2011-10-09 10:23:00,1,298.21,62,3,2,2,7,Other
17678,2011-03-21 11:52:00,2011-03-21 11:52:00,1,298.11,264,1,2,2,5,Other
12881,2011-03-09 11:44:00,2011-03-09 11:44:00,1,298.0,276,1,1,2,4,Other
15857,2011-11-21 12:18:00,2011-11-21 12:18:00,1,297.0,19,4,2,2,8,Promising
17531,2011-06-02 19:17:00,2011-06-02 19:17:00,1,296.7,191,1,2,2,5,Other
13441,2011-09-09 09:38:00,2011-09-09 09:38:00,1,296.64,92,2,1,2,5,Other
17266,2011-07-15 11:57:00,2011-12-07 14:12:00,3,296.58,3,5,4,2,11,Other
13751,2011-02-24 15:56:00,2011-02-24 15:56:00,1,296.25,289,1,1,2,4,Other
13504,2011-10-06 13:20:00,2011-10-06 13:20:00,1,295.93,65,3,1,2,6,Other
16998,2011-02-08 15:42:00,2011-07-13 09:44:00,4,295.0,150,2,4,2,8,At risk
14954,2011-11-27 14:30:00,2011-11-27 14:30:00,1,294.85,13,5,1,2,8,Promising
15060,2011-11-30 14:03:00,2011-12-01 13:47:00,4,294.25,9,5,4,2,11,Other
17124,2011-06-07 14:02:00,2011-06-07 14:02:00,1,294.24,186,1,2,2,5,Other
15732,2010-12-02 15:00:00,2011-05-11 14:24:00,2,294.12,213,1,3,2,6,At risk
16402,2010-12-05 13:42:00,2011-03-20 12:25:00,2,293.45,265,1,3,2,6,At risk
17163,2011-09-22 15:54:00,2011-11-18 08:57:00,2,293.1,22,4,3,2,9,Other
12829,2010-12-14 14:54:00,2011-01-07 11:13:00,2,293.0,337,1,2,2,5,Other
16721,2011-03-22 16:08:00,2011-03-22 16:08:00,1,292.47,263,1,2,2,5,Other
14985,2010-12-16 19:51:00,2011-05-25 14:29:00,2,292.01,199,1,3,2,6,At risk
13502,2011-01-20 09:03:00,2011-11-23 10:39:00,3,292.0,17,4,3,2,9,Other
13449,2011-11-16 08:28:00,2011-11-16 08:28:00,1,291.88,24,4,1,2,7,Promising
17255,2011-02-13 15:18:00,2011-10-30 12:18:00,2,291.48,41,3,3,2,8,Other
14656,2011-03-01 13:19:00,2011-06-23 13:51:00,2,291.05,170,2,3,2,7,At risk
14947,2011-08-01 09:31:00,2011-09-28 15:48:00,2,290.82,73,2,3,2,7,At risk
16648,2011-10-28 08:58:00,2011-10-28 08:58:00,1,290.65999999999997,43,3,2,2,7,Other
15279,2010-12-20 10:48:00,2010-12-20 10:48:00,1,290.51,355,1,1,2,4,Other
17691,2010-12-06 11:10:00,2010-12-16 17:20:00,2,290.40000000000003,359,1,3,2,6,At risk
16526,2011-06-21 12:02:00,2011-06-21 12:02:00,1,290.36,172,2,2,2,6,Other
17551,2010-12-15 14:12:00,2010-12-15 14:12:00,1,290.34,360,1,2,2,5,Other
13573,2011-03-31 14:47:00,2011-10-20 14:33:00,2,290.25,51,3,2,2,7,Other
14784,2011-01-20 09:25:00,2011-11-13 13:30:00,2,289.99,27,4,3,2,9,Other
17464,2011-07-04 13:19:00,2011-07-04 13:19:00,1,289.96000000000004,159,2,2,2,6,Other
16897,2011-01-30 11:52:00,2011-02-13 15:02:00,2,289.78,300,1,3,2,6,At risk
17201,2011-10-17 11:55:00,2011-10-17 11:55:00,1,289.78,54,3,2,2,7,Other
14162,2011-02-20 12:32:00,2011-06-19 11:36:00,2,289.36,174,2,3,2,7,At risk
16125,2010-12-07 15:48:00,2010-12-07 15:48:00,1,289.35,368,1,2,2,5,Other
14549,2011-02-01 13:47:00,2011-02-01 13:47:00,1,289.24,312,1,1,2,4,Other
15545,2010-12-03 17:28:00,2011-10-16 13:24:00,2,288.96999999999997,55,3,3,2,8,Other
17081,2011-10-24 13:08:00,2011-11-14 12:56:00,2,288.91,26,4,3,2,9,Other
17501,2011-05-03 09:46:00,2011-05-03 09:47:00,2,288.6,221,1,3,2,6,At risk
16808,2011-03-10 19:05:00,2011-09-01 19:34:00,2,288.42,100,2,3,2,7,At risk
15396,2011-08-19 10:56:00,2011-08-19 10:56:00,1,288.18,113,2,1,2,5,Other
17977,2011-11-10 13:28:00,2011-11-10 13:28:00,1,288.14,30,4,2,2,8,Promising
17080,2011-03-15 12:05:00,2011-11-17 12:59:00,2,287.62,23,4,3,2,9,Other
17760,2010-12-01 15:08:00,2011-11-18 10:56:00,2,287.59,22,4,3,2,9,Other
16432,2011-10-06 13:59:00,2011-10-06 13:59:00,1,287.4,65,3,2,2,7,Other
13760,2011-03-28 12:52:00,2011-10-16 16:13:00,2,286.79,55,3,2,2,7,Other
16555,2011-08-22 12:32:00,2011-11-04 14:31:00,2,285.89,36,3,3,2,8,Other
14660,2011-08-31 10:40:00,2011-09-14 11:34:00,2,285.74,87,2,3,2,7,At risk
14953,2011-11-14 14:59:00,2011-11-14 14:59:00,1,285.67,26,4,1,2,7,Promising
17636,2011-11-20 14:40:00,2011-11-20 14:40:00,1,285.56,20,4,2,2,8,Promising
13708,2011-03-13 13:46:00,2011-03-13 13:46:00,1,285.33,272,1,1,2,4,Other
16429,2011-08-25 13:54:00,2011-08-25 13:54:00,1,284.55,107,2,2,2,6,Other
18190,2011-01-13 10:35:00,2011-05-31 14:48:00,2,284.46000000000004,193,1,3,2,6,At risk
13121,2011-03-15 16:47:00,2011-03-15 16:47:00,1,283.73,270,1,1,2,4,Other
13439,2011-03-29 14:20:00,2011-03-29 14:20:00,1,283.71,256,1,1,2,4,Other
12703,2011-09-29 17:52:00,2011-09-29 17:52:00,1,283.55,72,2,1,2,5,Other
17783,2011-04-06 10:07:00,2011-09-28 16:07:00,2,283.47,73,2,3,2,7,At risk
13259,2011-10-09 10:48:00,2011-10-09 10:48:00,1,283.18,62,3,1,2,6,Other
18270,2011-03-18 12:41:00,2011-11-01 13:57:00,2,283.15,39,3,3,2,8,Other
17694,2011-07-21 12:00:00,2011-07-21 12:00:00,1,283.12,142,2,2,2,6,Other
14350,2011-03-10 14:14:00,2011-03-10 14:14:00,1,282.93,275,1,1,2,4,Other
13754,2011-01-26 14:58:00,2011-07-11 11:51:00,2,282.59999999999997,152,2,2,2,6,Other
13177,2011-10-06 09:56:00,2011-10-06 09:56:00,1,282.45,65,3,1,2,6,Other
16557,2011-07-25 13:28:00,2011-11-15 14:04:00,2,281.85,25,4,3,2,9,Other
16848,2011-10-18 08:42:00,2011-10-18 08:42:00,1,281.42,53,3,2,2,7,Other
14242,2011-01-18 08:53:00,2011-04-19 11:46:00,2,280.55,235,1,3,2,6,At risk
16149,2011-07-20 14:54:00,2011-12-05 11:29:00,2,280.52,5,5,3,2,10,Other
17247,2011-11-24 15:21:00,2011-11-24 15:21:00,1,280.09000000000003,16,4,2,2,8,Promising
14975,2011-10-13 14:08:00,2011-10-13 14:08:00,1,279.94,58,3,1,2,6,Other
15556,2011-11-15 16:08:00,2011-11-15 16:08:00,1,279.77,25,4,1,2,7,Promising
14480,2011-11-28 16:35:00,2011-11-28 16:35:00,1,279.05,12,5,1,2,8,Promising
14764,2011-10-24 11:54:00,2011-10-24 11:54:00,1,278.3,47,3,1,2,6,Other
14908,2011-09-26 12:56:00,2011-09-26 12:56:00,1,277.8,75,2,1,2,5,Other
13803,2011-03-29 12:57:00,2011-03-29 12:57:00,1,277.07,256,1,1,2,4,Other
15355,2011-10-17 15:22:00,2011-11-10 13:44:00,2,277.05,30,4,3,2,9,Other
13606,2011-02-01 11:42:00,2011-11-10 17:46:00,3,276.75,30,4,3,2,9,Other
13272,2011-09-11 12:06:00,2011-11-08 14:00:00,2,276.56,32,4,2,2,8,Promising
13544,2011-04-13 12:09:00,2011-10-31 11:57:00,2,276.06,40,3,2,2,7,Other
12750,2011-08-03 09:13:00,2011-08-03 09:13:00,1,275.88,129,2,1,2,5,Other
14512,2011-04-21 19:05:00,2011-06-05 12:39:00,2,275.28,188,1,3,2,6,At risk
16313,2011-10-21 09:04:00,2011-12-06 13:02:00,2,274.15000000000003,4,5,3,2,10,Other
16883,2010-12-03 10:33:00,2011-06-05 12:51:00,2,272.48,188,1,3,2,6,At risk
17498,2011-09-25 12:25:00,2011-09-25 12:25:00,1,272.22,76,2,2,2,6,Other
14819,2011-05-31 13:50:00,2011-10-06 13:41:00,2,272.07,65,3,3,2,8,Other
13917,2011-06-01 12:46:00,2011-10-21 09:56:00,2,272.04,50,3,2,2,7,Other
14816,2011-05-26 13:16:00,2011-05-26 13:16:00,1,271.85,198,1,1,2,4,Other
13058,2011-07-11 12:01:00,2011-11-15 12:43:00,3,271.40000000000003,25,4,3,2,9,Other
17767,2011-11-24 14:42:00,2011-11-24 14:42:00,1,271.2,16,4,2,2,8,Promising
17254,2011-11-24 14:09:00,2011-12-05 12:46:00,2,271.19,5,5,3,2,10,Other
17496,2010-12-16 08:39:00,2010-12-16 08:39:00,1,271.05,359,1,2,2,5,Other
18108,2011-03-30 13:56:00,2011-03-30 13:56:00,1,271.0,255,1,2,2,5,Other
17011,2011-11-09 13:30:00,2011-11-09 13:30:00,1,270.9,31,4,2,2,8,Promising
15774,2011-10-02 12:04:00,2011-10-02 12:04:00,1,270.8,69,3,2,2,7,Other
14520,2011-02-22 09:15:00,2011-12-08 09:46:00,2,270.6,2,5,3,2,10,Other
13242,2011-05-10 12:26:00,2011-08-19 12:53:00,3,270.40000000000003,113,2,3,2,7,At risk
12558,2011-12-02 10:41:00,2011-12-02 10:41:00,1,269.96,8,5,1,2,8,Promising
17251,2010-12-12 11:06:00,2010-12-12 11:06:00,1,269.83,363,1,2,2,5,Other
13533,2011-03-17 12:47:00,2011-06-10 11:54:00,3,269.09,183,1,3,2,6,At risk
14727,2011-03-10 14:45:00,2011-03-10 14:45:00,1,268.58,275,1,1,2,4,Other
14508,2011-09-11 11:29:00,2011-11-17 19:48:00,2,268.05,23,4,3,2,9,Other
15408,2011-03-20 15:02:00,2011-03-20 15:02:00,1,267.18,265,1,1,2,4,Other
17550,2011-04-10 15:19:00,2011-05-26 14:09:00,3,267.16,198,1,4,2,7,At risk
15320,2011-10-26 13:27:00,2011-10-26 13:27:00,1,267.13,45,3,1,2,6,Other
15517,2011-04-20 14:02:00,2011-04-20 14:02:00,1,267.03,234,1,1,2,4,Other
16451,2011-09-13 09:17:00,2011-09-13 09:17:00,1,266.97,88,2,2,2,6,Other
17786,2011-01-26 14:35:00,2011-09-15 12:51:00,2,266.85,86,2,3,2,7,At risk
14863,2011-11-10 15:04:00,2011-11-10 15:04:00,1,266.76,30,4,1,2,7,Promising
13837,2011-01-26 12:15:00,2011-05-12 12:10:00,2,266.59000000000003,212,1,2,2,5,Other
15119,2011-04-08 09:08:00,2011-04-08 09:08:00,1,266.4,246,1,1,2,4,Other
12962,2011-08-18 13:38:00,2011-12-02 15:55:00,2,266.39,8,5,2,2,9,Promising
14068,2011-01-23 16:02:00,2011-01-23 16:02:00,1,265.85,321,1,1,2,4,Other
17430,2010-12-09 13:05:00,2011-11-07 09:24:00,2,265.76,33,4,3,2,9,Other
14423,2011-05-05 15:12:00,2011-05-05 15:12:00,1,265.2,219,1,1,2,4,Other
17968,2010-12-01 12:23:00,2010-12-01 12:23:00,1,265.1,374,1,2,2,5,Other
13973,2011-02-25 15:21:00,2011-02-25 15:21:00,1,264.7,288,1,1,2,4,Other
15912,2011-04-20 17:10:00,2011-06-14 14:29:00,2,264.62,179,2,3,2,7,At risk
17403,2011-11-03 15:18:00,2011-11-03 15:18:00,1,263.92,37,3,2,2,7,Other
17708,2011-01-19 10:09:00,2011-06-05 10:12:00,2,263.33,188,1,3,2,6,At risk
12492,2011-08-26 14:51:00,2011-10-07 15:15:00,2,263.21000000000004,64,3,2,2,7,Other
17194,2010-12-14 12:06:00,2011-03-11 12:05:00,2,262.62,274,1,3,2,6,At risk
16413,2011-10-14 12:08:00,2011-10-14 12:08:00,1,262.2,57,3,2,2,7,Other
16936,2011-11-14 11:04:00,2011-11-14 11:04:00,1,261.9,26,4,2,2,8,Promising
13189,2011-08-16 13:12:00,2011-11-21 10:39:00,2,260.68,19,4,2,2,8,Promising
14053,2011-07-03 12:21:00,2011-08-07 14:27:00,2,260.25,125,2,3,2,7,At risk
15143,2011-04-28 12:03:00,2011-04-28 12:03:00,1,259.45,226,1,1,2,4,Other
13127,2011-09-23 10:26:00,2011-09-23 10:26:00,1,259.17,78,2,1,2,5,Other
14452,2011-09-07 11:32:00,2011-11-29 12:06:00,2,259.05,11,5,3,2,10,Other
15577,2011-02-07 13:32:00,2011-07-11 17:03:00,3,258.88,152,2,3,2,7,At risk
13277,2011-07-29 10:06:00,2011-11-24 09:21:00,4,258.4,16,4,4,2,10,Other
15894,2010-12-05 14:06:00,2011-03-31 13:50:00,2,258.25,254,1,3,2,6,At risk
13227,2011-05-22 11:47:00,2011-05-22 11:47:00,1,257.7,202,1,1,2,4,Other
15014,2011-06-16 19:40:00,2011-10-27 20:07:00,2,257.67,44,3,3,2,8,Other
13626,2011-04-01 10:05:00,2011-04-01 10:05:00,1,257.23,253,1,1,2,4,Other
16048,2010-12-01 15:27:00,2010-12-01 15:28:00,2,256.44,374,1,3,2,6,At risk
12430,2011-10-27 15:09:00,2011-10-27 15:09:00,1,256.4,44,3,1,2,6,Other
13806,2011-10-07 11:43:00,2011-10-07 11:43:00,1,256.38,64,3,1,2,6,Other
16727,2010-12-10 13:48:00,2010-12-10 13:48:00,1,256.32,365,1,2,2,5,Other
17896,2011-11-16 13:59:00,2011-11-16 13:59:00,1,256.32,24,4,2,2,8,Promising
17385,2011-11-25 11:02:00,2011-11-25 11:02:00,1,256.11,15,4,2,2,8,Promising
16447,2011-07-27 12:45:00,2011-07-27 12:45:00,1,255.91,136,2,2,2,6,Other
14761,2011-01-09 12:03:00,2011-10-12 12:10:00,2,255.9,59,3,3,2,8,Other
15277,2011-10-24 10:08:00,2011-10-24 10:08:00,1,255.89999999999998,47,3,1,2,6,Other
14881,2011-11-20 11:06:00,2011-11-20 11:06:00,1,255.4,20,4,1,2,7,Promising
16226,2011-04-18 12:58:00,2011-05-20 14:41:00,3,255.12,204,1,4,2,7,At risk
15261,2011-07-27 15:20:00,2011-07-27 15:20:00,1,254.82,136,2,1,2,5,Other
15154,2011-09-25 16:05:00,2011-09-25 16:05:00,1,254.28,76,2,1,2,5,Other
12604,2011-03-23 12:06:00,2011-09-21 14:08:00,2,254.18,80,2,2,2,6,Other
14765,2011-06-16 19:49:00,2011-11-10 19:53:00,3,254.11,30,4,3,2,9,Other
15689,2010-12-13 09:57:00,2011-08-12 09:37:00,2,254.1,120,2,3,2,7,At risk
12797,2010-12-09 10:55:00,2010-12-09 10:55:00,1,254.03,366,1,1,2,4,Other
15759,2010-12-16 15:29:00,2011-05-05 15:13:00,3,253.04,219,1,3,2,6,At risk
15019,2011-03-18 12:35:00,2011-03-18 12:35:00,1,252.81,267,1,1,2,4,Other
15035,2011-09-11 11:08:00,2011-09-11 11:08:00,1,252.73000000000002,90,2,1,2,5,Other
13404,2011-05-11 11:57:00,2011-12-08 15:37:00,2,252.49,2,5,2,2,9,Promising
15346,2011-01-11 11:18:00,2011-01-11 11:18:00,1,252.42000000000002,333,1,1,2,4,Other
13645,2011-08-11 16:11:00,2011-08-11 16:11:00,1,252.1,121,2,1,2,5,Other
13711,2011-05-05 10:29:00,2011-05-05 10:31:00,2,252.06,219,1,2,2,5,Other
16330,2011-08-19 17:08:00,2011-11-22 12:24:00,3,251.91,18,4,4,2,10,Other
16836,2011-08-15 12:38:00,2011-10-31 10:05:00,2,251.87,40,3,3,2,8,Other
17155,2011-06-15 10:22:00,2011-11-22 12:38:00,2,251.70000000000002,18,4,3,2,9,Other
16976,2011-03-17 16:33:00,2011-03-17 16:33:00,1,251.51999999999998,268,1,2,2,5,Other
13512,2011-03-24 10:03:00,2011-03-24 10:03:00,1,251.21,261,1,1,2,4,Other
14501,2011-01-24 10:43:00,2011-06-09 12:02:00,2,251.21,184,1,3,2,6,At risk
16024,2011-11-27 13:26:00,2011-11-27 13:26:00,1,251.03,13,5,2,2,9,Promising
13207,2011-07-12 11:35:00,2011-11-24 14:52:00,2,250.26000000000002,16,4,2,2,8,Promising
16596,2010-12-08 16:18:00,2011-11-24 10:02:00,2,250.15,16,4,3,2,9,Other
17303,2010-12-13 13:32:00,2010-12-13 13:32:00,1,250.04,362,1,2,2,5,Other
15510,2011-01-13 12:10:00,2011-01-13 12:10:00,1,250.0,331,1,1,2,4,Other
17456,2010-12-09 15:23:00,2010-12-09 15:23:00,1,249.86,366,1,2,2,5,Other
16124,2011-01-26 14:45:00,2011-01-26 14:45:00,1,249.0,318,1,2,1,4,Other
13061,2011-09-28 16:04:00,2011-09-28 16:04:00,1,248.61,73,2,1,1,4,Other
16510,2010-12-02 13:39:00,2010-12-02 13:39:00,1,248.1,373,1,2,1,4,Other
15097,2011-12-05 14:03:00,2011-12-05 14:03:00,1,248.08,5,5,1,1,7,Promising
13592,2011-03-20 14:01:00,2011-11-04 09:49:00,4,247.95999999999998,36,3,4,1,8,Other
18072,2011-06-07 10:44:00,2011-06-07 10:44:00,1,247.44,186,1,2,1,4,Other
18009,2011-04-18 13:36:00,2011-04-18 13:36:00,1,247.39,236,1,2,1,4,Other
13349,2011-11-29 08:07:00,2011-11-29 08:07:00,1,247.32,11,5,1,1,7,Promising
14658,2011-08-14 15:42:00,2011-12-04 15:35:00,2,247.15,6,5,3,1,9,Other
15783,2011-11-29 09:50:00,2011-11-29 09:50:00,1,246.3,11,5,2,1,8,Promising
17278,2011-04-12 13:10:00,2011-04-12 13:10:00,1,246.04,242,1,2,1,4,Other
16778,2011-03-10 15:21:00,2011-09-26 13:48:00,2,245.94,75,2,3,1,6,At risk
17771,2011-01-20 14:13:00,2011-10-14 11:43:00,2,245.81,57,3,3,1,7,Other
12660,2011-11-28 13:26:00,2011-11-28 13:26:00,1,245.1,12,5,1,1,7,Promising
15118,2011-07-28 14:54:00,2011-07-28 14:54:00,1,244.8,135,2,1,1,4,Other
16528,2011-12-06 12:45:00,2011-12-06 12:45:00,1,244.41,4,5,2,1,8,Promising
17892,2011-07-07 12:56:00,2011-10-14 16:49:00,3,244.1,57,3,4,1,8,Other
17925,2010-12-02 10:10:00,2010-12-02 10:10:00,1,244.08,373,1,2,1,4,Other
13103,2011-10-31 09:38:00,2011-10-31 09:38:00,1,243.94,40,3,1,1,5,Other
16793,2011-10-13 15:08:00,2011-10-13 15:08:00,1,243.84,58,3,2,1,6,Other
18193,2011-06-27 13:58:00,2011-06-27 13:58:00,1,243.76,166,2,2,1,5,Other
13886,2011-09-29 13:17:00,2011-09-29 13:17:00,1,243.56,72,3,1,1,5,Other
15634,2011-11-22 16:28:00,2011-11-22 16:28:00,1,243.55,18,4,1,1,6,Promising
17339,2010-12-09 14:44:00,2011-09-06 13:29:00,2,243.36,95,2,3,1,6,At risk
16601,2011-10-30 11:09:00,2011-10-30 11:09:00,1,242.7,41,3,2,1,6,Other
16215,2011-09-20 10:18:00,2011-09-20 10:18:00,1,242.35,81,2,2,1,5,Other
15776,2011-07-29 13:46:00,2011-07-29 13:46:00,1,241.62,134,2,2,1,5,Other
14523,2011-08-23 13:13:00,2011-08-23 13:13:00,1,241.09,109,2,1,1,4,Other
16427,2011-02-28 15:18:00,2011-03-21 17:10:00,2,241.06,264,1,3,1,5,At risk
17051,2011-05-29 14:13:00,2011-05-29 14:13:00,1,240.89000000000001,195,1,2,1,4,Other
15598,2011-10-17 16:04:00,2011-10-17 16:04:00,1,240.68,54,3,1,1,5,Other
15286,2011-10-21 11:08:00,2011-10-21 11:08:00,1,240.55,50,3,1,1,5,Other
13565,2011-01-09 14:28:00,2011-11-20 14:33:00,2,240.22,20,4,2,1,7,Promising
17256,2011-01-31 14:53:00,2011-08-24 13:30:00,2,240.0,108,2,3,1,6,At risk
17181,2010-12-01 12:38:00,2011-10-13 14:48:00,2,239.92000000000002,58,3,3,1,7,Other
15690,2011-08-31 11:40:00,2011-12-05 15:59:00,2,239.76,5,5,3,1,9,Other
13570,2011-04-10 13:36:00,2011-04-10 13:36:00,1,239.49,244,1,1,1,3,Other
17684,2011-10-27 11:10:00,2011-10-27 11:10:00,1,239.41,44,3,2,1,6,Other
16756,2011-05-09 09:33:00,2011-05-09 09:33:00,1,239.4,215,1,2,1,4,Other
12561,2011-02-10 11:39:00,2011-02-10 11:39:00,1,238.85,303,1,1,1,3,Other
12718,2011-09-29 16:38:00,2011-09-29 16:38:00,1,238.25,72,2,1,1,4,Other
17877,2011-06-22 13:00:00,2011-06-22 13:00:00,1,237.61,171,2,2,1,5,Other
14586,2011-03-08 10:04:00,2011-03-08 10:04:00,1,237.36,277,1,1,1,3,Other
15457,2011-03-22 15:31:00,2011-03-22 15:31:00,1,237.07,263,1,1,1,3,Other
12732,2011-06-13 11:33:00,2011-06-13 11:33:00,1,236.26000000000002,180,1,1,1,3,Other
16026,2011-10-27 13:53:00,2011-10-27 13:53:00,1,236.09,44,3,2,1,6,Other
14647,2011-05-22 13:40:00,2011-05-22 13:40:00,1,236.04000000000002,202,1,1,1,3,Other
13187,2011-01-06 18:57:00,2011-01-06 18:57:00,1,236.02,338,1,1,1,3,Other
14375,2011-06-07 13:44:00,2011-06-07 13:44:00,1,235.56,186,1,1,1,3,Other
15850,2011-06-24 14:16:00,2011-11-20 14:14:00,2,234.88,20,4,3,1,8,Other
15462,2011-06-05 15:36:00,2011-09-06 13:11:00,3,234.6,95,2,3,1,6,At risk
14473,2011-03-02 13:56:00,2011-09-26 15:10:00,2,234.34000000000003,75,2,3,1,6,At risk
17060,2011-03-18 13:27:00,2011-03-18 13:27:00,1,234.24,267,1,2,1,4,Other
16961,2011-08-15 13:46:00,2011-08-15 13:46:00,1,234.17,117,2,2,1,5,Other
12736,2011-01-11 07:57:00,2011-01-11 07:57:00,1,234.0,333,1,1,1,3,Other
13348,2011-10-06 17:28:00,2011-10-06 17:28:00,1,233.76,65,3,1,1,5,Other
16583,2010-12-01 12:03:00,2010-12-01 12:03:00,1,233.45,374,1,2,1,4,Other
16302,2011-08-05 09:44:00,2011-08-05 09:44:00,1,233.22,127,2,2,1,5,Other
13678,2011-07-11 10:14:00,2011-07-11 10:14:00,1,232.6,152,2,1,1,4,Other
18213,2011-04-17 10:21:00,2011-04-17 10:21:00,1,232.48000000000002,237,1,2,1,4,Other
16117,2011-06-03 11:42:00,2011-06-03 11:42:00,1,232.21,190,1,2,1,4,Other
17908,2010-12-01 11:45:00,2010-12-01 11:45:00,1,232.03,374,1,2,1,4,Other
14995,2011-03-04 13:14:00,2011-11-01 11:39:00,2,231.98000000000002,39,3,3,1,7,Other
15393,2011-03-03 16:58:00,2011-11-23 16:48:00,2,231.86,17,4,3,1,8,Other
17111,2011-10-23 15:59:00,2011-10-23 15:59:00,1,231.61,48,3,2,1,6,Other
16641,2011-08-26 12:49:00,2011-08-26 12:49:00,1,231.10000000000002,106,2,2,1,5,Other
18030,2011-10-28 13:55:00,2011-12-05 16:37:00,2,230.64999999999998,5,5,3,1,9,Other
16445,2011-11-06 12:32:00,2011-11-06 12:32:00,1,230.51,34,3,2,1,6,Other
17125,2011-10-20 14:41:00,2011-10-20 14:41:00,1,230.5,51,3,2,1,6,Other
13786,2010-12-07 13:53:00,2010-12-07 13:53:00,1,230.39999999999998,368,1,1,1,3,Other
16926,2010-12-03 13:42:00,2010-12-03 13:42:00,1,230.25,372,1,2,1,4,Other
13960,2011-09-29 12:39:00,2011-11-18 15:27:00,2,230.22,22,4,3,1,8,Other
12812,2011-10-26 09:54:00,2011-10-26 09:54:00,1,229.64000000000001,45,3,1,1,5,Other
13008,2011-01-20 14:24:00,2011-01-20 14:24:00,1,229.46999999999997,324,1,1,1,3,Other
15528,2011-03-30 16:14:00,2011-03-30 16:14:00,1,229.33,255,1,1,1,3,Other
14793,2011-11-18 14:50:00,2011-11-18 14:50:00,1,228.99,22,4,1,1,6,Promising
17347,2011-09-14 13:12:00,2011-09-14 13:12:00,1,228.96,87,2,2,1,5,Other
13146,2011-11-13 15:29:00,2011-11-13 15:29:00,1,228.91,27,4,1,1,6,Promising
13712,2011-04-07 12:33:00,2011-04-07 12:33:00,1,228.84,247,1,1,1,3,Other
13070,2011-05-31 13:45:00,2011-05-31 13:45:00,1,228.8,193,1,1,1,3,Other
17969,2010-12-13 15:34:00,2011-06-26 13:00:00,2,228.2,167,2,3,1,6,At risk
16527,2011-09-19 16:21:00,2011-09-19 16:21:00,1,228.06,82,2,2,1,5,Other
14569,2011-12-08 14:58:00,2011-12-08 14:58:00,1,227.39,2,5,1,1,7,Promising
17212,2011-03-31 19:42:00,2011-03-31 19:42:00,1,226.85,254,1,2,1,4,Other
13474,2011-04-17 13:53:00,2011-04-17 13:53:00,1,226.84,237,1,1,1,3,Other
17572,2010-12-01 12:51:00,2011-09-29 17:53:00,4,226.75000000000003,72,3,4,1,8,Other
18005,2011-10-23 14:40:00,2011-12-06 11:51:00,2,226.47,4,5,3,1,9,Other
17860,2010-12-06 12:41:00,2010-12-06 12:41:00,1,226.45000000000002,369,1,2,1,4,Other
16315,2011-01-13 11:57:00,2011-01-13 11:57:00,1,226.37,331,1,2,1,4,Other
16619,2011-03-21 08:18:00,2011-03-21 08:18:00,1,226.21,264,1,2,1,4,Other
17789,2011-03-03 13:14:00,2011-03-03 13:14:00,1,225.9,282,1,2,1,4,Other
12672,2011-01-14 09:20:00,2011-01-14 09:20:00,1,225.89999999999998,330,1,1,1,3,Other
14624,2011-10-11 14:39:00,2011-10-13 13:44:00,2,225.85,58,3,3,1,7,Other
12402,2011-01-20 13:49:00,2011-01-20 13:49:00,1,225.6,324,1,1,1,3,Other
16690,2011-05-22 10:53:00,2011-09-28 15:02:00,2,225.57999999999998,73,2,3,1,6,At risk
14052,2011-11-20 12:30:00,2011-11-20 12:30:00,1,225.36,20,4,1,1,6,Promising
15483,2011-03-18 12:26:00,2011-07-01 13:07:00,4,225.26,162,2,4,1,7,At risk
16587,2011-04-21 15:51:00,2011-04-21 15:51:00,1,225.15,233,1,2,1,4,Other
14357,2011-10-27 16:23:00,2011-10-27 16:23:00,1,225.12,44,3,1,1,5,Other
17171,2011-02-23 16:37:00,2011-02-23 16:37:00,1,224.91,290,1,2,1,4,Other
15175,2011-09-29 11:31:00,2011-09-29 11:31:00,1,224.14,72,3,1,1,5,Other
16471,2011-03-10 09:41:00,2011-03-10 09:41:00,1,223.95000000000002,275,1,2,1,4,Other
16753,2011-10-12 13:14:00,2011-10-12 13:14:00,1,223.92000000000002,59,3,2,1,6,Other
14929,2011-11-07 17:21:00,2011-11-07 17:21:00,1,223.88,33,3,1,1,5,Other
13926,2011-11-16 13:16:00,2011-11-16 13:16:00,1,223.85000000000002,24,4,1,1,6,Promising
17534,2011-10-17 12:47:00,2011-10-17 12:47:00,1,223.36,54,3,2,1,6,Other
15637,2011-10-18 08:28:00,2011-10-18 08:28:00,1,223.36,53,3,1,1,5,Other
13382,2011-03-04 10:03:00,2011-03-04 10:03:00,1,222.99,281,1,1,1,3,Other
16777,2011-03-27 14:34:00,2011-09-20 13:41:00,2,222.62,81,2,3,1,6,At risk
18101,2011-07-19 13:05:00,2011-11-28 13:37:00,2,222.4,12,5,3,1,9,Other
14598,2011-10-26 13:19:00,2011-10-26 13:19:00,1,221.97,45,3,1,1,5,Other
14960,2011-06-21 13:38:00,2011-12-01 12:54:00,2,221.27,9,5,3,1,9,Other
13419,2011-10-07 12:49:00,2011-10-07 12:49:00,1,221.06,64,3,1,1,5,Other
16482,2011-11-24 12:33:00,2011-11-24 12:33:00,1,220.62,16,4,2,1,7,Promising
13079,2011-07-22 14:41:00,2011-12-05 16:53:00,5,220.10000000000002,5,5,4,1,10,Other
18114,2011-02-22 13:20:00,2011-02-22 13:20:00,1,220.1,291,1,2,1,4,Other
13600,2011-01-31 15:27:00,2011-01-31 15:27:00,1,219.52,313,1,1,1,3,Other
15096,2011-10-28 10:27:00,2011-10-28 10:27:00,1,219.39000000000001,43,3,1,1,5,Other
12702,2011-11-20 10:36:00,2011-11-20 10:36:00,1,219.0,20,4,1,1,6,Promising
15790,2011-11-29 14:53:00,2011-11-29 14:53:00,1,218.75,11,5,2,1,8,Promising
13669,2011-07-13 11:44:00,2011-10-20 09:32:00,2,218.55,51,3,2,1,6,Other
12574,2011-01-28 09:20:00,2011-01-28 09:20:00,1,218.45,316,1,1,1,3,Other
15724,2011-02-28 10:40:00,2011-05-22 14:40:00,2,218.25,202,1,3,1,5,At risk
14570,2011-03-04 10:39:00,2011-03-04 10:58:00,2,218.06,281,1,3,1,5,At risk
16634,2010-12-02 17:41:00,2011-05-01 12:09:00,2,217.9,223,1,3,1,5,At risk
16392,2011-03-15 12:11:00,2011-03-15 12:11:00,1,217.89,270,1,2,1,4,Other
15554,2011-03-07 09:00:00,2011-03-07 09:00:00,1,217.2,278,1,1,1,3,Other
16080,2011-03-10 14:44:00,2011-09-19 10:42:00,2,217.16,82,2,3,1,6,At risk
13739,2011-11-21 13:35:00,2011-11-21 13:35:00,1,216.9,19,4,1,1,6,Promising
13503,2011-09-29 13:23:00,2011-09-29 13:23:00,1,216.85,72,2,1,1,4,Other
12897,2011-02-11 11:40:00,2011-05-19 12:13:00,2,216.5,205,1,2,1,4,Other
15604,2011-10-18 14:47:00,2011-10-18 14:47:00,1,216.39,53,3,1,1,5,Other
17436,2011-04-27 11:33:00,2011-12-08 12:30:00,2,216.29999999999998,2,5,3,1,9,Other
14104,2011-06-27 12:49:00,2011-07-08 12:50:00,2,216.20999999999998,155,2,3,1,6,At risk
13858,2011-10-13 16:17:00,2011-10-13 16:17:00,1,216.17,58,3,1,1,5,Other
18212,2011-01-17 16:14:00,2011-01-17 16:14:00,1,216.07,327,1,2,1,4,Other
16179,2011-10-10 09:41:00,2011-10-10 09:41:00,1,215.83,61,3,2,1,6,Other
17580,2010-12-16 15:27:00,2011-04-01 12:41:00,3,215.72,253,1,4,1,6,At risk
16189,2011-09-15 15:21:00,2011-11-24 11:47:00,2,215.48,16,4,3,1,8,Other
16190,2011-10-30 15:59:00,2011-10-30 15:59:00,1,215.08,41,3,2,1,6,Other
16519,2010-12-09 14:08:00,2011-11-14 15:41:00,2,215.07999999999998,26,4,3,1,8,Other
12831,2011-03-22 13:02:00,2011-03-22 13:02:00,1,215.05,263,1,1,1,3,Other
12588,2011-10-31 15:01:00,2011-10-31 15:01:00,1,214.89999999999998,40,3,1,1,5,Other
16338,2011-07-05 13:56:00,2011-07-05 13:56:00,1,214.79999999999998,158,2,2,1,5,Other
17619,2011-01-31 14:18:00,2011-01-31 14:18:00,1,214.37,313,1,2,1,4,Other
16846,2011-10-20 13:55:00,2011-10-20 13:55:00,1,214.32,51,3,2,1,6,Other
15460,2010-12-20 16:08:00,2010-12-20 16:08:00,1,214.26,355,1,1,1,3,Other
16647,2011-05-19 09:31:00,2011-06-23 11:47:00,2,214.06,170,2,3,1,6,At risk
14601,2011-11-29 09:48:00,2011-11-29 09:48:00,1,213.96,11,5,1,1,7,Promising
13621,2011-08-15 08:26:00,2011-08-15 08:26:00,1,213.85,117,2,1,1,4,Other
17153,2011-11-15 13:42:00,2011-11-15 13:42:00,1,213.78,25,4,2,1,7,Promising
14241,2011-06-09 11:46:00,2011-06-09 11:46:00,1,213.70000000000002,184,1,1,1,3,Other
13411,2011-08-24 13:57:00,2011-08-24 13:57:00,1,213.55,108,2,1,1,4,Other
16591,2011-10-02 10:43:00,2011-10-02 10:43:00,1,213.5,69,3,2,1,6,Other
15540,2011-11-28 13:51:00,2011-11-28 13:51:00,1,213.3,12,5,1,1,7,Promising
17928,2011-04-07 18:03:00,2011-10-25 13:52:00,2,212.54,46,3,3,1,7,Other
15866,2011-08-30 14:09:00,2011-08-30 14:09:00,1,211.89,102,2,2,1,5,Other
16017,2011-10-23 12:56:00,2011-10-23 12:56:00,1,211.88,48,3,2,1,6,Other
16356,2011-03-07 12:31:00,2011-05-26 11:51:00,3,211.77,198,1,4,1,6,At risk
16411,2010-12-05 13:26:00,2011-11-20 13:23:00,2,211.7,20,4,3,1,8,Other
15703,2011-03-20 10:51:00,2011-03-20 10:51:00,1,211.5,265,1,1,1,3,Other
13271,2011-11-02 14:31:00,2011-11-02 14:31:00,1,211.49,38,3,1,1,5,Other
12995,2011-09-15 15:44:00,2011-09-15 15:44:00,1,211.32,86,2,1,1,4,Other
13532,2011-11-06 12:25:00,2011-11-06 12:25:00,1,210.31,34,3,1,1,5,Other
13828,2011-11-17 16:02:00,2011-11-17 16:02:00,1,209.49,23,4,1,1,6,Promising
17855,2010-12-02 09:44:00,2010-12-02 09:44:00,1,208.97,373,1,2,1,4,Other
15327,2011-10-18 11:55:00,2011-10-18 11:55:00,1,208.75,53,3,1,1,5,Other
17514,2011-08-03 15:45:00,2011-08-03 15:45:00,1,208.65,129,2,2,1,5,Other
15897,2011-05-29 13:32:00,2011-05-29 13:50:00,2,208.59,195,1,3,1,5,At risk
16457,2011-05-05 13:19:00,2011-05-05 13:19:00,1,208.36,219,1,2,1,4,Other
12547,2011-03-04 12:46:00,2011-05-26 12:38:00,2,207.79999999999998,198,1,2,1,4,Other
18191,2011-03-23 12:08:00,2011-03-23 12:08:00,1,207.79999999999998,262,1,2,1,4,Other
16866,2011-07-01 12:34:00,2011-07-22 10:06:00,3,207.73999999999998,141,2,4,1,7,At risk
15052,2011-01-24 15:52:00,2011-01-24 15:52:00,1,207.73000000000002,320,1,1,1,3,Other
16323,2011-05-27 14:48:00,2011-05-27 14:48:00,1,207.50000000000003,197,1,2,1,4,Other
17923,2011-03-02 15:15:00,2011-03-02 15:15:00,1,207.50000000000003,283,1,2,1,4,Other
16752,2010-12-02 12:18:00,2010-12-02 12:18:00,1,207.5,373,1,2,1,4,Other
13099,2011-09-01 17:40:00,2011-09-01 17:40:00,1,207.35999999999999,100,2,1,1,4,Other
15925,2011-05-29 15:35:00,2011-05-29 15:35:00,1,207.15,195,1,2,1,4,Other
15820,2011-01-24 12:00:00,2011-01-24 12:00:00,1,206.98,320,1,2,1,4,Other
17166,2011-05-20 08:18:00,2011-11-01 09:46:00,2,206.34,39,3,3,1,7,Other
14964,2011-04-06 14:13:00,2011-04-06 14:13:00,1,206.21,248,1,1,1,3,Other
13065,2010-12-01 16:52:00,2010-12-01 16:52:00,1,205.86,374,1,1,1,3,Other
17670,2011-04-26 09:12:00,2011-04-26 09:12:00,1,205.7,228,1,2,1,4,Other
17843,2011-02-09 15:33:00,2011-02-09 15:33:00,1,205.48,304,1,2,1,4,Other
15307,2011-09-05 11:38:00,2011-09-05 11:38:00,1,205.3,96,2,1,1,4,Other
15758,2011-11-15 10:48:00,2011-11-15 10:48:00,1,205.25,25,4,2,1,7,Promising
13513,2011-08-05 11:50:00,2011-08-05 11:50:00,1,205.1,127,2,1,1,4,Other
15319,2011-03-01 12:48:00,2011-03-01 12:48:00,1,204.5,284,1,1,1,3,Other
17206,2011-10-17 13:25:00,2011-10-17 13:25:00,1,204.24,54,3,2,1,6,Other
18273,2011-03-27 11:22:00,2011-12-07 13:16:00,3,204.0,3,5,4,1,10,Other
13017,2011-12-02 15:53:00,2011-12-02 15:53:00,1,204.0,8,5,1,1,7,Promising
17187,2011-04-27 12:39:00,2011-04-27 12:39:00,1,203.95,227,1,2,1,4,Other
17394,2011-05-04 13:22:00,2011-05-04 13:22:00,1,203.86999999999998,220,1,2,1,4,Other
17891,2011-06-30 20:08:00,2011-06-30 20:08:00,1,203.85999999999999,163,2,2,1,5,Other
17376,2011-02-01 14:12:00,2011-09-30 12:36:00,2,203.2,71,3,3,1,7,Other
14381,2011-10-18 17:10:00,2011-10-18 17:10:00,1,202.68,53,3,1,1,5,Other
18169,2011-10-10 12:18:00,2011-10-10 12:18:00,1,202.65,61,3,2,1,6,Other
14984,2011-06-12 11:04:00,2011-11-20 14:28:00,2,202.37,20,4,3,1,8,Other
16895,2011-10-06 12:15:00,2011-10-06 12:15:00,1,202.27,65,3,2,1,6,Other
14385,2011-11-16 11:55:00,2011-11-30 15:36:00,3,202.11,10,5,3,1,9,Other
13428,2011-11-29 14:20:00,2011-11-29 14:20:00,1,201.78,11,5,1,1,7,Promising
15347,2010-12-08 15:25:00,2010-12-08 15:25:00,1,201.60000000000002,367,1,1,1,3,Other
17889,2011-01-21 17:14:00,2011-05-11 16:26:00,2,201.37,213,1,3,1,5,At risk
13295,2010-12-15 11:21:00,2010-12-15 11:21:00,1,201.20000000000002,360,1,1,1,3,Other
13284,2011-01-13 09:23:00,2011-01-13 09:23:00,1,201.19,331,1,1,1,3,Other
16965,2011-04-27 12:08:00,2011-04-27 12:08:00,1,201.19,227,1,2,1,4,Other
13859,2011-01-17 16:14:00,2011-01-17 16:14:00,1,201.16,327,1,1,1,3,Other
17988,2011-01-17 11:59:00,2011-11-28 11:00:00,7,201.12,12,5,5,1,11,Other
18126,2011-10-10 12:19:00,2011-10-10 12:19:00,1,200.92000000000002,61,3,2,1,6,Other
17693,2011-07-25 15:48:00,2011-07-25 15:48:00,1,200.47,138,2,2,1,5,Other
13262,2011-03-21 15:06:00,2011-03-21 15:06:00,1,200.29,264,1,1,1,3,Other
16415,2011-10-26 13:35:00,2011-10-26 13:35:00,1,200.27,45,3,2,1,6,Other
15437,2011-03-22 13:11:00,2011-03-22 13:11:00,1,200.16,263,1,1,1,3,Other
13980,2011-10-10 13:34:00,2011-10-10 13:34:00,1,200.14,61,3,1,1,5,Other
14782,2011-01-24 11:12:00,2011-01-24 11:12:00,1,200.10000000000002,320,1,1,1,3,Other
13723,2011-05-06 17:04:00,2011-05-06 17:04:00,1,199.85000000000002,218,1,1,1,3,Other
15593,2011-09-30 11:46:00,2011-09-30 11:46:00,1,199.8,71,3,1,1,5,Other
13322,2011-11-22 14:21:00,2011-11-22 14:21:00,1,199.48000000000002,18,4,1,1,6,Promising
16832,2011-05-06 14:12:00,2011-06-08 15:36:00,3,199.15,185,1,4,1,6,At risk
18110,2011-11-20 12:34:00,2011-11-20 12:34:00,1,198.8,20,4,2,1,7,Promising
17987,2011-06-07 14:22:00,2011-06-07 14:22:00,1,198.57,186,1,2,1,4,Other
16178,2011-07-24 16:05:00,2011-07-24 16:05:00,1,197.9,139,2,2,1,5,Other
12450,2011-06-19 14:36:00,2011-07-06 14:41:00,2,197.88,157,2,2,1,5,Other
12581,2011-10-31 08:56:00,2011-10-31 08:56:00,1,197.71,40,3,1,1,5,Other
14185,2011-01-12 13:52:00,2011-01-12 13:52:00,1,197.65,332,1,1,1,3,Other
14789,2011-11-11 08:59:00,2011-11-11 08:59:00,1,197.64,29,4,1,1,6,Promising
16829,2011-07-06 10:48:00,2011-07-06 10:48:00,1,197.22,157,2,2,1,5,Other
15234,2011-03-08 08:53:00,2011-03-08 08:53:00,1,197.0,277,1,1,1,3,Other
12586,2011-11-22 16:24:00,2011-11-22 16:24:00,1,196.94000000000003,18,4,1,1,6,Promising
13436,2011-12-08 10:33:00,2011-12-08 10:33:00,1,196.89,2,5,1,1,7,Promising
15746,2011-07-28 15:21:00,2011-07-28 15:21:00,1,196.88,135,2,1,1,4,Other
13978,2011-10-25 15:04:00,2011-11-25 11:36:00,2,196.79000000000002,15,4,3,1,8,Other
16112,2011-01-05 11:47:00,2011-07-19 14:28:00,4,195.73999999999998,144,2,4,1,7,At risk
13792,2011-02-25 14:03:00,2011-10-04 14:31:00,2,195.55,67,3,2,1,6,Other
17010,2011-11-21 14:49:00,2011-11-21 14:49:00,1,195.36,19,4,2,1,7,Promising
14666,2011-11-15 12:57:00,2011-11-15 12:57:00,1,195.25,25,4,1,1,6,Promising
15612,2011-10-09 12:49:00,2011-11-03 14:52:00,2,195.15,37,3,3,1,7,Other
17475,2011-09-21 14:55:00,2011-09-21 14:55:00,1,194.37,80,2,2,1,5,Other
15683,2011-08-14 12:56:00,2011-08-14 12:56:00,1,193.75,118,2,1,1,4,Other
17343,2010-12-19 15:07:00,2010-12-19 15:07:00,1,193.64,356,1,2,1,4,Other
15198,2011-08-07 15:16:00,2011-09-08 14:42:00,2,193.64,93,2,3,1,6,At risk
16847,2011-10-27 13:29:00,2011-10-27 13:29:00,1,193.44,44,3,2,1,6,Other
14806,2011-09-25 15:32:00,2011-09-25 15:32:00,1,193.39000000000001,76,2,1,1,4,Other
17383,2011-12-05 17:36:00,2011-12-05 17:36:00,1,193.39000000000001,5,5,2,1,8,Promising
14476,2011-03-27 15:39:00,2011-03-27 15:39:00,1,193.0,258,1,1,1,3,Other
12522,2011-10-19 14:41:00,2011-10-31 15:30:00,2,192.72,40,3,2,1,6,Other
14768,2011-08-04 13:25:00,2011-11-22 12:54:00,2,192.60000000000002,18,4,3,1,8,Other
12791,2010-12-01 11:27:00,2010-12-01 11:27:00,1,192.60000000000002,374,1,1,1,3,Other
16887,2011-11-04 14:07:00,2011-11-04 14:07:00,1,192.32999999999998,36,3,2,1,6,Other
17608,2011-11-06 13:00:00,2011-11-06 13:06:00,2,191.99,34,3,3,1,7,Other
14100,2011-07-25 11:01:00,2011-07-25 11:01:00,1,191.95000000000002,138,2,1,1,4,Other
15909,2011-06-19 10:38:00,2011-06-19 10:38:00,1,191.94,174,2,2,1,5,Other
14087,2011-12-07 12:41:00,2011-12-07 12:41:00,1,191.47,3,5,1,1,7,Promising
15692,2011-11-11 14:12:00,2011-11-11 14:12:00,1,191.04,29,4,1,1,6,Promising
17233,2011-11-04 14:06:00,2011-11-04 14:06:00,1,190.88,36,3,2,1,6,Other
15723,2010-12-10 11:12:00,2010-12-10 11:12:00,1,190.7,365,1,1,1,3,Other
13033,2010-12-17 14:23:00,2010-12-17 14:23:00,1,190.55,358,1,1,1,3,Other
15412,2011-06-21 15:24:00,2011-06-21 15:24:00,1,190.53,172,2,1,1,4,Other
13972,2011-05-22 11:34:00,2011-09-30 11:54:00,2,190.25,71,3,3,1,7,Other
12361,2011-02-25 13:51:00,2011-02-25 13:51:00,1,189.9,288,1,1,1,3,Other
13826,2011-06-16 13:48:00,2011-06-16 13:48:00,1,189.5,177,2,1,1,4,Other
13663,2011-06-13 15:44:00,2011-06-13 15:44:00,1,189.47,180,1,1,1,3,Other
14801,2011-10-09 15:24:00,2011-10-09 15:24:00,1,189.34,62,3,1,1,5,Other
14830,2011-10-17 14:29:00,2011-10-17 14:29:00,1,188.88,54,3,1,1,5,Other
14697,2011-05-05 15:29:00,2011-05-05 15:39:00,2,188.60999999999999,219,1,3,1,5,At risk
17781,2011-03-31 19:54:00,2011-07-03 16:00:00,2,188.02,160,2,3,1,6,At risk
17279,2011-10-13 11:58:00,2011-10-13 11:58:00,1,187.82999999999998,58,3,2,1,6,Other
18013,2011-07-07 14:08:00,2011-07-07 14:11:00,2,187.29,156,2,3,1,6,At risk
13568,2011-06-19 14:42:00,2011-06-19 14:42:00,1,187.05,174,2,1,1,4,Other
17440,2011-04-06 12:05:00,2011-07-06 11:54:00,3,186.42000000000002,157,2,4,1,7,At risk
13672,2011-01-11 13:54:00,2011-02-11 13:53:00,2,186.39000000000001,302,1,2,1,4,Other
14551,2011-05-19 18:21:00,2011-11-21 13:36:00,2,186.23,19,4,3,1,8,Other
15567,2011-11-21 10:48:00,2011-11-21 10:48:00,1,186.01,19,4,1,1,6,Promising
12641,2011-08-16 13:26:00,2011-08-16 13:26:00,1,185.9,116,2,1,1,4,Other
17574,2011-04-11 09:47:00,2011-04-11 09:47:00,1,185.65,243,1,2,1,4,Other
14199,2011-05-05 13:44:00,2011-05-05 13:44:00,1,185.39999999999998,219,1,1,1,3,Other
16097,2011-04-13 13:47:00,2011-04-13 13:47:00,1,185.04999999999998,241,1,2,1,4,Other
13482,2011-04-21 17:03:00,2011-04-21 17:03:00,1,184.64,233,1,1,1,3,Other
17680,2011-11-16 12:42:00,2011-11-16 12:42:00,1,184.4,24,4,2,1,7,Promising
16433,2011-11-11 14:09:00,2011-11-11 14:09:00,1,184.26,29,4,2,1,7,Promising
15124,2011-06-01 09:06:00,2011-11-17 10:09:00,2,184.19,23,4,3,1,8,Other
14326,2011-04-11 15:04:00,2011-04-11 15:04:00,1,183.85,243,1,1,1,3,Other
16914,2011-11-03 15:27:00,2011-11-03 15:27:00,1,183.76,37,3,2,1,6,Other
16680,2011-10-27 17:35:00,2011-10-27 17:35:00,1,183.7,44,3,2,1,6,Other
14059,2011-03-18 10:06:00,2011-03-18 10:06:00,1,183.6,267,1,1,1,3,Other
13460,2011-10-21 09:50:00,2011-11-10 17:17:00,2,183.44,30,4,2,1,7,Promising
13059,2011-04-04 10:40:00,2011-04-04 10:40:00,1,183.4,250,1,1,1,3,Other
14966,2011-11-25 12:20:00,2011-11-25 12:20:00,1,183.02,15,4,1,1,6,Promising
16448,2011-05-25 16:28:00,2011-05-25 16:28:00,1,182.99,199,1,2,1,4,Other
14082,2010-12-10 11:02:00,2010-12-10 11:02:00,1,182.25,365,1,1,1,3,Other
15886,2011-10-10 14:25:00,2011-10-10 14:25:00,1,181.09,61,3,2,1,6,Other
16594,2011-09-25 14:08:00,2011-09-25 14:08:00,1,181.09,76,2,2,1,5,Other
17904,2011-11-18 12:57:00,2011-11-18 12:57:00,1,181.07,22,4,2,1,7,Promising
15945,2010-12-09 13:14:00,2010-12-09 13:14:00,1,181.0,366,1,2,1,4,Other
16835,2010-12-01 17:15:00,2011-08-03 13:50:00,2,180.85,129,2,3,1,6,At risk
18119,2010-12-07 11:59:00,2010-12-07 11:59:00,1,180.7,368,1,2,1,4,Other
18280,2011-03-07 09:52:00,2011-03-07 09:52:00,1,180.60000000000002,278,1,2,1,4,Other
13710,2011-11-08 08:16:00,2011-11-08 08:16:00,1,180.48,32,4,1,1,6,Promising
14722,2011-07-15 14:58:00,2011-07-15 14:58:00,1,180.42000000000002,148,2,1,1,4,Other
12622,2011-04-21 16:39:00,2011-04-21 16:39:00,1,180.1,233,1,1,1,3,Other
15041,2011-06-22 16:16:00,2011-06-22 16:16:00,1,179.93,171,2,1,1,4,Other
18147,2011-08-23 12:22:00,2011-10-25 11:46:00,2,179.33999999999997,46,3,3,1,7,Other
15895,2011-07-13 10:27:00,2011-07-13 10:27:00,1,179.17,150,2,2,1,5,Other
15454,2010-12-12 14:21:00,2010-12-12 14:21:00,1,179.1,363,1,1,1,3,Other
16990,2011-05-05 08:30:00,2011-05-05 08:30:00,1,179.0,219,1,2,1,4,Other
14705,2011-05-25 12:39:00,2011-05-25 12:39:00,1,179.0,199,1,1,1,3,Other
16620,2011-03-24 10:37:00,2011-12-06 12:19:00,2,178.96,4,5,3,1,9,Other
15139,2011-01-07 12:44:00,2011-04-14 11:39:00,2,178.96,240,1,3,1,5,At risk
15262,2011-01-20 12:16:00,2011-01-20 12:16:00,1,178.95000000000002,324,1,1,1,3,Other
17660,2011-07-21 13:37:00,2011-07-21 13:37:00,1,178.75,142,2,2,1,5,Other
13778,2011-08-28 15:25:00,2011-08-28 15:25:00,1,178.7,104,2,1,1,4,Other
17879,2011-06-19 12:36:00,2011-06-19 12:36:00,1,178.51999999999998,174,2,2,1,5,Other
15292,2011-05-22 15:00:00,2011-05-22 15:00:00,1,178.39,202,1,1,1,3,Other
18045,2011-10-25 13:07:00,2011-10-25 13:07:00,1,178.34,46,3,2,1,6,Other
17253,2011-11-21 12:59:00,2011-11-21 12:59:00,1,178.26,19,4,2,1,7,Promising
17356,2011-02-01 11:07:00,2011-02-01 11:07:00,1,178.22,312,1,2,1,4,Other
18282,2011-08-05 13:35:00,2011-12-02 11:43:00,2,178.05,8,5,3,1,9,Other
16403,2011-01-31 13:39:00,2011-01-31 13:39:00,1,177.5,313,1,2,1,4,Other
13618,2011-06-19 11:09:00,2011-06-19 11:09:00,1,177.34,174,2,1,1,4,Other
12618,2011-11-18 11:10:00,2011-11-18 11:10:00,1,177.31,22,4,1,1,6,Promising
13072,2011-03-18 08:12:00,2011-03-18 08:12:00,1,177.15,267,1,1,1,3,Other
17947,2011-11-02 13:05:00,2011-11-02 13:05:00,1,176.68,38,3,2,1,6,Other
14287,2011-05-25 11:41:00,2011-12-01 13:25:00,3,176.63,9,5,3,1,9,Other
12893,2011-11-09 12:34:00,2011-11-09 12:34:00,1,176.55,31,4,1,1,6,Promising
12509,2011-02-28 14:45:00,2011-02-28 14:45:00,1,176.5,285,1,1,1,3,Other
18274,2011-11-09 17:03:00,2011-11-09 17:03:00,1,175.92,31,4,2,1,7,Promising
17582,2011-04-17 13:18:00,2011-04-17 13:18:00,1,175.27,237,1,2,1,4,Other
17331,2011-08-08 11:55:00,2011-08-08 11:55:00,1,175.2,124,2,2,1,5,Other
16144,2011-04-07 10:09:00,2011-04-07 10:09:00,1,175.2,247,1,2,1,4,Other
18010,2011-03-28 12:27:00,2011-03-28 12:27:00,1,174.8,257,1,2,1,4,Other
14355,2010-12-09 12:16:00,2010-12-09 12:16:00,1,174.4,366,1,1,1,3,Other
14518,2011-10-06 14:43:00,2011-10-06 14:43:00,1,174.37,65,3,1,1,5,Other
18278,2011-09-27 11:58:00,2011-09-27 11:58:00,1,173.9,74,2,2,1,5,Other
16861,2011-07-04 15:38:00,2011-10-11 09:05:00,2,173.76,60,3,3,1,7,Other
14798,2011-02-02 15:26:00,2011-10-18 10:58:00,3,173.74,53,3,3,1,7,Other
16565,2010-12-10 15:21:00,2010-12-10 15:21:00,1,173.7,365,1,2,1,4,Other
12441,2010-12-08 10:45:00,2010-12-08 10:45:00,1,173.55,367,1,1,1,3,Other
17772,2011-11-29 10:57:00,2011-11-29 11:05:00,2,173.45,11,5,3,1,9,Other
15565,2011-09-30 10:44:00,2011-10-20 14:33:00,2,173.16,51,3,3,1,7,Other
15670,2011-02-16 10:50:00,2011-02-16 10:50:00,1,173.05,297,1,1,1,3,Other
14693,2011-03-20 12:50:00,2011-03-20 12:50:00,1,172.9,265,1,1,1,3,Other
12923,2011-10-06 16:20:00,2011-10-06 16:20:00,1,172.82,65,3,1,1,5,Other
18048,2011-05-20 14:54:00,2011-05-20 14:58:00,2,172.29000000000002,204,1,3,1,5,At risk
13922,2010-12-23 10:38:00,2010-12-23 10:38:00,1,172.25,352,1,1,1,3,Other
13690,2011-10-11 15:03:00,2011-10-11 15:03:00,1,172.25,60,3,1,1,5,Other
12442,2011-12-06 14:22:00,2011-12-06 14:22:00,1,172.06,4,5,1,1,7,Promising
16773,2011-10-13 14:37:00,2011-10-13 14:37:00,1,171.59,58,3,2,1,6,Other
17245,2011-05-19 10:43:00,2011-05-19 10:43:00,1,171.45,205,1,2,1,4,Other
13560,2011-12-02 13:11:00,2011-12-02 13:11:00,1,171.42000000000002,8,5,1,1,7,Promising
15432,2011-11-16 16:30:00,2011-11-16 16:30:00,1,171.19,24,4,1,1,6,Promising
14536,2011-03-25 12:21:00,2011-03-25 12:21:00,1,170.95,260,1,1,1,3,Other
17542,2011-03-15 11:45:00,2011-03-15 11:45:00,1,170.75,270,1,2,1,4,Other
14860,2011-11-20 14:17:00,2011-11-20 14:17:00,1,170.32,20,4,1,1,6,Promising
15335,2011-10-17 12:50:00,2011-10-17 12:50:00,1,170.22,54,3,1,1,5,Other
18058,2011-11-30 08:38:00,2011-11-30 08:38:00,1,170.16,10,5,2,1,8,Promising
15016,2011-06-20 12:06:00,2011-06-20 12:06:00,1,170.04,173,2,1,1,4,Other
13962,2011-04-08 11:21:00,2011-11-18 08:47:00,2,169.55,22,4,3,1,8,Other
14218,2011-10-28 10:00:00,2011-10-28 10:00:00,1,169.48000000000002,43,3,1,1,5,Other
12367,2011-12-05 16:48:00,2011-12-05 16:48:00,1,168.9,5,5,1,1,7,Promising
14578,2011-12-06 17:18:00,2011-12-06 17:18:00,1,168.63,4,5,1,1,7,Promising
18269,2010-12-08 13:53:00,2010-12-08 13:53:00,1,168.6,367,1,2,1,4,Other
18099,2011-08-04 15:52:00,2011-08-04 15:52:00,1,168.31,128,2,2,1,5,Other
15888,2011-09-20 12:30:00,2011-09-20 12:30:00,1,168.31,81,2,2,1,5,Other
16282,2011-01-04 11:42:00,2011-01-04 11:42:00,1,168.3,340,1,2,1,4,Other
17737,2011-10-12 14:42:00,2011-11-30 15:16:00,2,168.24,10,5,3,1,9,Other
15986,2011-11-09 15:17:00,2011-11-09 15:17:00,1,168.12,31,4,2,1,7,Promising
15374,2011-08-03 09:59:00,2011-08-03 09:59:00,1,168.0,129,2,1,1,4,Other
12551,2010-12-17 11:23:00,2010-12-17 11:23:00,1,168.0,358,1,1,1,3,Other
16952,2011-08-22 12:58:00,2011-08-22 13:03:00,2,167.61,110,2,3,1,6,At risk
17367,2011-04-15 14:21:00,2011-04-15 14:21:00,1,167.55,239,1,2,1,4,Other
15920,2011-07-08 15:16:00,2011-07-08 15:31:00,4,167.5,155,2,4,1,7,At risk
16405,2011-02-02 17:08:00,2011-02-10 15:24:00,2,167.25,303,1,3,1,5,At risk
14295,2011-10-30 15:50:00,2011-10-30 15:50:00,1,166.20000000000002,41,3,1,1,5,Other
17650,2011-11-18 14:52:00,2011-11-18 14:52:00,1,166.08,22,4,2,1,7,Promising
12817,2011-03-03 16:28:00,2011-03-03 16:28:00,1,166.04,282,1,1,1,3,Other
18088,2011-10-09 13:41:00,2011-10-09 13:41:00,1,166.03,62,3,2,1,6,Other
17561,2011-11-20 12:53:00,2011-11-20 12:53:00,1,165.12,20,4,2,1,7,Promising
18042,2011-10-17 11:49:00,2011-10-17 11:49:00,1,165.04999999999998,54,3,2,1,6,Other
15316,2011-01-17 11:34:00,2011-01-17 11:34:00,1,165.0,327,1,1,1,3,Other
13470,2011-08-16 17:06:00,2011-09-01 14:57:00,2,165.0,100,2,2,1,5,Other
15904,2011-12-01 14:50:00,2011-12-01 14:50:00,1,164.68,9,5,2,1,8,Promising
17535,2011-03-04 15:20:00,2011-03-04 15:20:00,1,164.4,281,1,2,1,4,Other
13603,2011-11-13 15:57:00,2011-11-13 15:57:00,1,164.34,27,4,1,1,6,Promising
14552,2011-07-11 12:49:00,2011-07-11 12:49:00,1,164.22,152,2,1,1,4,Other
14354,2011-11-09 15:36:00,2011-12-04 11:32:00,2,163.62,6,5,3,1,9,Other
17110,2011-06-27 12:58:00,2011-06-27 12:58:00,1,163.29999999999998,166,2,2,1,5,Other
17301,2011-11-18 13:43:00,2011-11-18 13:43:00,1,163.24,22,4,2,1,7,Promising
13223,2011-04-21 15:16:00,2011-05-23 13:03:00,2,163.20000000000002,201,1,2,1,4,Other
14485,2011-11-01 12:25:00,2011-11-01 12:25:00,1,162.8,39,3,1,1,5,Other
12920,2011-11-22 15:05:00,2011-11-22 15:05:00,1,162.78,18,4,1,1,6,Promising
16517,2011-03-07 13:50:00,2011-03-07 13:50:00,1,162.7,278,1,2,1,4,Other
15733,2011-03-02 09:05:00,2011-03-02 09:05:00,1,162.3,283,1,1,1,3,Other
18014,2011-11-11 15:28:00,2011-11-11 15:28:00,1,162.22,29,4,2,1,7,Promising
15325,2011-08-28 11:55:00,2011-08-28 11:55:00,1,161.74,104,2,1,1,4,Other
17600,2011-11-22 09:43:00,2011-11-22 09:43:00,1,161.67000000000002,18,4,2,1,7,Promising
15458,2011-11-14 13:08:00,2011-11-14 13:08:00,1,161.64,26,4,1,1,6,Promising
16113,2011-06-09 16:16:00,2011-06-09 16:16:00,1,161.38,184,1,2,1,4,Other
14237,2010-12-01 13:20:00,2010-12-01 13:20:00,1,161.0,374,1,1,1,3,Other
13229,2011-04-28 12:07:00,2011-04-28 12:07:00,1,160.95,226,1,1,1,3,Other
15852,2011-05-26 13:26:00,2011-06-06 11:22:00,2,160.71,187,1,3,1,5,At risk
12573,2011-04-26 15:52:00,2011-04-26 15:52:00,1,160.54000000000002,228,1,1,1,3,Other
18203,2011-07-05 13:07:00,2011-07-05 13:07:00,1,160.42000000000002,158,2,2,1,5,Other
18146,2011-05-03 16:35:00,2011-07-22 12:08:00,2,160.35000000000002,141,2,3,1,6,At risk
14714,2011-11-15 13:07:00,2011-11-15 13:07:00,1,160.19,25,4,1,1,6,Promising
12966,2011-11-30 12:38:00,2011-11-30 12:38:00,1,160.18,10,5,1,1,7,Promising
13598,2011-10-23 14:28:00,2011-10-23 14:28:00,1,160.04,48,3,1,1,5,Other
13420,2011-06-22 11:35:00,2011-07-13 08:48:00,2,159.85,150,2,2,1,5,Other
16213,2011-09-22 10:03:00,2011-09-22 10:03:00,1,159.0,79,2,2,1,5,Other
18224,2011-03-21 10:30:00,2011-03-21 10:30:00,1,158.95000000000002,264,1,2,1,4,Other
13937,2011-06-23 16:35:00,2011-06-23 16:35:00,1,158.85,170,2,1,1,4,Other
15167,2011-01-23 12:41:00,2011-01-23 12:41:00,1,158.8,321,1,1,1,3,Other
14089,2011-10-14 10:38:00,2011-10-14 10:38:00,1,158.75,57,3,1,1,5,Other
17165,2011-02-28 16:39:00,2011-02-28 16:39:00,1,158.68,285,1,2,1,4,Other
15160,2010-12-17 14:15:00,2010-12-17 14:15:00,1,158.16,358,1,1,1,3,Other
15348,2011-09-28 13:17:00,2011-09-28 13:17:00,1,158.04,73,2,1,1,4,Other
18004,2010-12-12 13:47:00,2010-12-12 13:47:00,1,157.92,363,1,2,1,4,Other
17556,2011-05-18 10:48:00,2011-05-18 10:48:00,1,157.9,206,1,2,1,4,Other
14799,2011-10-19 16:16:00,2011-10-19 16:16:00,1,157.7,52,3,1,1,5,Other
17344,2011-10-24 12:56:00,2011-10-24 12:56:00,1,157.62,47,3,2,1,6,Other
14148,2011-04-20 12:02:00,2011-04-20 12:02:00,1,157.2,234,1,1,1,3,Other
17128,2011-01-09 12:02:00,2011-01-09 12:02:00,1,157.09,335,1,2,1,4,Other
14585,2011-10-20 14:33:00,2011-10-20 14:33:00,1,157.05,51,3,1,1,5,Other
17118,2011-01-26 12:19:00,2011-01-26 12:19:00,1,157.02,318,1,2,1,4,Other
15007,2011-07-03 16:00:00,2011-07-03 16:00:00,1,156.91,160,2,1,1,4,Other
15988,2011-11-20 13:23:00,2011-11-20 13:23:00,1,156.78,20,4,2,1,7,Promising
14406,2011-08-12 16:54:00,2011-08-12 16:54:00,1,156.75,120,2,1,1,4,Other
15438,2011-07-31 14:19:00,2011-07-31 14:19:00,1,156.57999999999998,132,2,1,1,4,Other
15263,2011-08-25 10:26:00,2011-08-25 10:26:00,1,156.51,107,2,1,1,4,Other
17885,2011-11-27 14:40:00,2011-11-27 14:40:00,1,156.34,13,5,2,1,8,Promising
13898,2011-01-18 10:28:00,2011-01-18 10:28:00,1,155.93,326,1,1,1,3,Other
17871,2011-05-19 11:32:00,2011-05-19 11:32:00,1,155.9,205,1,2,1,4,Other
17832,2011-10-21 11:43:00,2011-10-21 11:43:00,1,155.37,50,3,2,1,6,Other
12738,2010-12-02 18:27:00,2010-12-02 18:27:00,1,155.35,373,1,1,1,3,Other
15447,2011-01-13 11:26:00,2011-01-13 11:26:00,1,155.17,331,1,1,1,3,Other
13809,2011-02-07 13:15:00,2011-02-07 13:15:00,1,155.05,306,1,1,1,3,Other
14368,2011-01-24 09:52:00,2011-01-24 09:52:00,1,155.0,320,1,1,1,3,Other
14046,2011-02-28 14:48:00,2011-02-28 14:48:00,1,154.99,285,1,1,1,3,Other
17698,2011-03-24 11:34:00,2011-03-24 11:34:00,1,154.95,261,1,2,1,4,Other
15740,2011-10-21 14:29:00,2011-10-21 14:29:00,1,154.88,50,3,1,1,5,Other
17026,2010-12-05 12:47:00,2011-06-07 14:28:00,2,154.82999999999998,186,1,3,1,5,At risk
17899,2011-07-03 14:58:00,2011-07-03 14:58:00,1,154.55,160,2,2,1,5,Other
15226,2011-02-02 11:41:00,2011-02-02 11:41:00,1,154.41,311,1,1,1,3,Other
16406,2011-11-21 11:57:00,2011-11-21 11:57:00,1,154.35,19,4,2,1,7,Promising
16921,2011-10-09 16:22:00,2011-10-09 16:22:00,1,154.18,62,3,2,1,6,Other
17517,2011-02-04 11:48:00,2011-02-04 11:48:00,1,153.94,309,1,2,1,4,Other
16351,2011-01-11 10:26:00,2011-01-11 10:26:00,1,153.9,333,1,2,1,4,Other
12602,2011-10-12 11:22:00,2011-10-12 11:22:00,1,153.12,59,3,1,1,5,Other
17714,2011-01-23 10:32:00,2011-01-23 10:32:00,1,153.0,321,1,2,1,4,Other
16720,2011-11-13 16:22:00,2011-11-13 16:22:00,1,152.95,27,4,2,1,7,Promising
16248,2011-10-09 11:32:00,2011-10-09 11:32:00,1,152.94,62,3,2,1,6,Other
14813,2010-12-05 11:54:00,2010-12-05 11:57:00,2,152.88,370,1,3,1,5,At risk
17984,2011-07-17 15:59:00,2011-07-17 15:59:00,1,152.68,146,2,2,1,5,Other
18138,2011-02-17 14:51:00,2011-02-17 14:51:00,1,152.65,296,1,2,1,4,Other
14066,2011-03-18 12:21:00,2011-03-18 12:21:00,1,152.55,267,1,1,1,3,Other
17707,2011-01-07 13:30:00,2011-06-07 15:03:00,2,152.4,186,1,3,1,5,At risk
13514,2011-09-27 09:39:00,2011-09-27 09:39:00,1,152.20000000000002,74,2,1,1,4,Other
14039,2011-11-06 13:48:00,2011-11-06 13:48:00,1,152.2,34,3,1,1,5,Other
17898,2011-05-16 17:13:00,2011-09-15 14:56:00,2,152.06,86,2,3,1,6,At risk
16617,2011-04-18 10:35:00,2011-04-18 10:35:00,1,151.85,236,1,2,1,4,Other
14208,2011-09-06 12:48:00,2011-09-06 12:48:00,1,151.74,95,2,1,1,4,Other
13462,2011-04-01 11:20:00,2011-04-01 11:20:00,1,151.5,253,1,1,1,3,Other
14362,2011-11-17 15:08:00,2011-11-17 15:08:00,1,151.5,23,4,1,1,6,Promising
17286,2011-11-18 12:47:00,2011-11-18 12:47:00,1,151.37,22,4,2,1,7,Promising
13697,2011-11-01 09:14:00,2011-11-01 09:14:00,1,151.29999999999998,39,3,1,1,5,Other
16337,2011-11-03 10:03:00,2011-11-03 10:03:00,1,151.05,37,3,2,1,6,Other
14073,2011-11-07 15:49:00,2011-11-07 15:49:00,1,151.04,33,3,1,1,5,Other
14204,2011-12-07 13:38:00,2011-12-07 13:38:00,1,150.61,3,5,1,1,7,Promising
18200,2011-08-25 18:45:00,2011-08-25 18:45:00,1,150.35,107,2,2,1,5,Other
15717,2011-04-19 13:21:00,2011-04-19 13:21:00,1,150.3,235,1,1,1,3,Other
16932,2011-10-17 14:12:00,2011-10-17 14:12:00,1,150.23000000000002,54,3,2,1,6,Other
17234,2011-06-10 11:20:00,2011-06-10 11:20:00,1,149.89000000000001,183,1,2,1,4,Other
15869,2011-03-07 17:19:00,2011-03-07 17:23:00,2,149.64,278,1,3,1,5,At risk
17946,2011-03-25 14:34:00,2011-04-20 17:00:00,2,149.57999999999998,234,1,3,1,5,At risk
18262,2011-07-22 16:04:00,2011-07-22 16:04:00,1,149.48,141,2,2,1,5,Other
15435,2011-11-17 16:39:00,2011-11-17 16:39:00,1,149.29,23,4,1,1,6,Promising
13003,2011-05-09 08:23:00,2011-08-26 10:50:00,3,149.05,106,2,3,1,6,At risk
17549,2011-10-19 10:05:00,2011-11-16 09:59:00,2,148.86,24,4,3,1,8,Other
15526,2011-11-06 15:01:00,2011-11-06 15:04:00,2,148.44,34,3,3,1,7,Other
14968,2011-11-09 13:58:00,2011-11-09 13:58:00,1,147.59,31,4,1,1,6,Promising
14098,2011-11-03 10:13:00,2011-11-03 10:13:00,1,147.35,37,3,1,1,5,Other
14037,2010-12-10 11:39:00,2011-06-16 13:57:00,2,147.20000000000002,177,2,3,1,6,At risk
12864,2011-07-24 13:03:00,2011-07-24 13:03:00,1,147.12,139,2,1,1,4,Other
17030,2011-10-07 08:49:00,2011-10-07 08:49:00,1,146.87,64,3,2,1,6,Other
14238,2011-01-17 14:40:00,2011-01-17 14:40:00,1,146.85,327,1,1,1,3,Other
16893,2010-12-08 12:06:00,2010-12-08 12:06:00,1,145.93,367,1,2,1,4,Other
12565,2011-02-24 10:34:00,2011-02-24 10:34:00,1,145.92,289,1,1,1,3,Other
17935,2011-07-21 11:23:00,2011-07-24 13:18:00,2,145.79,139,2,3,1,6,At risk
13866,2011-09-26 14:54:00,2011-09-26 14:54:00,1,145.67000000000002,75,2,1,1,4,Other
15937,2011-10-06 15:48:00,2011-10-06 15:48:00,1,145.35,65,3,2,1,6,Other
16598,2011-02-27 11:42:00,2011-02-27 11:42:00,1,145.04999999999998,286,1,2,1,4,Other
17524,2010-12-13 14:32:00,2010-12-13 14:32:00,1,145.0,362,1,2,1,4,Other
16852,2011-06-16 15:49:00,2011-11-29 13:22:00,2,144.91000000000003,11,5,3,1,9,Other
12974,2011-05-26 09:33:00,2011-05-26 09:33:00,1,144.8,198,1,1,1,3,Other
15748,2011-10-30 12:51:00,2011-10-30 12:51:00,1,144.36,41,3,1,1,5,Other
14109,2011-09-28 10:18:00,2011-09-28 10:18:00,1,144.2,73,2,1,1,4,Other
17186,2011-10-10 12:52:00,2011-10-24 10:20:00,2,144.0,47,3,3,1,7,Other
12587,2011-12-02 12:47:00,2011-12-02 12:47:00,1,144.0,8,5,1,1,7,Promising
17578,2011-05-05 18:38:00,2011-05-05 18:38:00,1,143.45999999999998,219,1,2,1,4,Other
15705,2011-05-22 15:37:00,2011-05-22 15:37:00,1,143.1,202,1,1,1,3,Other
16461,2011-06-15 12:07:00,2011-06-15 12:07:00,1,142.92,178,2,2,1,5,Other
13299,2011-03-16 12:55:00,2011-03-16 12:55:00,1,142.5,269,1,1,1,3,Other
16287,2011-06-23 09:08:00,2011-06-23 09:08:00,1,142.5,170,2,2,1,5,Other
13584,2011-02-06 12:49:00,2011-02-06 12:49:00,1,142.4,307,1,1,1,3,Other
14386,2011-02-16 09:45:00,2011-02-16 09:45:00,1,142.4,297,1,1,1,3,Other
17859,2011-02-08 10:32:00,2011-02-08 10:32:00,1,141.92000000000002,305,1,2,1,4,Other
13561,2011-05-08 12:39:00,2011-05-08 12:39:00,1,141.85999999999999,216,1,1,1,3,Other
14041,2011-03-18 13:25:00,2011-03-18 13:25:00,1,141.41,267,1,1,1,3,Other
15503,2010-12-12 10:57:00,2010-12-12 10:57:00,1,141.04,363,1,1,1,3,Other
15388,2011-03-14 13:53:00,2011-03-14 13:53:00,1,140.54,271,1,1,1,3,Other
13483,2011-10-05 11:53:00,2011-10-05 11:53:00,1,140.34,66,3,1,1,5,Other
14494,2011-11-14 09:21:00,2011-11-14 09:21:00,1,139.56,26,4,1,1,6,Promising
17718,2011-04-21 13:39:00,2011-04-21 13:39:00,1,139.35,233,1,2,1,4,Other
16483,2011-05-31 13:08:00,2011-05-31 13:08:00,1,139.35,193,1,2,1,4,Other
14772,2011-08-19 15:04:00,2011-08-19 15:04:00,1,139.26,113,2,1,1,4,Other
18209,2011-11-11 12:07:00,2011-11-11 12:07:00,1,139.10000000000002,29,4,2,1,7,Promising
15135,2011-04-14 19:16:00,2011-04-14 19:16:00,1,139.05,240,1,1,1,3,Other
13273,2011-08-18 14:02:00,2011-08-18 14:02:00,1,138.98,114,2,1,1,4,Other
12902,2011-03-20 12:06:00,2011-03-20 12:06:00,1,138.68,265,1,1,1,3,Other
14581,2011-11-23 12:39:00,2011-11-23 12:39:00,1,138.6,17,4,1,1,6,Promising
17122,2011-08-12 14:33:00,2011-08-12 14:33:00,1,138.32,120,2,2,1,5,Other
13716,2011-03-15 13:49:00,2011-03-15 13:49:00,1,138.28,270,1,1,1,3,Other
15663,2011-08-25 15:50:00,2011-08-25 15:50:00,1,138.14,107,2,1,1,4,Other
16050,2011-06-19 11:44:00,2011-06-19 11:44:00,1,137.9,174,2,2,1,5,Other
13279,2011-09-22 17:24:00,2011-09-22 17:24:00,1,137.75,79,2,1,1,4,Other
17709,2011-06-23 11:55:00,2011-06-23 11:55:00,1,137.45,170,2,2,1,5,Other
15836,2011-10-20 17:13:00,2011-10-20 17:13:00,1,137.37,51,3,2,1,6,Other
14483,2011-03-03 10:26:00,2011-03-03 10:26:00,1,137.1,282,1,1,1,3,Other
17468,2011-11-25 12:52:00,2011-11-29 15:33:00,2,137.0,11,5,3,1,9,Other
15691,2011-04-01 15:13:00,2011-04-01 15:13:00,1,136.8,253,1,1,1,3,Other
14247,2011-03-06 15:21:00,2011-03-06 15:21:00,1,136.76999999999998,279,1,1,1,3,Other
16462,2011-03-01 08:58:00,2011-09-27 10:24:00,3,136.0,74,2,4,1,7,At risk
16412,2011-10-17 12:35:00,2011-10-17 12:35:00,1,135.99,54,3,2,1,6,Other
12968,2011-08-19 15:44:00,2011-08-19 15:44:00,1,135.95,113,2,1,1,4,Other
15042,2011-05-24 16:25:00,2011-05-24 16:25:00,1,135.93,200,1,1,1,3,Other
14889,2011-01-07 15:19:00,2011-01-07 15:19:00,1,135.9,337,1,1,1,3,Other
15419,2011-11-15 09:23:00,2011-11-15 09:23:00,1,135.86,25,4,1,1,6,Promising
16114,2011-06-22 10:13:00,2011-06-22 10:13:00,1,135.75000000000003,171,2,2,1,5,Other
15174,2011-01-21 09:06:00,2011-01-21 09:06:00,1,135.75,323,1,1,1,3,Other
16665,2010-12-12 14:03:00,2010-12-12 14:03:00,1,135.39999999999998,363,1,2,1,4,Other
17972,2011-04-12 12:16:00,2011-04-12 12:16:00,1,135.19,242,1,2,1,4,Other
13364,2011-09-29 18:13:00,2011-09-29 18:13:00,1,134.95999999999998,72,2,1,1,4,Other
16055,2011-05-03 09:26:00,2011-05-03 09:26:00,1,134.8,221,1,2,1,4,Other
14340,2011-05-05 09:44:00,2011-05-05 09:44:00,1,134.7,219,1,1,1,3,Other
15562,2010-12-23 09:55:00,2010-12-23 09:55:00,1,134.55,352,1,1,1,3,Other
14174,2011-11-06 13:17:00,2011-11-06 13:17:00,1,134.46,34,3,1,1,5,Other
12837,2011-06-19 16:07:00,2011-06-19 16:07:00,1,134.1,174,2,1,1,4,Other
14280,2011-05-27 10:37:00,2011-05-27 10:37:00,1,134.04,197,1,1,1,3,Other
16424,2011-06-01 13:40:00,2011-06-01 13:40:00,1,133.56,192,1,2,1,4,Other
14349,2011-11-29 15:39:00,2011-11-29 15:39:00,1,133.5,11,5,1,1,7,Promising
12445,2011-11-17 18:43:00,2011-11-17 18:43:00,1,133.4,23,4,1,1,6,Promising
17881,2011-02-08 17:16:00,2011-02-08 17:16:00,1,133.35000000000002,305,1,2,1,4,Other
15709,2011-03-01 10:38:00,2011-03-01 10:38:00,1,133.25,284,1,1,1,3,Other
17647,2011-10-05 15:38:00,2011-10-05 15:38:00,1,133.06,66,3,2,1,6,Other
12512,2011-10-04 14:53:00,2011-10-04 14:55:00,2,132.18,67,3,2,1,6,Other
17785,2011-10-17 13:43:00,2011-10-17 13:43:00,1,131.94,54,3,2,1,6,Other
14438,2011-02-06 14:56:00,2011-02-06 14:56:00,1,131.9,307,1,1,1,3,Other
12851,2011-09-04 12:41:00,2011-09-04 12:41:00,1,131.81,97,2,1,1,4,Other
17455,2011-05-20 12:31:00,2011-05-20 12:31:00,1,131.7,204,1,2,1,4,Other
14795,2011-06-26 13:04:00,2011-06-26 13:04:00,1,131.45000000000002,167,2,1,1,4,Other
15844,2011-10-24 15:19:00,2011-10-24 15:19:00,1,130.73999999999998,47,3,2,1,6,Other
16679,2010-12-08 13:51:00,2010-12-08 13:51:00,1,129.75,367,1,2,1,4,Other
16611,2011-06-06 15:46:00,2011-06-06 15:46:00,1,129.49,187,1,2,1,4,Other
16623,2011-04-08 10:09:00,2011-04-08 10:09:00,1,129.45,246,1,2,1,4,Other
15276,2011-10-04 16:39:00,2011-10-04 16:39:00,1,128.63,67,3,1,1,5,Other
16828,2011-08-19 13:24:00,2011-09-07 15:10:00,2,128.5,94,2,3,1,6,At risk
17297,2011-11-22 14:43:00,2011-11-22 14:43:00,1,128.18,18,4,2,1,7,Promising
17359,2011-11-28 14:37:00,2011-11-28 14:37:00,1,127.86,12,5,2,1,8,Promising
15543,2011-02-24 15:26:00,2011-02-24 15:26:00,1,127.86,289,1,1,1,3,Other
13781,2011-04-03 12:08:00,2011-04-03 12:08:00,1,127.84,251,1,1,1,3,Other
15578,2011-06-30 13:03:00,2011-06-30 13:03:00,1,127.1,163,2,1,1,4,Other
15923,2010-12-02 12:16:00,2010-12-02 12:16:00,1,127.08,373,1,2,1,4,Other
14962,2011-03-14 09:42:00,2011-03-14 09:42:00,1,126.7,271,1,1,1,3,Other
16414,2011-03-04 13:27:00,2011-11-18 09:42:00,2,126.25,22,4,3,1,8,Other
15463,2011-11-10 12:57:00,2011-11-10 12:57:00,1,126.14,30,4,1,1,6,Promising
16988,2011-12-04 16:02:00,2011-12-04 16:02:00,1,126.12,6,5,2,1,8,Promising
12814,2011-08-30 12:11:00,2011-08-30 12:11:00,1,125.92,102,2,1,1,4,Other
13522,2011-11-09 15:11:00,2011-11-09 15:11:00,1,125.80000000000001,31,4,1,1,6,Promising
14861,2011-10-18 12:54:00,2011-10-18 12:54:00,1,125.79,53,3,1,1,5,Other
14890,2011-03-31 11:57:00,2011-03-31 11:57:00,1,125.65,254,1,1,1,3,Other
15017,2011-11-06 10:33:00,2011-11-06 10:33:00,1,125.58,34,3,1,1,5,Other
12531,2011-11-25 11:12:00,2011-11-25 11:12:00,1,125.22,15,4,1,1,6,Promising
17148,2011-10-19 09:59:00,2011-10-19 09:59:00,1,124.88,52,3,2,1,6,Other
16849,2011-06-06 09:16:00,2011-06-06 09:16:00,1,124.57,187,1,2,1,4,Other
16569,2011-12-06 15:32:00,2011-12-06 15:32:00,1,124.2,4,5,2,1,8,Promising
14495,2011-08-10 14:13:00,2011-10-20 12:28:00,2,123.8,51,3,3,1,7,Other
16658,2010-12-06 13:47:00,2010-12-06 13:47:00,1,123.24,369,1,2,1,4,Other
15917,2011-04-06 10:40:00,2011-04-06 10:40:00,1,123.1,248,1,2,1,4,Other
13519,2011-09-22 18:24:00,2011-09-22 18:24:00,1,122.75,79,2,1,1,4,Other
13876,2011-10-07 10:22:00,2011-10-07 10:22:00,1,122.7,64,3,1,1,5,Other
13638,2011-11-24 10:38:00,2011-11-24 10:38:00,1,122.64,16,4,1,1,6,Promising
16073,2011-02-15 15:41:00,2011-02-15 15:41:00,1,122.39999999999999,298,1,2,1,4,Other
18018,2011-05-24 13:22:00,2011-08-23 17:37:00,2,122.14,109,2,3,1,6,At risk
13244,2011-09-08 11:46:00,2011-09-08 11:46:00,1,121.74000000000001,93,2,1,1,4,Other
13182,2011-10-25 13:46:00,2011-10-25 13:46:00,1,121.18,46,3,1,1,5,Other
15049,2011-03-11 12:13:00,2011-03-11 12:13:00,1,121.17000000000002,274,1,1,1,3,Other
14413,2010-12-12 13:37:00,2010-12-12 13:37:00,1,121.05,363,1,1,1,3,Other
15512,2010-12-15 12:01:00,2011-07-07 10:20:00,2,121.0,156,2,3,1,6,At risk
13002,2011-01-25 15:18:00,2011-01-25 15:18:00,1,120.94999999999999,319,1,1,1,3,Other
17446,2011-02-02 14:40:00,2011-06-16 10:42:00,2,120.9,177,2,3,1,6,At risk
14165,2011-03-09 12:39:00,2011-03-09 12:39:00,1,120.44,276,1,1,1,3,Other
18015,2011-12-05 14:49:00,2011-12-05 14:49:00,1,120.03,5,5,2,1,8,Promising
14259,2011-07-21 10:44:00,2011-07-21 10:44:00,1,120.0,142,2,1,1,4,Other
14314,2011-08-25 10:39:00,2011-08-25 10:39:00,1,120.0,107,2,1,1,4,Other
14453,2011-06-02 14:15:00,2011-06-02 14:15:00,1,119.93,191,1,1,1,3,Other
16542,2011-10-17 10:47:00,2011-10-17 10:47:00,1,119.62,54,3,2,1,6,Other
15266,2011-01-05 13:40:00,2011-01-05 13:40:00,1,119.3,339,1,1,1,3,Other
16666,2011-11-20 14:01:00,2011-11-20 14:01:00,1,118.98,20,4,2,1,7,Promising
15843,2011-02-09 10:19:00,2011-02-09 10:19:00,1,118.95000000000002,304,1,2,1,4,Other
17079,2011-09-22 15:34:00,2011-09-22 15:34:00,1,118.80000000000001,79,2,2,1,5,Other
14155,2011-03-18 14:13:00,2011-03-18 14:13:00,1,118.75,267,1,1,1,3,Other
14076,2011-08-02 15:19:00,2011-08-02 15:19:00,1,118.67,130,2,1,1,4,Other
13581,2011-02-03 14:41:00,2011-02-03 14:41:00,1,118.0,310,1,1,1,3,Other
12929,2011-02-01 12:08:00,2011-02-01 12:08:00,1,117.85,312,1,1,1,3,Other
17654,2011-03-07 13:17:00,2011-03-07 13:17:00,1,117.55,278,1,2,1,4,Other
16959,2011-09-13 15:03:00,2011-09-13 15:03:00,1,117.35000000000001,88,2,2,1,5,Other
13877,2011-09-14 15:49:00,2011-09-14 15:49:00,1,117.24,87,2,1,1,4,Other
17117,2011-02-24 13:54:00,2011-02-24 13:54:00,1,116.19999999999999,289,1,2,1,4,Other
17601,2011-04-14 18:02:00,2011-04-14 18:02:00,1,116.00999999999999,240,1,2,1,4,Other
14143,2011-07-29 09:48:00,2011-07-29 09:48:00,1,115.8,134,2,1,1,4,Other
15350,2010-12-01 13:33:00,2010-12-01 13:33:00,1,115.65,374,1,1,1,3,Other
13067,2011-09-18 13:38:00,2011-09-18 13:38:00,1,115.46000000000001,83,2,1,1,4,Other
18027,2011-09-02 10:38:00,2011-09-02 10:38:00,1,115.31,99,2,2,1,5,Other
14972,2011-08-03 14:54:00,2011-08-03 14:54:00,1,114.77,129,2,1,1,4,Other
13188,2011-11-28 15:28:00,2011-11-28 15:28:00,1,114.60000000000001,12,5,1,1,7,Promising
14632,2011-03-22 08:49:00,2011-03-22 08:49:00,1,114.56,263,1,1,1,3,Other
16247,2011-06-22 14:23:00,2011-06-22 14:23:00,1,114.56,171,2,2,1,5,Other
17852,2011-11-28 12:31:00,2011-11-28 12:36:00,2,114.34,12,5,3,1,9,Other
17219,2011-11-08 11:25:00,2011-11-08 11:25:00,1,114.23,32,4,2,1,7,Promising
14652,2011-09-23 14:21:00,2011-09-23 14:21:00,1,114.18,78,2,1,1,4,Other
12938,2011-11-14 11:21:00,2011-11-14 11:21:00,1,114.14,26,4,1,1,6,Promising
14582,2011-10-30 11:56:00,2011-10-30 11:56:00,1,114.11,41,3,1,1,5,Other
12651,2011-01-09 12:46:00,2011-01-09 12:46:00,1,114.0,335,1,1,1,3,Other
14457,2011-02-02 09:39:00,2011-02-02 09:39:00,1,113.64,311,1,1,1,3,Other
15445,2011-03-20 15:06:00,2011-03-20 15:06:00,1,113.5,265,1,1,1,3,Other
17217,2011-04-19 17:19:00,2011-04-19 17:19:00,1,113.5,235,1,2,1,4,Other
18105,2011-11-02 12:04:00,2011-11-02 12:04:00,1,113.48000000000002,38,3,2,1,6,Other
16913,2011-02-22 12:56:00,2011-02-22 12:56:00,1,113.44,291,1,2,1,4,Other
15280,2011-06-20 17:14:00,2011-06-20 17:14:00,1,113.12,173,2,1,1,4,Other
14689,2011-05-15 11:22:00,2011-05-15 11:22:00,1,112.8,209,1,1,1,3,Other
13161,2011-01-30 14:03:00,2011-01-30 14:03:00,1,112.75,314,1,1,1,3,Other
16697,2011-04-12 17:12:00,2011-04-12 17:12:00,1,112.75,242,1,2,1,4,Other
13807,2010-12-07 15:48:00,2010-12-07 15:48:00,1,112.6,368,1,1,1,3,Other
18129,2011-04-10 14:16:00,2011-04-10 14:16:00,1,112.55000000000001,244,1,2,1,4,Other
15610,2011-10-19 10:36:00,2011-10-19 10:36:00,1,112.46000000000001,52,3,1,1,5,Other
17038,2011-11-09 13:50:00,2011-11-09 13:50:00,1,112.4,31,4,2,1,7,Promising
14271,2011-04-28 12:47:00,2011-04-28 12:47:00,1,112.32,226,1,1,1,3,Other
17967,2010-12-03 11:19:00,2010-12-03 11:19:00,1,112.27,372,1,2,1,4,Other
17900,2011-06-02 14:28:00,2011-06-02 14:38:00,2,112.19999999999999,191,1,3,1,5,At risk
13193,2011-10-09 14:30:00,2011-10-09 14:30:00,1,112.08,62,3,1,1,5,Other
12756,2011-09-14 09:31:00,2011-09-14 09:31:00,1,112.07999999999998,87,2,1,1,4,Other
17957,2011-10-04 14:58:00,2011-10-04 14:58:00,1,111.68,67,3,2,1,6,Other
17887,2011-08-02 17:29:00,2011-08-02 17:29:00,1,111.35,130,2,2,1,5,Other
18120,2011-05-09 13:45:00,2011-05-09 13:45:00,1,111.15,215,1,2,1,4,Other
13508,2011-04-10 11:58:00,2011-04-10 11:58:00,1,110.97,244,1,1,1,3,Other
13144,2011-01-11 11:15:00,2011-01-11 11:15:00,1,110.95,333,1,1,1,3,Other
15537,2011-06-29 13:10:00,2011-06-29 13:10:00,1,110.92,164,2,1,1,4,Other
15853,2011-10-19 10:38:00,2011-10-19 10:38:00,1,110.8,52,3,2,1,6,Other
16963,2011-06-05 13:48:00,2011-06-05 13:48:00,1,110.55000000000001,188,1,2,1,4,Other
14641,2011-11-18 10:42:00,2011-11-18 10:42:00,1,110.46,22,4,1,1,6,Promising
12734,2010-12-22 12:47:00,2010-12-22 12:47:00,1,110.39999999999999,353,1,1,1,3,Other
16792,2011-03-02 14:39:00,2011-03-02 14:41:00,2,110.38000000000001,283,1,3,1,5,At risk
17901,2011-11-10 17:29:00,2011-11-10 17:29:00,1,110.38,30,4,2,1,7,Promising
18277,2011-10-12 15:22:00,2011-10-12 15:22:00,1,110.38,59,3,2,1,6,Other
17746,2011-04-13 14:31:00,2011-04-13 14:31:00,1,110.25,241,1,2,1,4,Other
17836,2011-10-23 16:13:00,2011-10-23 16:13:00,1,110.21000000000001,48,3,2,1,6,Other
13133,2011-02-08 15:48:00,2011-03-11 10:31:00,2,109.8,274,1,2,1,4,Other
16363,2011-10-17 14:14:00,2011-10-17 14:14:00,1,109.36000000000001,54,3,2,1,6,Other
14699,2011-05-09 14:54:00,2011-05-09 14:54:00,1,109.13000000000001,215,1,1,1,3,Other
14345,2011-11-01 09:51:00,2011-11-01 09:51:00,1,108.97999999999999,39,3,1,1,5,Other
13170,2011-11-13 12:19:00,2011-11-13 12:19:00,1,108.81,27,4,1,1,6,Promising
17639,2011-03-08 15:22:00,2011-03-08 15:22:00,1,108.5,277,1,2,1,4,Other
16106,2011-10-05 10:37:00,2011-10-05 10:37:00,1,108.38,66,3,2,1,6,Other
13226,2011-03-11 14:35:00,2011-03-11 14:35:00,1,108.21000000000001,274,1,1,1,3,Other
12956,2011-02-06 16:08:00,2011-02-06 16:08:00,1,108.07,307,1,1,1,3,Other
14661,2011-11-13 11:51:00,2011-11-13 11:51:00,1,107.95,27,4,1,1,6,Promising
17274,2011-11-04 13:16:00,2011-11-04 13:16:00,1,107.82,36,3,2,1,6,Other
16784,2011-11-20 12:20:00,2011-11-20 12:20:00,1,107.6,20,4,2,1,7,Promising
15395,2011-01-18 12:40:00,2011-01-18 12:40:00,1,107.45,326,1,1,1,3,Other
17893,2011-04-28 13:50:00,2011-04-28 13:50:00,1,107.21,226,1,2,1,4,Other
16757,2011-01-25 11:59:00,2011-01-25 11:59:00,1,106.83000000000001,319,1,2,1,4,Other
15168,2011-11-14 11:26:00,2011-11-14 11:26:00,1,106.56,26,4,1,1,6,Promising
15070,2010-12-02 11:23:00,2010-12-02 11:23:00,1,106.2,373,1,1,1,3,Other
17791,2011-11-10 12:09:00,2011-11-10 12:09:00,1,106.1,30,4,2,1,7,Promising
16581,2011-06-10 10:05:00,2011-06-10 10:05:00,1,105.84,183,1,2,1,4,Other
15775,2011-04-08 12:56:00,2011-04-08 12:56:00,1,104.9,246,1,2,1,4,Other
14027,2011-10-10 09:01:00,2011-10-10 09:01:00,1,104.82,61,3,1,1,5,Other
15607,2011-01-07 12:44:00,2011-01-07 12:44:00,1,104.76,337,1,1,1,3,Other
15958,2011-09-26 13:41:00,2011-09-26 13:41:00,1,104.35,75,2,2,1,5,Other
18174,2011-12-02 16:56:00,2011-12-02 16:56:00,1,104.0,8,5,2,1,8,Promising
17548,2011-04-20 12:01:00,2011-04-20 12:01:00,1,103.3,234,1,2,1,4,Other
18255,2011-09-11 13:16:00,2011-09-11 13:16:00,1,103.3,90,2,2,1,5,Other
14542,2011-06-07 08:19:00,2011-06-07 08:19:00,1,103.25,186,1,1,1,3,Other
18011,2010-12-01 17:35:00,2010-12-01 17:35:00,1,102.78999999999999,374,1,2,1,4,Other
14836,2011-11-09 13:26:00,2011-11-29 16:45:00,3,102.44999999999999,11,5,3,1,9,Other
17962,2011-07-20 14:16:00,2011-07-20 14:16:00,1,102.41,143,2,2,1,5,Other
14981,2011-04-07 13:45:00,2011-04-07 13:45:00,1,102.12,247,1,1,1,3,Other
13948,2010-12-14 10:18:00,2010-12-14 10:18:00,1,102.0,361,1,1,1,3,Other
15212,2011-04-12 13:45:00,2011-04-12 13:45:00,1,101.8,242,1,1,1,3,Other
16516,2011-11-09 14:59:00,2011-11-09 14:59:00,1,101.69999999999999,31,4,2,1,7,Promising
18068,2011-02-23 14:50:00,2011-02-23 14:50:00,1,101.69999999999999,290,1,2,1,4,Other
17643,2010-12-01 14:38:00,2010-12-01 14:38:00,1,101.55,374,1,2,1,4,Other
16006,2011-05-12 13:12:00,2011-05-12 13:12:00,1,101.4,212,1,2,1,4,Other
18086,2011-03-10 13:34:00,2011-03-10 13:34:00,1,101.34,275,1,2,1,4,Other
13101,2011-04-19 14:37:00,2011-04-19 14:37:00,1,101.19,235,1,1,1,3,Other
16344,2011-07-04 15:50:00,2011-07-04 15:50:00,1,101.10000000000001,159,2,2,1,5,Other
16498,2011-06-30 19:52:00,2011-07-01 15:07:00,2,100.97,162,2,3,1,6,At risk
14946,2011-11-25 13:33:00,2011-11-25 13:33:00,1,100.9,15,4,1,1,6,Promising
17427,2011-09-29 11:29:00,2011-09-29 11:29:00,1,100.8,72,3,2,1,6,Other
14371,2011-02-17 16:35:00,2011-02-17 16:35:00,1,100.5,296,1,1,1,3,Other
13703,2011-01-25 13:10:00,2011-01-25 13:10:00,1,99.5,319,1,1,1,3,Other
17939,2011-07-03 12:27:00,2011-07-03 12:27:00,1,99.14,160,2,2,1,5,Other
15256,2011-07-14 11:47:00,2011-07-14 11:47:00,1,98.45,149,2,1,1,4,Other
17538,2011-11-14 12:12:00,2011-11-14 12:12:00,1,98.42,26,4,2,1,7,Promising
17349,2011-06-13 14:29:00,2011-06-13 14:29:00,1,98.25,180,1,2,1,4,Other
15422,2011-01-20 14:17:00,2011-01-20 16:17:00,2,97.7,324,1,3,1,5,At risk
12984,2011-11-21 12:37:00,2011-11-21 12:37:00,1,97.5,19,4,1,1,6,Promising
17325,2011-03-04 13:09:00,2011-03-04 13:09:00,1,96.8,281,1,2,1,4,Other
15216,2011-09-13 11:41:00,2011-09-13 11:41:00,1,96.6,88,2,1,1,4,Other
14642,2011-10-12 11:08:00,2011-10-12 11:08:00,1,96.12,59,3,1,1,5,Other
17024,2011-07-05 09:31:00,2011-10-25 13:47:00,3,95.85,46,3,4,1,8,Other
17895,2011-10-26 17:00:00,2011-10-26 17:00:00,1,95.45,45,3,2,1,6,Other
18249,2011-11-22 15:07:00,2011-11-22 15:07:00,1,95.34,18,4,2,1,7,Promising
12548,2011-06-26 15:35:00,2011-06-26 15:35:00,1,95.19999999999999,167,2,1,1,4,Other
16387,2011-01-21 11:34:00,2011-01-21 11:34:00,1,94.36,323,1,2,1,4,Other
13651,2011-10-31 12:11:00,2011-11-04 14:59:00,2,94.2,36,3,2,1,6,Other
16339,2011-02-28 13:41:00,2011-02-28 13:41:00,1,94.05,285,1,2,1,4,Other
15397,2011-02-23 09:25:00,2011-02-23 09:25:00,1,94.0,290,1,1,1,3,Other
18033,2011-10-05 17:28:00,2011-10-05 17:28:00,1,93.82000000000001,66,3,2,1,6,Other
15428,2011-11-24 16:54:00,2011-11-24 16:54:00,1,93.78,16,4,1,1,6,Promising
18227,2011-05-06 12:23:00,2011-05-06 12:23:00,1,93.75,218,1,2,1,4,Other
13283,2011-06-07 12:39:00,2011-10-11 09:50:00,2,93.66,60,3,2,1,6,Other
17991,2011-04-27 16:39:00,2011-04-28 15:58:00,2,93.35,226,1,3,1,5,At risk
12821,2011-05-09 15:51:00,2011-05-09 15:51:00,1,92.72,215,1,1,1,3,Other
14054,2011-10-05 15:49:00,2011-10-05 15:49:00,1,92.46,66,3,1,1,5,Other
12789,2011-10-05 13:34:00,2011-10-05 13:34:00,1,91.85,66,3,1,1,5,Other
13551,2011-01-24 14:46:00,2011-01-24 14:46:00,1,91.80000000000001,320,1,1,1,3,Other
13160,2011-11-17 13:07:00,2011-11-17 13:07:00,1,91.8,23,4,1,1,6,Promising
12659,2011-11-10 11:53:00,2011-11-10 11:53:00,1,91.68,30,4,1,1,6,Promising
15488,2011-09-08 10:11:00,2011-09-08 10:11:00,1,91.32000000000001,93,2,1,1,4,Other
14353,2011-05-08 16:06:00,2011-05-08 16:06:00,1,90.6,216,1,1,1,3,Other
13947,2011-10-05 14:42:00,2011-10-05 14:42:00,1,90.6,66,3,1,1,5,Other
18084,2011-11-23 13:57:00,2011-11-23 13:57:00,1,90.47999999999999,17,4,2,1,7,Promising
16506,2011-10-30 15:50:00,2011-11-20 12:17:00,2,90.30000000000001,20,4,3,1,8,Other
15552,2011-05-06 14:47:00,2011-05-06 14:47:00,1,90.12,218,1,1,1,3,Other
16597,2011-12-05 15:44:00,2011-12-05 15:44:00,1,90.04,5,5,2,1,8,Promising
14117,2011-07-19 09:49:00,2011-07-19 09:49:00,1,90.0,144,2,1,1,4,Other
14974,2011-11-02 13:01:00,2011-11-02 13:01:00,1,89.94,38,3,1,1,5,Other
14219,2011-12-05 16:23:00,2011-12-05 16:23:00,1,89.94,5,5,1,1,7,Promising
14760,2011-02-15 16:27:00,2011-02-15 16:27:00,1,89.2,298,1,1,1,3,Other
12686,2010-12-03 09:51:00,2010-12-03 09:51:00,1,89.14,372,1,1,1,3,Other
14436,2011-09-02 10:13:00,2011-09-02 10:13:00,1,89.06,99,2,1,1,4,Other
12353,2011-05-19 17:47:00,2011-05-19 17:47:00,1,89.0,205,1,1,1,3,Other
15083,2011-03-28 12:18:00,2011-03-28 12:18:00,1,88.2,257,1,1,1,3,Other
15180,2010-12-07 14:57:00,2010-12-07 14:57:00,1,87.5,368,1,1,1,3,Other
13296,2011-07-25 13:46:00,2011-07-25 13:46:00,1,87.4,138,2,1,1,4,Other
15541,2011-08-17 14:58:00,2011-08-17 14:58:00,1,85.13000000000001,115,2,1,1,4,Other
13841,2011-04-01 12:10:00,2011-04-01 12:10:00,1,85.0,253,1,1,1,3,Other
15729,2011-05-11 12:36:00,2011-05-11 12:36:00,1,85.0,213,1,1,1,3,Other
13666,2011-02-25 13:05:00,2011-10-10 15:39:00,3,84.65,61,3,3,1,7,Other
12401,2011-02-09 13:50:00,2011-02-09 13:50:00,1,84.3,304,1,1,1,3,Other
17309,2011-09-05 15:20:00,2011-09-05 15:20:00,1,82.75,96,2,2,1,5,Other
13006,2011-10-14 13:49:00,2011-10-14 13:49:00,1,81.57,57,3,1,1,5,Other
17620,2011-10-11 12:08:00,2011-10-11 12:08:00,1,81.44,60,3,2,1,6,Other
18281,2011-06-12 10:53:00,2011-06-12 10:53:00,1,80.82,181,1,2,1,4,Other
16789,2011-12-01 15:12:00,2011-12-01 15:12:00,1,80.8,9,5,2,1,8,Promising
13967,2011-07-17 12:02:00,2011-07-17 12:02:00,1,80.7,146,2,1,1,4,Other
17752,2010-12-15 16:19:00,2010-12-15 16:19:00,1,80.64,360,1,2,1,4,Other
13747,2010-12-01 10:37:00,2010-12-01 10:37:00,1,79.6,374,1,1,1,3,Other
15753,2011-02-08 12:41:00,2011-02-08 12:41:00,1,79.2,305,1,1,1,3,Other
16078,2011-03-01 09:47:00,2011-03-01 09:47:00,1,79.2,284,1,2,1,4,Other
17942,2011-12-02 10:45:00,2011-12-02 10:45:00,1,77.50000000000001,8,5,2,1,8,Promising
14785,2011-11-24 13:40:00,2011-11-29 13:21:00,2,77.4,11,5,3,1,9,Other
13132,2011-03-23 12:44:00,2011-03-23 12:44:00,1,77.3,262,1,1,1,3,Other
13992,2011-11-09 15:23:00,2011-11-09 15:23:00,1,76.8,31,4,1,1,6,Promising
14373,2010-12-16 15:40:00,2010-12-16 15:40:00,1,76.55,359,1,1,1,3,Other
13106,2011-07-29 15:12:00,2011-07-29 15:12:00,1,76.5,134,2,1,1,4,Other
17536,2011-06-15 13:23:00,2011-06-15 13:23:00,1,76.5,178,2,2,1,5,Other
15668,2011-05-06 10:39:00,2011-05-06 10:39:00,1,76.32000000000001,218,1,1,1,3,Other
18113,2010-12-06 12:31:00,2010-12-06 12:31:00,1,76.32000000000001,369,1,2,1,4,Other
16148,2011-02-16 14:01:00,2011-02-16 14:01:00,1,76.32000000000001,297,1,2,1,4,Other
14090,2011-01-19 10:51:00,2011-01-19 10:51:00,1,76.32000000000001,325,1,1,1,3,Other
17995,2011-03-03 12:30:00,2011-03-03 12:30:00,1,76.1,282,1,2,1,4,Other
17628,2011-09-19 15:21:00,2011-09-19 15:21:00,1,75.75,82,2,2,1,5,Other
16610,2011-05-04 13:13:00,2011-05-04 13:13:00,1,75.66,220,1,2,1,4,Other
13403,2011-11-22 08:28:00,2011-11-22 08:28:00,1,75.0,18,4,1,1,6,Promising
16468,2011-09-26 14:13:00,2011-09-26 14:13:00,1,74.9,75,2,2,1,5,Other
18050,2010-12-15 14:25:00,2010-12-15 14:25:00,1,74.4,360,1,2,1,4,Other
13095,2011-09-30 12:03:00,2011-09-30 12:03:00,1,74.39999999999999,71,3,1,1,5,Other
17960,2011-06-21 14:15:00,2011-06-21 14:15:00,1,73.78,172,2,2,1,5,Other
12506,2011-04-21 08:54:00,2011-04-21 08:54:00,1,73.5,233,1,1,1,3,Other
18032,2011-01-09 15:32:00,2011-01-09 15:32:00,1,73.5,335,1,2,1,4,Other
16171,2011-10-11 14:51:00,2011-10-11 14:51:00,1,73.2,60,3,2,1,6,Other
17906,2011-04-06 17:25:00,2011-04-06 17:25:00,1,72.9,248,1,2,1,4,Other
13686,2011-06-10 09:10:00,2011-06-10 09:10:00,1,72.0,183,1,1,1,3,Other
13938,2011-11-04 14:37:00,2011-11-04 14:37:00,1,71.66,36,3,1,1,5,Other
17747,2011-08-19 08:13:00,2011-08-19 08:13:00,1,71.4,113,2,2,1,5,Other
13185,2011-03-17 11:56:00,2011-03-17 11:56:00,1,71.4,268,1,1,1,3,Other
17022,2011-11-08 17:09:00,2011-11-08 17:09:00,1,71.0,32,4,2,1,7,Promising
18037,2010-12-12 16:20:00,2011-07-08 13:39:00,6,70.02,155,2,5,1,8,At risk
15863,2011-05-31 11:36:00,2011-11-14 12:49:00,2,68.84,26,4,3,1,8,Other
14393,2011-05-05 18:16:00,2011-05-05 18:16:00,1,67.95,219,1,1,1,3,Other
17382,2011-10-05 13:05:00,2011-10-05 13:05:00,1,65.4,66,3,2,1,6,Other
13684,2011-02-27 10:13:00,2011-02-27 10:13:00,1,65.13,286,1,1,1,3,Other
13130,2011-09-06 15:30:00,2011-09-06 15:30:00,1,64.0,95,2,1,1,4,Other
13302,2011-07-07 17:56:00,2011-07-07 17:56:00,1,63.75,156,2,1,1,4,Other
17263,2011-05-15 14:32:00,2011-05-15 14:32:00,1,63.440000000000005,209,1,2,1,4,Other
14437,2010-12-09 09:27:00,2010-12-09 09:27:00,1,63.0,366,1,1,1,3,Other
12665,2011-01-19 08:34:00,2011-01-19 08:34:00,1,63.0,325,1,1,1,3,Other
14840,2011-03-17 12:00:00,2011-03-17 12:00:00,1,62.85,268,1,1,1,3,Other
13218,2011-08-04 16:59:00,2011-08-04 16:59:00,1,62.63999999999999,128,2,1,1,4,Other
15516,2011-10-24 11:33:00,2011-10-26 10:51:00,3,62.43,45,3,3,1,7,Other
13194,2011-07-27 09:01:00,2011-07-27 09:01:00,1,60.7,136,2,1,1,4,Other
17174,2011-05-06 11:47:00,2011-05-06 11:47:00,1,59.9,218,1,2,1,4,Other
13391,2011-05-20 10:50:00,2011-05-20 10:50:00,1,59.8,204,1,1,1,3,Other
13682,2011-06-05 14:06:00,2011-06-05 14:06:00,1,59.5,188,1,1,1,3,Other
14957,2011-03-31 17:59:00,2011-03-31 17:59:00,1,58.49,254,1,1,1,3,Other
13080,2011-06-13 14:59:00,2011-06-13 14:59:00,1,58.08,180,1,1,1,3,Other
17775,2011-03-30 10:50:00,2011-03-30 10:50:00,1,56.4,255,1,2,1,4,Other
15899,2010-12-06 10:36:00,2010-12-06 10:36:00,1,56.25,369,1,2,1,4,Other
13366,2011-10-20 13:37:00,2011-10-20 13:37:00,1,56.160000000000004,51,3,1,1,5,Other
16349,2011-02-22 12:40:00,2011-02-22 12:40:00,1,53.5,291,1,2,1,4,Other
15504,2011-09-19 13:45:00,2011-09-19 13:45:00,1,52.83,82,2,1,1,4,Other
14865,2010-12-02 18:23:00,2011-12-02 16:25:00,2,52.2,8,5,3,1,9,Other
13832,2011-11-20 15:36:00,2011-11-20 15:36:00,1,52.199999999999996,20,4,1,1,6,Promising
15313,2011-08-21 16:02:00,2011-08-21 16:02:00,1,52.0,111,2,1,1,4,Other
14682,2011-05-22 12:51:00,2011-06-05 12:12:00,2,52.0,188,1,3,1,5,At risk
17844,2011-08-25 11:27:00,2011-08-25 11:27:00,1,51.559999999999995,107,2,2,1,5,Other
14351,2011-06-28 11:56:00,2011-06-28 11:56:00,1,51.0,165,2,1,1,4,Other
13011,2010-12-02 17:22:00,2010-12-02 17:22:00,1,50.550000000000004,373,1,1,1,3,Other
18184,2011-11-24 15:28:00,2011-11-24 15:28:00,1,49.8,16,4,2,1,7,Promising
14821,2010-12-08 08:43:00,2010-12-08 08:43:00,1,48.800000000000004,367,1,1,1,3,Other
15603,2011-09-22 10:04:00,2011-09-22 10:04:00,1,48.480000000000004,79,2,1,1,4,Other
16257,2011-06-16 10:11:00,2011-06-16 10:11:00,1,46.95,177,2,2,1,5,Other
14080,2011-11-07 11:09:00,2011-11-07 11:09:00,1,45.599999999999994,33,3,1,1,5,Other
15423,2011-11-01 14:01:00,2011-11-01 14:01:00,1,43.5,39,3,1,1,5,Other
14300,2011-11-21 08:57:00,2011-11-21 08:57:00,1,43.2,19,4,1,1,6,Promising
15992,2011-12-06 11:00:00,2011-12-06 11:00:00,1,41.989999999999995,4,5,2,1,8,Promising
15178,2011-03-24 15:12:00,2011-03-24 15:12:00,1,40.5,261,1,1,1,3,Other
14589,2010-12-03 11:42:00,2010-12-03 11:42:00,1,39.75,372,1,1,1,3,Other
12977,2011-07-06 16:40:00,2011-07-06 16:40:00,1,39.239999999999995,157,2,1,1,4,Other
16659,2011-06-03 15:03:00,2011-06-03 15:03:00,1,39.12,190,1,2,1,4,Other
18019,2011-10-19 12:10:00,2011-10-19 12:10:00,1,38.45,52,3,2,1,6,Other
12855,2010-12-02 09:37:00,2010-12-02 09:37:00,1,38.1,373,1,1,1,3,Other
16162,2011-04-01 15:03:00,2011-04-01 15:03:00,1,37.4,253,1,2,1,4,Other
17816,2010-12-09 14:10:00,2011-11-03 11:34:00,4,36.56,37,3,4,1,8,Other
15940,2011-02-01 16:18:00,2011-02-01 16:18:00,1,35.8,312,1,2,1,4,Other
17831,2011-11-06 15:09:00,2011-11-06 15:09:00,1,35.400000000000006,34,3,2,1,6,Other
16856,2011-11-25 08:59:00,2011-11-25 08:59:00,1,35.400000000000006,15,4,2,1,7,Promising
14576,2010-12-02 17:51:00,2010-12-02 17:51:00,1,35.400000000000006,373,1,1,1,3,Other
15744,2011-09-23 09:52:00,2011-09-23 09:52:00,1,34.8,78,2,1,1,4,Other
16765,2011-02-18 15:41:00,2011-02-18 15:41:00,1,34.0,295,1,2,1,4,Other
17408,2011-06-29 12:53:00,2011-06-29 12:53:00,1,32.65,164,2,2,1,5,Other
13120,2011-04-15 10:19:00,2011-04-15 10:19:00,1,30.599999999999998,239,1,1,1,3,Other
15657,2011-11-17 12:19:00,2011-11-17 12:19:00,1,30.0,23,4,1,1,6,Promising
18268,2011-07-28 19:13:00,2011-07-28 19:13:00,1,25.5,135,2,2,1,5,Other
17102,2011-03-23 10:08:00,2011-03-23 10:08:00,1,25.5,262,1,2,1,4,Other
16953,2011-11-09 15:54:00,2011-11-09 15:54:00,1,20.8,31,4,2,1,7,Promising
17986,2011-10-14 14:22:00,2011-10-14 14:22:00,1,20.8,57,3,2,1,6,Other
16093,2011-08-25 11:09:00,2011-08-25 11:09:00,1,17.0,107,2,2,1,5,Other
13307,2011-08-11 17:14:00,2011-08-11 17:14:00,1,15.0,121,2,1,1,4,Other
15823,2010-12-02 15:08:00,2010-12-02 15:08:00,1,15.0,373,1,2,1,4,Other
17763,2011-03-21 14:25:00,2011-03-21 14:25:00,1,15.0,264,1,2,1,4,Other
16878,2011-09-16 17:39:00,2011-09-16 17:39:00,1,13.3,85,2,2,1,5,Other
17956,2011-04-04 13:47:00,2011-04-04 13:47:00,1,12.75,250,1,2,1,4,Other
16454,2011-10-06 16:57:00,2011-10-26 11:40:00,2,6.9,45,3,3,1,7,Other
14792,2011-10-07 09:19:00,2011-10-07 09:19:00,1,6.2,64,3,1,1,5,Other
16738,2011-02-15 09:46:00,2011-02-15 09:46:00,1,3.75,298,1,2,1,4,Other
