stock_code,description,gross_sales_gbp,units,invoices
DOT,DOTCOM POSTAGE,206248.77,706,706
22423,REGENCY CAKESTAND 3 TIER,174156.54,13851,1988
23843,"PAPER CRAFT , LITTLE BIRDIE",168469.6,80995,1
85123A,WHITE HANGING HEART T-LIGHT HOLDER,104284.24,37580,2189
47566,PARTY BUNTING,99445.23,18283,1685
85099B,JUMBO BAG RED RETROSPOT,94159.81,48371,2089
23166,MEDIUM CERAMIC TOP STORAGE JAR,81700.92000000001,78033,247
POST,POSTAGE,78101.88,3150,1126
M,Manual,77750.27,6984,289
23084,RABBIT NIGHT LIGHT,66870.03,30739,994
22086,PAPER CHAIN KIT 50'S CHRISTMAS,64875.590000000004,19329,1160
84879,ASSORTED COLOUR BIRD ORNAMENT,58927.62,36362,1455
79321,CHILLI LIGHTS,54096.36,10302,661
23298,SPOTTY BUNTING,42513.48,8320,1140
22386,JUMBO BAG PINK POLKADOT,42401.01,21448,1218
21137,BLACK RECORD COVER FRAME,40633.38,11651,375
22502,PICNIC BASKET WICKER 60 PIECES,39619.5,61,2
23284,DOORMAT KEEP CALM AND COME IN,38133.64,5487,728
22720,SET OF 3 CAKE TINS PANTRY DESIGN,38108.89,7483,1385
22960,JAM MAKING SET WITH JARS,37082.13,8695,1132
82484,WOOD BLACK BOARD ANT WHITE FINISH,35966.92,6012,685
20725,LUNCH BAG RED RETROSPOT,35572.36,19232,1564
22197,POPCORN HOLDER,34288.67,36749,803
22178,VICTORIAN GLASS HANGING T-LIGHT,33146.82,24275,1037
22114,HOT WATER BOTTLE TEA AND SYMPATHY,32973.44,5740,643
22910,PAPER CHAIN KIT VINTAGE CHRISTMAS,32843.840000000004,10594,820
22112,CHOCOLATE HOT WATER BOTTLE,32826.58,6017,858
85099F,JUMBO BAG STRAWBERRY,32495.59,17237,812
22469,HEART OF WICKER SMALL,32094.6,17963,1201
23245,SET OF 3 REGENCY CAKE TINS,31118.550000000003,6345,873
21931,JUMBO STORAGE BAG SUKI,30764.01,13651,1184
22727,ALARM CLOCK BAKELIKE RED,30644.87,7800,1051
23199,JUMBO BAG APPLES,30450.690000000002,14908,978
22470,HEART OF WICKER LARGE,30098.11,9887,925
22355,CHARLOTTE BAG SUKI DESIGN,29254.149999999998,18124,882
22699,ROSES REGENCY TEACUP AND SAUCER,29056.920000000002,9864,1065
23355,HOT WATER BOTTLE KEEP CALM,28718.800000000003,5816,782
22411,JUMBO SHOPPER VINTAGE RED PAISLEY,28577.1,12574,1175
20685,DOORMAT RED RETROSPOT,28049.54,4088,696
85099C,JUMBO  BAG BAROQUE BLACK WHITE,28047.74,13900,933
22457,NATURAL SLATE HEART CHALKBOARD,27991.61,9119,1249
23201,JUMBO BAG ALPHABET,27850.83,13366,906
22726,ALARM CLOCK BAKELIKE GREEN,27155.28,6419,980
84347,ROTATING SILVER ANGELS T-LIGHT HLDR,26425.579999999998,9461,449
21915,RED  HARMONICA IN BOX,26294.08,21903,661
22666,RECIPE BOX PANTRY YELLOW DESIGN,26219.95,8269,1111
21175,GIN + TONIC DIET METAL SIGN,25792.47,11709,759
22629,SPACEBOY LUNCH BOX,25719.02,14249,900
22961,JAM MAKING SET PRINTED,25637.78,16396,1162
48138,DOORMAT UNION FLAG,25534.15,3751,616
21181,PLEASE ONE PERSON METAL SIGN,25225.480000000003,12274,845
23173,REGENCY TEAPOT ROSES,24879.13,2766,416
21621,VINTAGE UNION JACK BUNTING,24525.83,2787,475
23203,JUMBO BAG VINTAGE DOILY,24489.08,11448,711
22111,SCOTTIE DOG HOT WATER BOTTLE,24455.39,4655,771
22722,SET OF 6 SPICE TINS PANTRY DESIGN,24436.260000000002,5966,834
22326,ROUND SNACK BOXES SET OF4 WOODLAND,24364.870000000003,8535,732
22138,BAKING SET 9 PIECE RETROSPOT,24185.27,4937,934
48187,DOORMAT NEW ENGLAND,24108.39,3807,600
21731,RED TOADSTOOL LED NIGHT LIGHT,23919.78,14001,849
48185,DOORMAT FAIRY CAKE,23872.91,3615,365
23344,JUMBO BAG 50'S CHRISTMAS,23772.07,10285,716
23243,SET OF TEA COFFEE SUGAR TINS PANTRY,23489.420000000002,4800,470
22189,CREAM HEART CARD HOLDER,23435.82,8284,524
21733,RED HANGING HEART T-LIGHT HOLDER,23199.24,7872,741
21929,JUMBO BAG PINK VINTAGE PAISLEY,23179.06,11006,865
82482,WOODEN PICTURE FRAME WHITE FINISH,23057.06,8986,1100
20713,JUMBO BAG OWLS,23001.06,11429,657
21623,VINTAGE UNION JACK MEMOBOARD,22980.239999999998,3269,221
22139,RETROSPOT TEA SET CERAMIC 11 PC,22868.260000000002,4518,962
22090,PAPER BUNTING RETROSPOT,22785.06,7562,798
22697,GREEN REGENCY TEACUP AND SAUCER,22755.5,7278,1013
85066,CREAM SWEETHEART MINI CHEST,22594.2,1784,519
20727,LUNCH BAG  BLACK SKULL.,22346.96,12195,1273
15056N,EDWARDIAN PARASOL NATURAL,22152.690000000002,3950,456
48194,DOORMAT HEARTS,22114.42,3416,592
20712,JUMBO BAG WOODLAND ANIMALS,22092.42,9773,863
84029E,RED WOOLLY HOTTIE WHITE HEART.,22025.73,4734,429
23202,JUMBO BAG VINTAGE LEAF,21810.43,10941,879
20724,RED RETROSPOT CHARLOTTE BAG,21773.39,17761,1032
20728,LUNCH BAG CARS BLUE,21699.48,11786,1150
22630,DOLLY GIRL LUNCH BOX,21609.789999999997,11780,850
21523,DOORMAT FANCY FONT HOME SWEET HOME,21593.74,3245,502
21843,RED RETROSPOT CAKE STAND,21354.3,2012,539
21212,PACK OF 72 RETROSPOT CAKE CASES,21246.45,36396,1320
21166,COOK WITH WINE METAL SIGN,20874.440000000002,10324,723
23206,LUNCH BAG APPLE DESIGN,20852.579999999998,12147,1036
22659,LUNCH BOX I LOVE LONDON,20781.649999999998,11504,707
22728,ALARM CLOCK BAKELIKE PINK,20672.15,5356,783
21479,WHITE SKULL HOT WATER BOTTLE,20582.2,3915,499
82494L,WOODEN FRAME ANTIQUE WHITE,19599.49,6735,910
84946,ANTIQUE SILVER T-LIGHT GLASS,19381.62,14664,689
22501,PICNIC BASKET WICKER LARGE,19302.26,1602,445
22328,ROUND SNACK BOXES SET OF 4 FRUITS,19094.97,6835,581
22467,GUMBALL COAT RACK,18798.670000000002,7926,681
22969,HOMEMADE JAM SCENTED CANDLES,18771.149999999998,12520,646
22383,LUNCH BAG SUKI DESIGN,18699.43,10301,1084
15036,ASSORTED COLOURS SILK FAN,18569.84,23826,518
20726,LUNCH BAG WOODLAND,18283.78,9909,1017
21108,FAIRY CAKE FLANNEL ASSORTED COLOUR,18056.280000000002,10241,262
22382,LUNCH BAG SPACEBOY DESIGN,18031.31,10427,1157
22693,GROW A FLYTRAP OR SUNFLOWER IN TIN,17927.45,16244,305
22835,HOT WATER BOTTLE I AM SO POORLY,17892.96,3441,657
22865,HAND WARMER OWL DESIGN,17786.13,8439,654
21485,RETROSPOT HEART HOT WATER BOTTLE,17663.98,3524,623
20914,SET/5 RED RETROSPOT LID GLASS BOWLS,17623.350000000002,6073,879
22698,PINK REGENCY TEACUP AND SAUCER,17445.56,5788,765
22384,LUNCH BAG PINK POLKADOT,17388.99,10487,1090
23203,JUMBO BAG DOILEY PATTERNS,17268.69,8893,514
21928,JUMBO BAG SCANDINAVIAN BLUE PAISLEY,17239.69,8411,662
22077,6 RIBBONS RUSTIC CHARM,17186.62,9172,955
22385,JUMBO BAG SPACEBOY DESIGN,17071.59,8666,686
71477,COLOUR GLASS. STAR T-LIGHT HOLDER,17069.7,5736,264
22197,SMALL POPCORN HOLDER,17045.8,20149,589
82583,HOT BATHS METAL SIGN,16946.260000000002,7258,609
22492,MINI PAINT SET VINTAGE,16937.82,26633,380
21754,HOME BUILDING BLOCK WORD,16923.47,2759,777
20719,WOODLAND CHARLOTTE BAG,16744.45,13290,833
22993,SET OF 4 PANTRY JELLY MOULDS,16478.48,12649,1073
84978,HANGING HEART JAR T-LIGHT HOLDER,16453.78,12493,728
22624,IVORY KITCHEN SCALES,16378.710000000001,1883,711
84078A,SET/4 WHITE RETRO STORAGE CUBES,16363.300000000001,415,155
23301,GARDENERS KNEELING PAD KEEP CALM,16327.349999999999,8807,913
84029G,KNITTED UNION FLAG HOT WATER BOTTLE,16148.04,3319,459
85152,HAND OVER THE CHOCOLATE   SIGN,15928.730000000001,8246,677
15056BL,EDWARDIAN PARASOL BLACK,15828.84,2844,321
23313,VINTAGE CHRISTMAS BUNTING,15798.66,2990,401
22379,RECYCLING BAG RETROSPOT,15607.59,6896,748
82483,WOOD 2 DRAWER CABINET WHITE FINISH,15123.92,2386,543
22084,PAPER CHAIN KIT EMPIRE,15099.37,5181,436
22900,SET 2 TEA TOWELS I LOVE LONDON,14938.43,4907,533
84997D,CHILDRENS CUTLERY POLKADOT PINK,14493.640000000001,3666,358
22752,SET 7 BABUSHKA NESTING BOXES,14427.970000000001,1787,380
22866,HAND WARMER SCOTTY DOG DESIGN,14366.52,6611,548
22847,BREAD BIN DINER STYLE IVORY,14329.539999999999,901,375
48184,DOORMAT ENGLISH ROSE,14300.15,2035,407
22507,MEMO BOARD RETROSPOT  DESIGN,14193.35,2960,459
23200,JUMBO BAG PEARS,14188.960000000001,7067,595
21232,STRAWBERRY CERAMIC TRINKET BOX,14117.58,10473,706
22625,RED KITCHEN SCALES,14082.2,1620,546
22867,HAND WARMER BIRD DESIGN,14061.890000000001,6433,554
22083,PAPER CHAIN KIT RETROSPOT,14051.640000000001,4616,610
21930,JUMBO STORAGE BAG SKULLS,14006.2,6438,705
23343,JUMBO BAG VINTAGE CHRISTMAS,13972.710000000001,6078,476
22622,BOX OF VINTAGE ALPHABET BLOCKS,13931.31,1342,267
20971,PINK BLUE FELT CRAFT TRINKET BOX,13828.1,10993,522
84077,WORLD WAR 2 GLIDERS ASSTD DESIGNS,13814.009999999998,54951,535
22941,CHRISTMAS LIGHTS 10 REINDEER,13795.92,1670,311
AMAZONFEE,AMAZON FEE,13761.09,2,2
23077,DOUGHNUT LIP GLOSS,13695.77,10395,344
22171,3 HOOK PHOTO SHELF ANTIQUE WHITE,13611.81,1794,382
22551,PLASTERS IN TIN SPACEBOY,13602.109999999999,8074,673
21524,DOORMAT SPOTTY HOME SWEET HOME,13572.06,1752,480
23356,LOVE HOT WATER BOTTLE,13334.320000000002,2359,476
22554,PLASTERS IN TIN WOODLAND ANIMALS,13328.269999999999,7803,704
22558,CLOTHES PEGS RETROSPOT PACK 24,13325.869999999999,8676,772
23207,LUNCH BAG ALPHABET DESIGN,13325.55,7830,740
23108,SET OF 10 LED DOLLY LIGHTS,13290.519999999999,2219,372
23328,SET 6 SCHOOL MILK BOTTLES IN CRATE,13269.49,2841,405
22499,WOODEN UNION JACK BUNTING,12792.25,2091,407
22113,GREY HEART HOT WATER BOTTLE,12763.08,3220,561
22427,ENAMEL FLOWER JUG CREAM,12647.26,2106,506
20750,RED RETROSPOT MINI CASES,12634.98,1747,385
20749,ASSORTED COLOUR MINI CASES,12550.57,1762,383
20723,STRAWBERRY CHARLOTTE BAG,12548.15,9793,722
22607,WOODEN ROUNDERS GARDEN SET,12531.57,1327,358
21790,VINTAGE SNAP CARDS,12510.009999999998,14521,926
22188,BLACK HEART CARD HOLDER,12483.220000000001,4870,189
21755,LOVE BUILDING BLOCK WORD,12435.86,2011,629
22568,FELTCRAFT CUSHION OWL,12413.89,3373,470
22424,ENAMEL BREAD BIN CREAM,12358.33,873,454
22149,FELTCRAFT 6 FLOWER FRIENDS,12357.08,6070,547
23174,REGENCY SUGAR BOWL GREEN,12342.43,3055,322
21977,PACK OF 60 PINK PAISLEY CAKE CASES,12226.32,24820,869
48188,DOORMAT WELCOME PUPPIES,12107.02,2064,287
47590B,PINK HAPPY BIRTHDAY BUNTING,12050.12,2323,393
22273,FELTCRAFT DOLL MOLLY,12001.59,4509,331
22191,IVORY DINER WALL CLOCK,11911.65,1445,415
21430,SET/3 RED GINGHAM ROSE STORAGE BOX,11905.95,3034,477
82486,WOOD S/3 CABINET ANT WHITE FINISH,11885.98,1402,403
22087,PAPER BUNTING WHITE LACE,11872.58,4082,326
22193,RED DINER WALL CLOCK,11857.07,1400,460
22158,3 HEARTS HANGING DECORATION RUSTIC,11797.380000000001,3413,303
22502,PICNIC BASKET WICKER SMALL,11789.27,1876,461
23300,GARDENERS KNEELING PAD CUP OF TEA,11785.99,6809,758
21936,RED RETROSPOT PICNIC BAG,11665.19,3985,531
23581,JUMBO BAG PAISLEY PARK,11581.83,5020,338
22692,DOORMAT WELCOME TO OUR HOME,11539.06,1522,443
21217,RED RETROSPOT ROUND CAKE TINS,11522.439999999999,1088,344
22730,ALARM CLOCK BAKELIKE IVORY,11453.4,2885,570
21481,FAWN BLUE HOT WATER BOTTLE,11443.87,3307,490
22356,CHARLOTTE BAG PINK POLKADOT,11417.74,9716,742
21216,"SET 3 RETROSPOT TEA,COFFEE,SUGAR",11382.81,2128,430
22041,"RECORD FRAME 7"" SINGLE SIZE",11354.56,4374,361
21080,SET/20 RED RETROSPOT PAPER NAPKINS,11312.56,13202,986
21340,CLASSIC METAL BIRDCAGE PLANT HOLDER,11300.02,975,290
22605,WOODEN CROQUET GARDEN SET,11276.21,782,299
47566B,TEA TIME PARTY BUNTING,11275.27,2379,365
22570,FELTCRAFT CUSHION RABBIT,11204.97,3086,386
23170,REGENCY TEA PLATE ROSES,11097.249999999998,6857,445
22413,METAL SIGN TAKE IT OR LEAVE IT,11095.94,3774,412
B,Adjust bad debt,11062.06,1,1
22662,LUNCH BAG DOLLY GIRL DESIGN,11060.88,6706,682
20711,JUMBO BAG TOYS,11014.62,5007,522
85014B,RED RETROSPOT UMBRELLA,10952.2,1910,350
85048,15CM CHRISTMAS GLASS BALL 20 LIGHTS,10910.61,1359,261
22988,SOLDIERS EGG CUP,10858.31,9073,418
23209,LUNCH BAG VINTAGE DOILY,10797.0,6548,601
22617,BAKING SET SPACEBOY DESIGN,10745.050000000001,2209,464
22846,BREAD BIN DINER STYLE RED,10676.619999999999,665,278
22734,SET OF 6 RIBBONS VINTAGE CHRISTMAS,10610.04,3261,422
21891,TRADITIONAL WOODEN SKIPPING ROPE,10504.85,8130,425
21791,VINTAGE HEADS AND TAILS CARD GAME,10504.4,7864,607
23209,LUNCH BAG DOILEY PATTERN,10502.19,6551,492
47590A,BLUE HAPPY BIRTHDAY BUNTING,10491.75,1990,390
84755,COLOUR GLASS T-LIGHT HOLDER HANGING,10487.050000000001,16401,621
23208,LUNCH BAG VINTAGE LEAF DESIGN,10441.91,6308,668
22992,REVOLVER WOODEN RULER,10373.99,5233,348
22169,FAMILY ALBUM WHITE PICTURE FRAME,10345.76,1197,372
21914,BLUE HARMONICA IN BOX,10339.81,7876,603
84997B,CHILDRENS CUTLERY RETROSPOT RED,10316.86,2634,262
84947,ANTIQUE SILVER TEA GLASS ENGRAVED,10229.77,8652,347
23582,VINTAGE DOILY JUMBO BAG RED,10206.41,4802,259
82600,NO SINGING METAL SIGN,10193.76,4788,496
84997C,CHILDRENS CUTLERY POLKADOT BLUE,10150.76,2582,233
22970,LONDON BUS COFFEE MUG,10140.6,4334,317
21218,RED SPOTTY BISCUIT TIN,10116.49,2433,394
22569,FELTCRAFT CUSHION BUTTERFLY,10110.83,2759,348
22556,PLASTERS IN TIN CIRCUS PARADE,10061.859999999999,6113,571
22621,TRADITIONAL KNITTING NANCY,10053.65,6148,609
23171,REGENCY TEA PLATE GREEN,10051.99,6247,381
22633,HAND WARMER UNION JACK,10023.720000000001,4851,479
20679,EDWARDIAN PARASOL RED,10021.42,1710,326
48173C,DOORMAT BLACK FLOCK,10000.66,1799,188
22690,DOORMAT HOME SWEET HOME BLUE,9943.7,1619,285
23076,ICE CREAM SUNDAE LIP GLOSS,9935.76,8076,277
22619,SET OF 6 SOLDIER SKITTLES,9895.04,2480,443
22654,DELUXE SEWING KIT,9893.0,1411,328
22791,T-LIGHT GLASS FLUTED ANTIQUE,9873.880000000001,7955,345
22555,PLASTERS IN TIN STRONGMAN,9841.829999999998,6010,515
21314,SMALL GLASS HEART TRINKET POT,9798.980000000001,4246,541
22838,3 TIER CAKE TIN RED AND CREAM,9765.11,689,168
22766,PHOTO FRAME CORNICE,9755.09,3267,504
22561,WOODEN SCHOOL COLOURING SET,9741.57,5883,433
21559,STRAWBERRY LUNCH BOX WITH CUTLERY,9735.38,3933,573
23240,SET OF 4 KNICK KNACK TINS DOILY,9726.480000000001,2352,353
22776,SWEETHEART CAKESTAND 3 TIER,9687.3,958,377
22144,CHRISTMAS CRAFT LITTLE FRIENDS,9662.28,4073,544
22844,VINTAGE CREAM DOG FOOD CONTAINER,9661.32,1003,416
23175,REGENCY MILK JUG PINK,9587.15,3160,329
22560,TRADITIONAL MODELLING CLAY,9572.32,8144,389
22978,PANTRY ROLLING PIN,9564.98,2464,238
22456,NATURAL SLATE CHALKBOARD LARGE,9534.67,1727,476
35970,ZINC FOLKART SLEIGH BELLS,9512.73,5050,456
22952,60 CAKE CASES VINTAGE CHRISTMAS,9498.87,16032,618
21174,POTTERING IN THE SHED METAL SIGN,9405.76,4175,538
85150,LADIES & GENTLEMEN METAL SIGN,9383.43,4037,478
84375,SET OF 20 KIDS COOKIE CUTTERS,9383.150000000001,4311,517
21155,RED RETROSPOT PEG BAG,9296.3,3155,485
23319,BOX OF 6 MINI 50'S CRACKERS,9219.53,3720,403
22749,FELTCRAFT PRINCESS CHARLOTTE DOLL,9216.16,2362,449
22966,GINGERBREAD MAN COOKIE CUTTER,9202.15,7440,670
84991,60 TEATIME FAIRY CAKE CASES,9169.970000000001,18189,828
23318,BOX OF 6 MINI VINTAGE CRACKERS,9162.41,3809,376
20972,PINK CREAM FELT CRAFT TRINKET BOX,9128.06,7337,616
23080,RED METAL BOX TOP SECRET,9117.62,1074,257
48116,DOORMAT MULTICOLOUR STRIPE,9080.68,1491,201
22729,ALARM CLOCK BAKELIKE ORANGE,9068.95,2323,445
22759,SET OF 3 NOTEBOOKS IN PARCEL,9027.439999999999,5435,422
22989,SET 2 PANTRY DESIGN TEA TOWELS,8999.27,2811,372
22771,CLEAR DRAWER KNOB ACRYLIC EDWARDIAN,8930.44,6539,441
23322,LARGE WHITE HEART OF WICKER,8878.210000000001,3069,562
82582,AREA PATROLLED METAL SIGN,8858.79,4365,437
23439,HAND WARMER RED LOVE HEART,8855.51,3986,397
21889,WOODEN BOX OF DOMINOES,8847.29,6390,587
22632,HAND WARMER RED RETROSPOT,8757.830000000002,4348,374
84945,MULTI COLOUR SILVER T-LIGHT HOLDER,8744.43,10545,347
22947,WOODEN ADVENT CALENDAR RED,8714.24,746,137
22147,FELTCRAFT BUTTERFLY HEARTS,8621.14,6226,481
22652,TRAVEL SEWING KIT,8612.07,5091,467
22795,SWEETHEART RECIPE BOOK STAND,8571.25,1211,368
71459,HANGING JAM JAR T-LIGHT HOLDER,8560.84,10792,348
23082,SET 6 PAPER TABLE LANTERN HEARTS,8558.76,2328,297
23078,ICE CREAM PEN LIP GLOSS,8553.34,6831,257
21035,SET/2 RED RETROSPOT TEA TOWELS,8536.85,2599,394
84378,SET OF 3 HEART COOKIE CUTTERS,8518.4,6332,685
23256,CHILDRENS CUTLERY SPACEBOY,8517.67,2077,360
23493,VINTAGE DOILY TRAVEL SEWING KIT,8497.98,3964,415
21484,CHICK GREY HOT WATER BOTTLE,8495.42,1871,402
23321,SMALL WHITE HEART OF WICKER,8438.539999999999,4716,629
21213,PACK OF 72 SKULL CAKE CASES,8414.59,15169,663
21210,SET OF 72 RETROSPOT PAPER  DOILIES,8368.39,5808,453
22768,FAMILY PHOTO FRAME CORNICE,8258.59,867,260
72741,GRAND CHOCOLATECANDLE,8196.0,5958,292
22192,BLUE DINER WALL CLOCK,8189.29,954,365
22725,ALARM CLOCK BAKELIKE CHOCOLATE,8153.6,1980,428
84380,SET OF 3 BUTTERFLY COOKIE CUTTERS,8153.56,5799,688
22655,VINTAGE RED KITCHEN CABINET,8125.0,60,38
22667,RECIPE BOX RETROSPOT,8045.1,2882,464
22909,SET OF 20 VINTAGE CHRISTMAS NAPKINS,8041.179999999999,8976,610
71053,WHITE METAL LANTERN,8037.7699999999995,1875,307
21121,SET/10 RED POLKADOT PARTY CANDLES,7998.85,6606,379
22616,PACK OF 12 LONDON TISSUES,7975.98,26119,512
21770,OPEN CLOSED METAL SIGN,7923.93,1638,388
22487,WHITE WOOD GARDEN PLANT LADDER,7909.28,784,429
22940,FELTCRAFT CHRISTMAS FAIRY,7890.25,1915,321
22352,LUNCH BOX WITH CUTLERY RETROSPOT,7860.969999999999,3088,482
22968,ROSE COTTAGE KEEPSAKE BOX,7851.98,794,189
21136,PAINTED METAL PEARS ASSORTED,7793.139999999999,4687,370
23238,SET OF 4 KNICK KNACK TINS LONDON,7771.610000000001,1849,274
22173,METAL 4 HOOK HANGER FRENCH CHATEAU,7767.8,2444,493
22557,PLASTERS IN TIN VINTAGE PAISLEY,7762.239999999999,4712,566
21908,CHOCOLATE THIS WAY METAL SIGN,7752.22,3771,468
23204,CHARLOTTE BAG APPLES DESIGN,7741.94,7976,583
23007,SPACEBOY BABY GIFT SET,7741.749999999999,498,184
48111,DOORMAT 3 SMILEY CATS,7708.48,1172,233
21258,VICTORIAN SEWING BOX LARGE,7674.799999999999,532,163
84406B,CREAM CUPID HEARTS COAT HANGER,7653.17,2015,284
84970S,HANGING HEART ZINC T-LIGHT HOLDER,7650.3099999999995,8879,537
84949,SILVER HANGING T-LIGHT HOLDER,7622.639999999999,4789,290
21231,SWEETHEART CERAMIC TRINKET BOX,7617.280000000001,6054,509
22991,GIRAFFE WOODEN RULER,7604.889999999999,3887,274
21955,DOORMAT UNION JACK GUNS AND ROSES,7580.82,1228,206
22585,PACK OF 6 BIRDY GIFT TAGS,7547.89,6221,395
22627,MINT KITCHEN SCALES,7521.89,852,357
22367,CHILDRENS APRON SPACEBOY DESIGN,7508.58,3749,550
22750,FELTCRAFT PRINCESS LOLA DOLL,7491.83,2001,413
21668,RED STRIPE CERAMIC DRAWER KNOB,7481.16,5494,437
22381,TOY TIDY PINK POLKADOT,7433.74,3439,469
84836,ZINC METAL HEART DECORATION,7418.07,5937,535
22741,FUNKY DIVA PEN,7363.86,8547,233
23382,BOX OF 6 CHRISTMAS CAKE DECORATIONS,7356.18,1875,220
21169,YOU'RE CONFUSING ME METAL SIGN,7301.7699999999995,4413,450
23083,SET 6 PAPER TABLE LANTERN STARS,7250.900000000001,1932,246
23240,SET OF 4 KNICK KNACK TINS DOILEY,7248.79,1819,182
20969,RED FLORAL FELTCRAFT SHOULDER BAG,7229.43,1960,305
22631,CIRCUS PARADE LUNCH BOX,7199.57,3677,396
22485,SET OF 2 WOODEN MARKET CRATES,7190.349999999999,526,208
22767,TRIPLE PHOTO FRAME CORNICE,7173.549999999999,774,218
22634,CHILDS BREAKFAST SET SPACEBOY,7161.3,763,222
21787,RAIN PONCHO RETROSPOT,7161.1,8875,243
22553,PLASTERS IN TIN SKULLS,7132.119999999999,4242,560
22637,PIGGY BANK RETROSPOT,7111.18,2760,329
22834,HAND WARMER BABUSHKA DESIGN,7105.33,4941,368
21669,BLUE STRIPE CERAMIC DRAWER KNOB,7091.15,5252,425
22505,MEMO BOARD COTTAGE DESIGN,7084.42,1457,311
21259,VICTORIAN SEWING BOX SMALL,7077.200000000001,1179,285
22950,36 DOILIES VINTAGE CHRISTMAS,7060.28,5171,177
23320,GIANT 50'S CHRISTMAS CRACKER,7053.57,2661,333
22663,JUMBO BAG DOLLY GIRL DESIGN,7051.2,3419,450
C2,CARRIAGE,7051.0,142,141
21912,VINTAGE SNAKES & LADDERS,7047.7,1786,396
22333,RETROSPOT PARTY BAG + STICKER SET,7043.94,4492,317
23215,JINGLE BELL HEART ANTIQUE SILVER,7038.400000000001,3564,210
22946,WOODEN ADVENT CALENDAR CREAM,7030.22,453,137
23293,SET OF 12 FAIRY CAKE BAKING CASES,6989.54,8471,552
22839,3 TIER CAKE TIN GREEN AND CREAM,6981.67,445,201
22170,PICTURE FRAME WOOD TRIPLE PORTRAIT,6977.6,1068,265
21922,UNION STRIPE WITH FRINGE  HAMMOCK,6944.360000000001,898,208
21165,BEWARE OF THE CAT METAL SIGN,6935.7,4154,449
21094,SET/6 RED SPOTTY PAPER PLATES,6933.259999999999,8758,527
21877,HOME SWEET HOME MUG,6932.78,5411,349
22109,FULL ENGLISH BREAKFAST PLATE,6921.15,1640,296
22840,ROUND CAKE TIN VINTAGE RED,6903.79,913,271
21257,VICTORIAN SEWING BOX MEDIUM,6901.42,688,261
84997A,CHILDRENS CUTLERY POLKADOT GREEN,6864.42,1728,186
21326,AGED GLASS SILVER T-LIGHT HOLDER,6859.27,10535,340
22580,ADVENT CALENDAR GINGHAM SACK,6848.1900000000005,1311,246
75049L,LARGE CIRCULAR MIRROR MOBILE,6812.98,7102,205
22294,HEART FILIGREE DOVE  SMALL,6805.08,5457,299
23297,SET 40 HEART SHAPE PETIT FOUR CASES,6792.23,4303,161
22620,4 TRADITIONAL SPINNING TOPS,6782.21,4889,483
21672,WHITE SPOT RED CERAMIC DRAWER KNOB,6776.0,4992,409
23541,WALL ART CLASSIC PUDDINGS,6762.71,864,150
22943,CHRISTMAS LIGHTS 10 VINTAGE BAUBLES,6755.47,1355,209
23254,CHILDRENS CUTLERY DOLLY GIRL,6753.71,1667,291
23008,DOLLY GIRL BABY GIFT SET,6719.61,433,133
23480,MINI LIGHTS WOODLAND MUSHROOMS,6719.14,1798,215
23247,BISCUIT TIN 50'S CHRISTMAS,6681.25,2194,309
21871,SAVE THE PLANET MUG,6679.56,5453,357
85014A,BLACK/BLUE POLKADOT UMBRELLA,6678.72,1163,278
22668,PINK BABY BUNTING,6677.969999999999,2179,345
84988,SET OF 72 PINK HEART PAPER DOILIES,6671.25,4311,510
21888,BINGO SET,6659.54,1688,378
21533,RETROSPOT LARGE MILK JUG,6651.72,1351,339
20718,RED RETROSPOT SHOPPER BAG,6604.29,4769,575
23229,VINTAGE DONKEY TAIL GAME,6550.17,1815,252
84992,72 SWEETHEART FAIRY CAKE CASES,6532.780000000001,13319,615
22508,DOORSTOP RETROSPOT HEART,6525.88,1594,296
21122,SET/10 PINK POLKADOT PARTY CANDLES,6488.54,5325,344
23311,VINTAGE CHRISTMAS STOCKING,6488.2,2390,344
22141,CHRISTMAS CRAFT TREE TOP ANGEL,6463.790000000001,2791,457
84946,ANTIQUE SILVER TEA GLASS ETCHED,6461.76,4545,216
23103,JINGLE BELL HEART DECORATION,6459.159999999999,3820,356
82486,3 DRAWER ANTIQUE WHITE WOOD CABINET,6457.94,734,202
23553,LANDMARK FRAME CAMDEN TOWN,6444.65,568,68
22804,CANDLEHOLDER PINK HANGING HEART,6438.79,2251,398
23134,LARGE ZINC HEART WALL ORGANISER,6431.110000000001,1065,38
84030E,ENGLISH ROSE HOT WATER BOTTLE,6414.69,1497,334
22635,CHILDS BREAKFAST SET DOLLY GIRL,6412.33,681,194
84970L,SINGLE HEART ZINC T-LIGHT HOLDER,6411.5199999999995,6064,457
23571,TRADITIONAL NAUGHTS & CROSSES,6406.91,2841,257
22979,PANTRY WASHING UP BRUSH,6391.82,4090,381
20676,RED RETROSPOT BOWL,6374.81,5023,448
23307,SET OF 60 PANTRY DESIGN CAKE CASES,6371.89,12049,629
22784,LANTERN CREAM GAZEBO,6360.99,1272,299
23172,REGENCY TEA PLATE PINK,6344.409999999999,3861,305
22303,COFFEE MUG APPLES DESIGN,6338.25,2816,261
22895,SET OF 2 TEA TOWELS APPLE AND PEARS,6334.3,2058,284
22151,PLACE SETTING WHITE HEART,6322.21,15126,332
21154,RED RETROSPOT OVEN GLOVE,6320.51,4034,451
21380,WOODEN HAPPY BIRTHDAY GARLAND,6307.51,2165,290
21935,SUKI  SHOULDER BAG,6298.61,3393,530
22826,LOVE SEAT ANTIQUE WHITE METAL,6210.0,58,41
23169,CLASSIC GLASS COOKIE JAR,6183.39,1437,300
23192,BUNDLE OF 3 ALPHABET EXERCISE BOOKS,6114.24,3516,345
21975,PACK OF 60 DINOSAUR CAKE CASES,6102.51,12312,601
23118,PARISIENNE JEWELLERY DRAWER,6102.18,813,258
21156,RETROSPOT CHILDRENS APRON,6091.099999999999,3170,358
21670,BLUE SPOT CERAMIC DRAWER KNOB,6083.99,4328,374
21671,RED SPOT CERAMIC DRAWER KNOB,6054.79,4402,369
47591D,PINK FAIRY CAKE CHILDRENS APRON,6052.45,3207,439
47556B,TEA TIME TEA TOWELS,6045.0,2600,2
21673,WHITE SPOT BLUE CERAMIC DRAWER KNOB,6041.2,4372,365
23534,WALL ART STOP FOR TEA,6036.2,869,219
22366,DOORMAT AIRMAIL,6034.9,800,220
17003,BROCADE RING PURSE,6025.95,23020,239
48129,DOORMAT TOPIARY,6009.84,904,205
21535,RED RETROSPOT SMALL MILK JUG,5986.01,2487,343
23296,SET OF 6 TEA TIME BAKING CASES,5985.55,4979,378
22174,PHOTO CUBE,5978.78,3218,321
23312,VINTAGE CHRISTMAS GIFT SACK,5964.150000000001,1423,214
22783,SET 3 WICKER OVAL BASKETS W LIDS,5961.25,463,33
23535,WALL ART BICYCLE SAFETY,5954.15,845,173
23052,RECYCLED ACAPULCO MAT TURQUOISE,5949.34,654,278
22150,3 STRIPEY MICE FELTCRAFT,5907.84,3021,468
23113,PANTRY CHOPPING BOARD,5868.5,1154,57
22971,QUEENS GUARD COFFEE MUG,5849.29,2431,272
23485,BOTANICAL GARDENS WALL CLOCK,5843.92,262,83
23154,SET OF 4 JAM JAR MAGNETS,5842.88,2701,235
22207,FRYING PAN UNION FLAG,5833.59,1333,208
22751,FELTCRAFT PRINCESS OLIVIA DOLL,5801.47,1563,290
22740,POLKADOT PEN,5793.62,6842,170
22779,WOODEN OWLS LIGHT GARLAND,5789.85,1537,149
22796,PHOTO FRAME 3 CLASSIC HANGING,5787.45,582,232
22365,DOORMAT RESPECTABLE HOUSE,5754.03,789,179
84997B,RED 3 PIECE RETROSPOT CUTLERY SET,5729.110000000001,1580,108
62018,SOMBRERO,5716.85,4415,61
21242,RED RETROSPOT PLATE,5699.71,3373,304
22646,CERAMIC STRAWBERRY CAKE MONEY BANK,5684.17,4160,390
22907,PACK OF 20 NAPKINS PANTRY DESIGN,5670.0,6573,670
22088,PAPER BUNTING COLOURED LACE,5661.05,1893,238
22837,HOT WATER BOTTLE BABUSHKA,5620.7300000000005,1165,177
22418,10 COLOUR SPACEBOY PEN,5585.45,6564,318
22488,NATURAL SLATE RECTANGLE CHALKBOARD,5573.679999999999,3195,415
22798,ANTIQUE GLASS DRESSING TABLE POT,5561.3,1798,267
21558,SKULL LUNCH BOX WITH CUTLERY,5550.219999999999,2131,412
23531,WALL ART BIG LOVE,5538.26,976,112
23133,LARGE IVORY HEART WALL ORGANISER,5525.4,782,155
23177,TREASURE ISLAND BOOK BOX,5521.29,2532,267
23158,SET OF 5 LUCKY CAT MAGNETS,5513.83,2633,255
22429,ENAMEL MEASURING JUG CREAM,5507.18,1262,376
23583,LUNCH BAG PAISLEY PARK,5497.33,3385,325
22464,HANGING METAL HEART LANTERN,5485.629999999999,3402,351
22964,3 PIECE SPACEBOY COOKIE CUTTER SET,5472.6900000000005,2624,378
22904,CALENDAR PAPER CUT DESIGN,5467.26,1834,271
22297,HEART IVORY TRELLIS SMALL,5459.91,4164,378
23135,SMALL ZINC HEART WALL ORGANISER,5416.18,1541,45
22827,RUSTIC  SEVENTEEN DRAWER SIDEBOARD,5415.0,35,26
23205,CHARLOTTE BAG VINTAGE ALPHABET,5405.88,5457,445
22584,PACK OF 6 PANNETONE GIFT BOXES,5398.33,2097,178
22845,VINTAGE CREAM CAT FOOD CONTAINER,5396.929999999999,802,316
22349,DOG BOWL CHASING BALL DESIGN,5381.5199999999995,1366,131
23494,VINTAGE DOILY DELUXE SEWING KIT,5354.01,809,205
21172,PARTY METAL SIGN,5338.63,3485,467
22998,TRAVEL CARD WALLET KEEP CALM,5262.82,12366,534
22296,HEART IVORY TRELLIS LARGE,5247.719999999999,3140,318
22120,WELCOME  WOODEN BLOCK LETTERS,5247.09,523,188
22623,BOX OF VINTAGE JIGSAW BLOCKS,5236.31,937,235
84997D,PINK 3 PIECE POLKADOT CUTLERY SET,5234.56,1437,115
22848,BREAD BIN DINER STYLE PINK,5208.45,323,128
22665,RECIPE BOX BLUE SKETCHBOOK DESIGN,5192.08,1516,356
22781,GUMBALL MAGAZINE RACK,5191.01,621,232
22689,DOORMAT MERRY CHRISTMAS RED,5176.25,673,146
21844,RED RETROSPOT MUG,5167.6900000000005,1847,156
21428,SET3 BOOK BOX GREEN GINGHAM FLOWER,5163.63,1207,262
21164,HOME SWEET HOME METAL SIGN,5155.9800000000005,1766,282
22898,CHILDRENS APRON APPLES DESIGN,5150.92,2414,365
23263,SET OF 3 WOODEN HEART DECORATIONS,5147.19,3863,445
23162,REGENCY TEA STRAINER,5143.6900000000005,1412,176
23157,SET OF 6 NATIVITY MAGNETS,5143.06,2557,163
23165,LARGE CERAMIC TOP STORAGE JAR,5141.0599999999995,3114,280
23132,SMALL IVORY HEART WALL ORGANISER,5138.6,1020,152
22302,COFFEE MUG PEARS  DESIGN,5134.29,2329,212
37449,CERAMIC CAKE STAND + HANGING CAKES,5117.29,563,154
22772,PINK DRAWER KNOB ACRYLIC EDWARDIAN,5116.7,3793,254
22595,GINGHAM HEART DECORATION,5114.41,6139,413
23397,FOOT STOOL HOME SWEET HOME,5097.65,489,217
23234,BISCUIT TIN VINTAGE CHRISTMAS,5079.78,1722,277
21098,CHRISTMAS TOILET ROLL,5078.76,3719,248
23295,SET OF 12 MINI LOAF BAKING CASES,5073.45,6134,444
22371,AIRLINE BAG VINTAGE TOKYO 78,5072.32,1086,392
23198,PANTRY MAGNETIC  SHOPPING LIST,5062.599999999999,3342,475
23126,FELTCRAFT GIRL AMELIE KIT,5059.14,1007,275
22780,LIGHT GARLAND BUTTERFILES PINK,5044.34,1346,132
21907,I'M ON HOLIDAY METAL SIGN,5027.18,2371,367
22957,SET 3 PAPER VINTAGE CHICK PAPER EGG,5014.650000000001,1775,214
23314,VINTAGE CHRISTMAS TABLECLOTH,5012.96,407,117
22636,CHILDS BREAKFAST SET CIRCUS PARADE,5009.56,595,198
23109,PACK OF SIX LED TEA LIGHTS,5008.26,1752,203
22271,FELTCRAFT DOLL ROSIE,5007.35,1701,301
21756,BATH BUILDING BLOCK WORD,5006.26,809,270
23310,BUBBLEGUM RING ASSORTED,4997.28,12050,245
21932,SCANDINAVIAN PAISLEY PICNIC BAG,4995.38,2720,446
23543,WALL ART KEEP CALM,4994.790000000001,967,83
22301,COFFEE MUG CAT + BIRD DESIGN,4980.83,2205,252
22849,BREAD BIN DINER STYLE MINT,4967.929999999999,319,128
21933,PINK VINTAGE PAISLEY PICNIC BAG,4957.43,2672,410
22142,CHRISTMAS CRAFT WHITE FAIRY,4946.19,3247,377
23556,LANDMARK FRAME COVENT GARDEN,4937.01,436,53
84212,"ASSORTED FLOWER COLOUR ""LEIS""",4934.87,10315,111
23570,TRADITIONAL PICK UP STICKS GAME,4931.87,2772,276
22110,BIRD HOUSE HOT WATER BOTTLE,4912.14,1172,279
21937,STRAWBERRY   PICNIC BAG,4898.849999999999,1707,251
22748,POPPY'S PLAYHOUSE KITCHEN,4880.83,2117,436
23010,CIRCUS PARADE BABY GIFT SET,4879.599999999999,315,111
23351,ROLL WRAP 50'S CHRISTMAS,4875.65,3535,354
21124,SET/10 BLUE POLKADOT PARTY CANDLES,4863.05,4011,240
23503,PLAYING CARDS KEEP CALM & CARRY ON,4860.55,3643,335
21033,JUMBO BAG CHARLIE AND LOLA TOYS,4851.73,1932,300
21086,SET/6 RED SPOTTY PAPER CUPS,4851.5,7121,428
21390,FILIGRIS HEART WITH BUTTERFLY,4848.13,3903,212
21876,POTTERING MUG,4825.36,3789,333
23554,LANDMARK FRAME OXFORD STREET,4805.53,422,57
22549,PICTURE DOMINOES,4798.38,3188,356
23555,LANDMARK FRAME NOTTING HILL,4780.57,421,50
23184,BULL DOG BOTTLE OPENER,4764.5,874,264
84050,PINK HEART SHAPE EGG FRYING PAN,4753.53,3229,256
22243,5 HOOK HANGER RED MAGIC TOADSTOOL,4751.639999999999,3098,131
23286,BLUE VINTAGE SPOT BEAKER,4747.62,5048,222
20677,PINK POLKADOT BOWL,4747.34,3674,333
21539,RED RETROSPOT BUTTER DISH,4743.900000000001,969,238
20979,36 PENCILS TUBE RED RETROSPOT,4723.7300000000005,3734,325
23569,TRADTIONAL ALPHABET STAMP SET,4717.66,954,192
23159,SET OF 5 PANCAKE DAY MAGNETS,4713.52,2293,223
22645,CERAMIC HEART FAIRY CAKE MONEY BANK,4709.74,2354,351
23558,LANDMARK FRAME LONDON BRIDGE,4703.87,415,52
23389,SPACEBOY MINI BACKPACK,4697.54,1102,233
23176,ABC TREASURE BOOK BOX,4693.08,2165,226
82001S,VINYL RECORD FRAME SILVER,4682.45,1295,101
82552,WASHROOM METAL SIGN,4674.83,3012,364
22504,CABIN BAG VINTAGE RETROSPOT,4674.62,247,68
22721,SET OF 3 CAKE TINS SKETCHBOOK,4671.81,1020,297
23241,TREASURE TIN GYMKHANA DESIGN,4669.55,2165,363
22082,RIBBON REEL STRIPES DESIGN,4661.88,2680,409
22745,POPPY'S PLAYHOUSE BEDROOM,4661.79,2021,423
47599A,PINK PARTY BAGS,4649.5,2456,165
22606,WOODEN SKITTLES GARDEN SET,4638.46,313,142
22628,PICNIC BOXES SET OF 3 RETROSPOT,4620.91,965,190
22295,HEART FILIGREE DOVE LARGE,4613.969999999999,2789,250
21833,CAMOUFLAGE LED TORCH,4594.43,2726,168
23285,PINK VINTAGE SPOT BEAKER,4572.41,4807,191
22417,PACK OF 60 SPACEBOY CAKE CASES,4563.24,8420,520
23404,HOME SWEET HOME BLACKBOARD,4561.76,1011,169
82551,LAUNDRY 15C METAL SIGN,4542.889999999999,2918,351
20974,12 PENCILS SMALL TUBE SKULL,4527.43,6976,355
23275,SET OF 3 HANGING OWLS OLLIE BEAK,4521.72,3720,325
23163,REGENCY SUGAR TONGS,4515.22,1832,209
23112,PARISIENNE CURIO CABINET,4507.08,546,241
23309,SET OF 60 I LOVE LONDON CAKE CASES,4495.85,8275,407
22938,CUPCAKE LACE PAPER SET 6,4488.63,2367,186
21934,SKULL SHOULDER BAG,4480.28,2421,411
23167,SMALL CERAMIC TOP STORAGE JAR,4476.009999999999,5847,231
84987,SET OF 36 TEATIME PAPER DOILIES,4471.17,3051,334
21906,PHARMACIE FIRST AID TIN,4470.8099999999995,581,173
22775,PURPLE DRAWERKNOB ACRYLIC EDWARDIAN,4469.37,3105,237
22942,CHRISTMAS LIGHTS 10 SANTAS,4460.54,608,152
22089,PAPER BUNTING VINTAGE PAISLEY,4457.43,1423,272
23288,GREEN VINTAGE SPOT BEAKER,4444.2300000000005,4625,185
23530,WALL ART ONLY ONE PERSON,4406.57,1050,86
22626,BLACK KITCHEN SCALES,4401.86,517,199
20975,12 PENCILS SMALL TUBE RED RETROSPOT,4383.27,6633,362
15056P,EDWARDIAN PARASOL PINK,4354.92,776,144
84997C,BLUE 3 PIECE POLKADOT CUTLERY SET,4346.27,1201,102
23349,ROLL WRAP VINTAGE CHRISTMAS,4342.6,3221,337
16014,SMALL CHINESE STYLE SCISSOR,4335.76,13328,54
84692,BOX OF 24 COCKTAIL PARASOLS,4327.38,7903,583
22899,CHILDREN'S APRON DOLLY GIRL,4326.43,2069,313
21892,TRADITIONAL WOODEN CATCH CUP GAME,4317.16,3192,412
21498,RED RETROSPOT WRAP,4311.92,10526,336
23168,CLASSIC CAFE SUGAR DISPENSER,4311.35,3075,325
22327,ROUND SNACK BOXES SET OF 4 SKULLS,4304.25,1167,287
23050,RECYCLED ACAPULCO MAT GREEN,4286.55,497,205
22723,SET OF 6 HERB TINS SKETCHBOOK,4262.820000000001,1164,295
22694,WICKER STAR,4251.72,1842,405
20970,PINK FLORAL FELTCRAFT SHOULDER BAG,4232.13,1116,262
22061,LARGE CAKE STAND  HANGING STRAWBERY,4218.0599999999995,582,146
23089,GLASS BON BON JAR,4215.78,2354,225
22661,CHARLOTTE BAG DOLLY GIRL DESIGN,4214.95,5194,415
22801,ANTIQUE GLASS PEDESTAL BOWL,4203.89,1027,220
23144,ZINC T-LIGHT HOLDER STARS SMALL,4197.83,5089,274
23012,GLASS APOTHECARY BOTTLE PERFUME,4197.110000000001,1071,246
22550,HOLIDAY FUN LUDO,4194.89,1162,217
22813,PACK 3 BOXES BIRD PANNETONE,4188.94,2168,187
20682,RED RETROSPOT CHILDRENS UMBRELLA,4171.33,1235,237
23110,PARISIENNE KEY CABINET,4147.18,700,255
23486,ANTIQUE HEART SHELF UNIT,4145.47,275,74
72760B,VINTAGE CREAM 3 BASKET CAKE STAND,4145.389999999999,409,153
21874,GIN AND TONIC MUG,4141.179999999999,2974,295
22649,STRAWBERRY FAIRY CAKE TEAPOT,4132.88,795,200
23283,DOORMAT VINTAGE LEAF,4122.2,564,142
22596,CHRISTMAS STAR WISH LIST CHALKBOARD,4110.42,3476,262
22841,ROUND CAKE TIN VINTAGE GREEN,4101.77,529,213
23255,CHILDRENS CUTLERY CIRCUS PARADE,4097.22,1014,158
23009,I LOVE LONDON BABY GIFT SET,4082.5199999999995,263,103
23193,BUFFALO BILL TREASURE BOOK BOX,4079.28,1922,175
22577,WOODEN HEART CHRISTMAS SCANDINAVIAN,4075.3599999999997,10608,538
22489,PACK OF 12 TRADITIONAL CRAYONS,4072.13,9719,443
21116,OWL DOORSTOP,4051.79,695,251
21704,BAG 250g SWIRLY MARBLES,4039.2799999999997,5144,248
23340,VINTAGE CHRISTMAS CAKE FRILL,4034.08,2500,151
22219,LOVEBIRD HANGING DECORATION WHITE,4033.7299999999996,4133,544
72351B,SET/6 PINK  BUTTERFLY T-LIGHTS,4007.85,2096,186
23129,HEART SHAPED HOLLY WREATH,3999.5000000000005,950,172
22431,WATERING CAN BLUE ELEPHANT,3998.7099999999996,2058,334
22951,60 CAKE CASES DOLLY GIRL DESIGN,3990.2000000000003,7481,437
22493,PAINT YOUR OWN CANVAS SET,3986.64,2461,220
23306,SET OF 36 DOILIES PANTRY DESIGN,3983.6,2741,244
22956,36 FOIL HEART CAKE CASES,3983.3900000000003,2050,198
20675,BLUE POLKADOT BOWL,3983.12,3120,322
84792,ENCHANTED BIRD COATHANGER 5 HOOK,3974.32,833,241
22274,FELTCRAFT DOLL EMILY,3953.4800000000005,1340,267
22890,NOVELTY BISCUITS CAKE STAND 3 TIER,3939.87,385,165
23526,WALL ART DOG LICENCE,3939.76,604,114
22131,FOOD CONTAINER SET 3 LOVE HEART,3936.5899999999997,2031,291
23557,LANDMARK FRAME BAKER STREET,3930.27,350,32
22148,EASTER CRAFT 4 CHICKS,3917.45,1933,186
22980,PANTRY SCRUBBING BRUSH,3910.0099999999998,2363,291
22179,SET 10 NIGHT OWL LIGHTS,3908.73,505,170
23081,GREEN METAL BOX ARMY SUPPLIES,3906.25,467,135
21928,JUMBO BAG SCANDINAVIAN PAISLEY,3904.72,2057,144
23049,RECYCLED ACAPULCO MAT RED,3896.84,456,186
22117,METAL SIGN HER DINNER IS SERVED,3896.4500000000003,1320,95
21041,RED RETROSPOT OVEN GLOVE DOUBLE,3888.98,914,255
23552,BICYCLE PUNCTURE REPAIR KIT,3881.91,1863,116
22222,CAKE PLATE LOVEBIRD WHITE,3880.2,1057,222
21749,LARGE RED RETROSPOT WINDMILL,3877.09,1963,140
22578,WOODEN STAR CHRISTMAS SCANDINAVIAN,3876.5399999999995,10460,512
21716,BOYS VINTAGE TIN SEASIDE BUCKET,3872.92,1425,244
85049A,TRADITIONAL CHRISTMAS RIBBONS,3842.36,3001,323
23111,PARISIENNE SEWING BOX,3839.2400000000002,312,138
37370,RETRO COFFEE MUGS ASSORTED,3839.01,2567,159
22896,PEG BAG APPLES DESIGN,3833.3599999999997,1484,287
22738,RIBBON REEL SNOWY VILLAGE,3829.67,2173,275
22842,BISCUIT TIN VINTAGE RED,3823.21,589,162
22350,ILLUSTRATED CAT BOWL,3822.1199999999994,1410,120
21110,LARGE CAKE TOWEL PINK SPOTS,3815.7,1105,134
23194,GYMKHANA TREASURE BOOK BOX,3815.5299999999997,1715,200
21244,BLUE POLKADOT PLATE,3789.3199999999997,2282,196
22383,LUNCH BAG SUKI  DESIGN,3786.91,2217,200
23253,16 PIECE CUTLERY SET PANTRY DESIGN,3785.06,254,69
85049E,SCANDINAVIAN REDS RIBBONS,3783.61,2860,409
22809,SET OF 6 T-LIGHTS SANTA,3781.2000000000003,1240,204
21746,SMALL RED RETROSPOT WINDMILL,3766.93,3075,226
23299,FOOD COVER WITH BEADS SET 2,3761.63,1009,145
23092,LARGE ANTIQUE WHITE PHOTO FRAME,3757.78,523,135
21527,RED RETROSPOT TRADITIONAL TEAPOT,3724.9900000000002,477,144
21260,FIRST AID TIN,3722.23,1161,166
22195,LARGE HEART MEASURING SPOONS,3720.66,1976,373
23064,CINDERELLA CHANDELIER,3717.56,221,23
21658,GLASS  BEURRE DISH,3709.78,878,212
22854,CREAM SWEETHEART EGG HOLDER,3708.52,767,161
23236,STORAGE TIN VINTAGE DOILY,3704.78,1272,190
22212,FOUR HOOK  WHITE LOVEBIRDS,3700.94,1609,399
23182,TOILET SIGN OCCUPIED OR VACANT,3688.2099999999996,3741,433
22656,VINTAGE BLUE KITCHEN CABINET,3685.0,26,20
21531,RED RETROSPOT SUGAR JAM BOWL,3682.17,1516,246
23130,MISTLETOE HEART WREATH GREEN,3676.1800000000003,882,179
23013,GLASS APOTHECARY BOTTLE TONIC,3674.1600000000003,924,223
21890,S/6 WOODEN SKITTLES IN COTTON BAG,3674.11,1147,231
22926,IVORY GIANT GARDEN THERMOMETER,3656.8500000000004,594,195
85053,FRENCH ENAMEL CANDLEHOLDER,3649.4900000000002,1693,317
22378,WALL TIDY RETROSPOT,3638.5699999999997,2283,293
22468,BABUSHKA LIGHTS STRING OF 10,3633.17,517,153
22466,FAIRY TALE COTTAGE NIGHTLIGHT,3626.45,2093,94
22236,CAKE STAND 3 TIER MAGIC GARDEN,3624.5999999999995,308,88
23294,SET OF 6 SNACK LOAF BAKING CASES,3607.81,4392,354
22053,EMPIRE DESIGN ROSETTE,3606.4199999999996,4244,28
23032,DRAWER KNOB CRACKLE GLAZE IVORY,3595.3799999999997,2154,194
84968C,SET OF 16 VINTAGE PISTACHIO CUTLERY,3585.99,317,104
22348,TEA BAG PLATE RED RETROSPOT,3583.29,4084,358
23085,ANTIQUE SILVER BAUBLE LAMP,3583.23,376,78
71477,COLOURED GLASS STAR T-LIGHT HOLDER,3580.96,1012,52
23497,CLASSIC CHROME BICYCLE BELL,3578.62,2498,193
21494,ROTATING LEAVES T-LIGHT HOLDER,3571.33,1928,313
22908,PACK OF 20 NAPKINS RED APPLES,3569.58,4380,375
85132C,CHARLIE AND LOLA FIGURES TINS,3562.3199999999997,1520,211
20717,STRAWBERRY SHOPPER BAG,3561.98,2855,412
22800,ANTIQUE TALL SWIRLGLASS TRINKET POT,3560.74,870,203
22669,RED BABY BUNTING,3559.0,1128,234
22739,RIBBON REEL CHRISTMAS SOCK BAUBLE,3556.97,1818,318
23210,WHITE ROCKING HORSE HAND PAINTED,3551.53,2849,192
21974,SET OF 36 PAISLEY FLOWER DOILIES,3545.6,2219,360
23332,IVORY WICKER HEART LARGE,3542.7099999999996,2059,287
23191,BUNDLE OF 3 RETRO NOTE BOOKS,3529.8899999999994,2141,276
21703,BAG 125g SWIRLY MARBLES,3528.89,9390,294
22180,RETROSPOT LAMP,3521.54,330,155
22688,DOORMAT PEACE ON EARTH BLUE,3519.6600000000003,705,32
23091,ZINC HERB GARDEN CONTAINER,3516.64,556,204
21992,VINTAGE PAISLEY STATIONERY SET,3510.72,1901,436
23353,6 GIFT TAGS VINTAGE CHRISTMAS,3510.0499999999997,4007,327
23189,SET OF 12 FORK CANDLES,3507.51,1249,141
21715,GIRLS VINTAGE TIN SEASIDE BUCKET,3507.17,1330,231
22760,"TRAY, BREAKFAST IN BED",3491.8599999999997,275,80
21238,RED RETROSPOT CUP,3488.44,3969,387
21745,GAOLERS KEYS DECORATIVE GARDEN,3475.73,935,214
82580,BATHROOM METAL SIGN,3473.21,5881,631
22065,CHRISTMAS PUDDING TRINKET POT,3462.25,6729,241
21243,PINK  POLKADOT PLATE,3449.6,2065,185
84508A,CAMOUFLAGE DESIGN TEDDY,3448.05,1631,36
22435,SET OF 9 HEART SHAPED BALLOONS,3445.5,2757,266
23350,ROLL WRAP VINTAGE SPOT,3445.08,2712,305
23426,METAL SIGN DROP YOUR PANTS,3444.4300000000003,1275,206
21588,RETROSPOT GIANT TUBE MATCHES,3442.5,1494,132
21385,IVORY HANGING DECORATION  HEART,3442.45,3883,317
21463,MIRRORED DISCO BALL,3435.05,649,134
23354,6 GIFT TAGS 50'S CHRISTMAS,3429.3999999999996,3740,322
23156,SET OF 5 MINI GROCERY MAGNETS,3423.29,1665,205
23127,FELTCRAFT GIRL NICOLE KIT,3422.4,668,182
23014,GLASS APOTHECARY BOTTLE ELIXIR,3419.5800000000004,856,209
84509A,SET OF 4 ENGLISH ROSE PLACEMATS,3417.28,896,230
47567B,TEA TIME KITCHEN APRON,3414.5000000000005,602,133
23388,WOODLAND MINI BACKPACK,3411.34,816,152
22300,COFFEE MUG DOG + BALL DESIGN,3409.21,1528,196
21497,FANCY FONTS BIRTHDAY WRAP,3409.0,8550,230
22311,OFFICE MUG WARMER BLACK+SILVER,3403.76,1132,142
22782,SET 3 WICKER STORAGE BASKETS,3399.95,241,74
21429,RED GINGHAM ROSE JEWELLERY BOX,3391.1499999999996,1740,286
22029,SPACEBOY BIRTHDAY CARD,3387.5699999999997,8161,527
84032A,CHARLIE+LOLA PINK HOT WATER BOTTLE,3384.98,1003,313
22653,BUTTON BOX,3378.5,1876,250
23188,VINTAGE  2 METRE FOLDING RULER,3374.0499999999997,1627,152
22776,SWEETHEART 3 TIER CAKE STAND,3371.58,284,158
22812,PACK 3 BOXES CHRISTMAS PANNETONE,3359.8199999999997,1649,161
79000,MOROCCAN TEA GLASS,3357.34,4162,125
21993,FLORAL FOLK STATIONERY SET,3355.84,1937,425
22687,DOORMAT CHRISTMAS VILLAGE,3354.22,590,52
23239,SET OF 4 KNICK KNACK TINS POPPIES,3353.84,842,178
22563,HAPPY STENCIL CRAFT,3348.1800000000003,2823,281
22432,WATERING CAN PINK BUNNY,3342.8199999999997,1716,277
22165,"DIAMANTE HEART SHAPED WALL MIRROR,",3328.2,415,146
22079,RIBBON REEL HEARTS DESIGN,3325.29,1897,323
22179,SET 10 LIGHTS NIGHT OWL,3317.4700000000003,461,119
23065,LARGE DECO JEWELLERY STAND,3302.44,263,95
22855,FINE WICKER HEART,3301.73,2642,237
22962,JAM JAR WITH PINK LID,3288.11,3896,342
22244,3 HOOK HANGER MAGIC GARDEN,3276.2099999999996,1703,159
22460,EMBOSSED GLASS TEALIGHT HOLDER,3273.5,2546,211
23308,SET OF 60 VINTAGE LEAF CAKE CASES,3272.61,6139,382
22967,SET 3 SONG BIRD PAPER EGGS ASSORTED,3271.4100000000003,1171,138
21868,POTTING SHED TEA MUG,3259.75,2477,302
23395,BELLE JARDINIERE CUSHION COVER,3257.08,748,210
23053,RECYCLED ACAPULCO MAT PINK,3254.32,364,164
22567,20 DOLLY PEGS RETROSPOT,3251.6,2448,222
22187,GREEN CHRISTMAS TREE CARD HOLDER,3245.68,1266,192
22430,ENAMEL WATERING CAN CREAM,3241.34,617,195
22746,POPPY'S PLAYHOUSE LIVINGROOM,3236.5400000000004,1447,328
23051,RECYCLED ACAPULCO MAT BLUE,3223.49,365,162
23230,WRAP ALPHABET DESIGN,3217.92,7976,235
20973,12 PENCIL SMALL TUBE WOODLAND,3210.27,4497,355
23393,HOME SWEET HOME CUSHION COVER,3207.91,801,229
21135,VICTORIAN  METAL POSTCARD SPRING,3206.0,2869,177
22360,GLASS JAR ENGLISH CONFECTIONERY,3192.82,1010,214
22491,PACK OF 12 COLOURED PENCILS,3183.6299999999997,3947,219
21115,ROSE CARAVAN DOORSTOP,3162.24,562,162
23342,MINT DINER WALL CLOCK,3159.41,371,162
23035,DRAWER KNOB CERAMIC IVORY,3147.79,2155,190
23323,WHITE WICKER STAR,3146.78,1469,294
72807C,SET/3 VANILLA SCENTED CANDLE IN BOX,3145.05,721,157
22465,HANGING METAL STAR LANTERN,3141.5399999999995,2053,198
84968A,SET OF 16 VINTAGE ROSE CUTLERY,3139.2999999999997,267,98
21381,MINI WOODEN HAPPY BIRTHDAY GARLAND,3131.24,1811,224
22778,GLASS CLOCHE SMALL,3131.02,804,142
21561,DINOSAUR LUNCH BOX WITH CUTLERY,3127.38,1281,213
23346,SPACEBOY BEAKER,3112.34,2628,184
21240,BLUE POLKADOT CUP,3110.2599999999998,3570,325
20754,RETROSPOT RED WASHING UP GLOVES,3088.86,1457,304
20828,GLITTER BUTTERFLY CLIPS,3074.7799999999997,1128,241
23188,VINTAGE  2 METER FOLDING RULER,3073.72,1844,181
84997A,GREEN 3 PIECE POLKADOT CUTLERY SET,3069.46,845,74
22564,ALPHABET STENCIL CRAFT,3057.27,2697,186
23461,SWEETHEART BIRD HOUSE,3041.21,847,94
22604,SET OF 4 NAPKIN CHARMS CUTLERY,3039.66,1251,125
23329,DECORATIVE WICKER HEART LARGE,3038.1899999999996,1767,233
22972,CHILDREN'S SPACEBOY MUG,3028.0399999999995,1771,227
22894,TABLECLOTH RED APPLES DESIGN,3027.3799999999997,305,122
23242,TREASURE TIN BUFFALO BILL,3024.63,1470,214
22810,SET OF 6 T-LIGHTS SNOWMEN,3022.0800000000004,944,165
22892,SET OF SALT AND PEPPER TOADSTOOLS,3021.6,2472,199
22592,CARDHOLDER HOLLY WREATH METAL,3021.12,658,135
23237,SET OF 4 KNICK KNACK TINS LEAF,3020.61,747,123
21714,CITRONELLA CANDLE GARDEN POT,3010.65,1651,225
22945,CHRISTMAS METAL TAGS ASSORTED,3008.92,2991,172
23236,DOILEY STORAGE TIN,3004.46,1094,122
23390,DOLLY GIRL MINI BACKPACK,2992.3900000000003,739,161
21201,TROPICAL  HONEYCOMB PAPER GARLAND,2987.82,1240,101
22644,CERAMIC CHERRY CAKE MONEY BANK,2986.97,2214,276
21810,CHRISTMAS HANGING STAR WITH BELL,2981.8399999999997,5840,252
16161P,WRAP ENGLISH ROSE,2980.42,7201,248
22331,WOODLAND PARTY BAG + STICKER SET,2975.14,1840,183
21411,GINGHAM HEART  DOORSTOP RED,2961.83,785,241
21918,SET 12 KIDS COLOUR  CHALK STICKS,2950.25,7199,369
22906,12 MESSAGE CARDS WITH ENVELOPES,2947.87,1733,251
21625,VINTAGE UNION JACK APRON,2939.51,407,169
35004B,SET OF 3 BLACK FLYING DUCKS,2934.8100000000004,577,111
22777,GLASS CLOCHE LARGE,2934.53,350,57
23211,RED ROCKING HORSE HAND PAINTED,2930.57,2329,160
85174,S/4 CACTI CANDLES,2927.08,613,157
22078,RIBBON REEL LACE DESIGN,2923.21,1369,192
22990,COTTON APRON PANTRY DESIGN,2917.4300000000003,633,164
22843,BISCUIT TIN VINTAGE GREEN,2904.52,450,126
21313,GLASS HEART T-LIGHT HOLDER,2893.77,3321,214
23290,SPACEBOY CHILDRENS BOWL,2890.3500000000004,2430,214
23345,DOLLY GIRL BEAKER,2886.25,2451,174
23283,DOORMAT VINTAGE LEAVES DESIGN,2881.18,430,91
23056,FLOWERS CHANDELIER T-LIGHT HOLDER,2879.37,960,38
22774,RED DRAWER KNOB ACRYLIC EDWARDIAN,2871.75,2254,140
21990,MODERN FLORAL STATIONERY SET,2870.0,1672,366
21976,PACK OF 60 MUSHROOM CAKE CASES,2869.9,5199,393
22354,RETROSPOT PADDED SEAT CUSHION,2860.98,750,83
23427,STOOL HOME SWEET HOME,2860.58,237,114
22426,ENAMEL WASH BOWL CREAM,2855.21,742,208
22797,CHEST OF DRAWERS GINGHAM HEART,2851.3599999999997,163,91
23504,PLAYING CARDS JUBILEE UNION JACK,2848.89,1927,208
22930,BAKING MOULD HEART MILK CHOCOLATE,2846.8,1108,189
23212,HEART WREATH DECORATION WITH BELL,2845.89,2284,185
22476,EMPIRE UNION JACK TV DINNER TRAY,2839.21,880,125
85178,VICTORIAN SEWING KIT,2822.58,2518,140
47599B,BLUE PARTY BAGS,2822.32,1480,118
22380,TOY TIDY SPACEBOY,2815.46,1312,285
22072,RED RETROSPOT TEA CUP AND SAUCER,2811.17,848,162
21499,BLUE POLKADOT WRAP,2809.34,6927,217
21563,RED HEART SHAPE LOVE BUCKET,2803.13,1395,159
22762,CUPBOARD 3 DRAWER MA CAMPAGNE,2786.0299999999997,171,112
22794,SWEETHEART WIRE MAGAZINE RACK,2784.9,326,182
22224,WHITE LOVEBIRD LANTERN,2764.0600000000004,834,164
23190,BUNDLE OF 3 SCHOOL EXERCISE BOOKS,2761.8999999999996,1702,202
22963,JAM JAR WITH GREEN LID,2760.71,3266,306
22925,BLUE GIANT GARDEN THERMOMETER,2757.4700000000003,449,182
23542,WALL ART 70'S ALPHABET,2757.06,356,74
22196,SMALL HEART MEASURING SPOONS,2754.16,2847,472
23147,SINGLE ANTIQUE ROSE HOOK IVORY,2752.2,1868,261
22823,CHEST NATURAL WOOD 20 DRAWERS,2745.0,24,13
23266,SET OF 3 WOODEN STOCKING DECORATION,2743.82,2053,319
23341,PINK DINER WALL CLOCK,2741.35,307,121
22773,GREEN DRAWER KNOB ACRYLIC EDWARDIAN,2739.4,2075,191
23100,SILVER BELLS TABLE DECORATION,2739.38,2166,257
22974,CHILDRENS DOLLY GIRL MUG,2729.6899999999996,1598,204
21985,PACK OF 12 HEARTS DESIGN TISSUES,2729.5099999999998,8775,427
22283,6 EGG HOUSE PAINTED WOOD,2726.43,299,155
20829,GLITTER HANGING BUTTERFLY STRING,2722.9500000000003,1314,194
23164,REGENCY CAKE SLICE,2718.65,578,92
84832,ZINC WILLIE WINKIE  CANDLE STICK,2712.7,2933,268
23407,SET OF 2 TRAYS HOME SWEET HOME,2709.43,265,133
21239,PINK  POLKADOT CUP,2707.34,3016,307
22927,GREEN GIANT GARDEN THERMOMETER,2704.71,430,148
22278,OVERNIGHT BAG VINTAGE ROSE PAISLEY,2704.35,405,178
23333,IVORY WICKER HEART MEDIUM,2695.45,2089,233
22737,RIBBON REEL CHRISTMAS PRESENT,2694.15,1388,259
23264,SET OF 3 WOODEN SLEIGH DECORATIONS,2690.81,1963,299
72802C,VANILLA SCENT CANDLE JEWELLED BOX,2688.19,1395,105
22702,BLACK AND WHITE CAT BOWL,2684.6499999999996,1363,49
22660,DOORMAT I LOVE LONDON,2678.96,364,102
22691,DOORMAT WELCOME SUNRISE,2678.77,371,120
84568,GIRLS ALPHABET IRON ON PATCHES,2678.33,12442,147
22045,SPACEBOY GIFT WRAP,2673.34,6527,208
22433,WATERING CAN GREEN DINOSAUR,2667.5,1394,227
22130,PARTY CONE CHRISTMAS DECORATION,2664.6299999999997,2277,110
22329,ROUND CONTAINER SET OF 5 RETROSPOT,2661.89,1603,238
21781,MA CAMPAGNE CUTLERY BOX,2661.7999999999997,168,101
21109,LARGE CAKE TOWEL CHOCOLATE SPOTS,2661.67,925,104
22582,PACK OF 6 SWEETIE GIFT BOXES,2649.35,1061,102
23146,TRIPLE HOOK ANTIQUE IVORY ROSE,2645.26,798,227
82600,N0 SINGING METAL SIGN,2639.42,1225,49
22902,TOTE BAG I LOVE LONDON,2633.28,1288,136
35961,FOLKART ZINC HEART CHRISTMAS DEC,2629.81,2986,244
22792,FLUTED ANTIQUE CANDLE HOLDER,2622.93,2785,206
21012,ANTIQUE ALL GLASS CANDLESTICK,2614.05,1169,199
22830,UTILTY CABINET WITH HOOKS,2610.29,131,6
22241,GARLAND WOODEN HAPPY EASTER,2609.43,1952,239
22965,3 TRADITIONAl BISCUIT CUTTERS  SET,2606.4100000000003,1209,232
23054,RECYCLED ACAPULCO MAT LAVENDER,2604.93,295,130
22833,HALL CABINET WITH 3 DRAWERS,2603.5299999999997,76,5
22700,BLACK AND WHITE DOG BOWL,2602.18,1196,52
23196,VINTAGE LEAF MAGNETIC NOTEPAD,2601.15,1707,274
22175,PINK OWL SOFT TOY,2594.23,877,171
21500,PINK POLKADOT WRAP,2593.0,6350,213
22361,GLASS JAR DAISY FRESH COTTON WOOL,2592.33,727,268
22933,BAKING MOULD EASTER EGG MILK CHOC,2585.92,940,122
47559B,TEA TIME OVEN GLOVE,2584.9,2077,287
22822,CREAM WALL PLANTER HEART SHAPED,2582.75,433,158
21735,TWO DOOR CURIO CABINET,2577.45,212,83
22805,BLUE DRAWER KNOB ACRYLIC EDWARDIAN,2576.03,1890,195
23534,STOP FOR TEA WALL ART,2572.7,518,41
22610,PENS ASSORTED FUNNY FACE,2571.4,9572,216
23292,SPACEBOY CHILDRENS CUP,2557.57,2050,216
22358,KINGS CHOICE TEA CADDY,2551.2200000000003,698,255
21452,TOADSTOOL MONEY BOX,2549.11,817,184
84596B,SMALL DOLLY MIX DESIGN ORANGE BOWL,2547.42,5023,522
22064,PINK DOUGHNUT TRINKET POT,2546.2999999999997,1728,241
23131,MISTLETOE HEART WREATH CREAM,2535.48,624,110
21078,SET/20 STRAWBERRY PAPER NAPKINS,2531.04,2769,313
23681,LUNCH BAG RED VINTAGE DOILY,2525.04,1576,132
22670,FRENCH WC SIGN BLUE METAL,2516.75,1882,301
21556,CERAMIC STRAWBERRY MONEY BOX,2515.52,977,114
21730,GLASS STAR FROSTED T-LIGHT HOLDER,2514.4300000000003,517,131
22672,FRENCH BATHROOM SIGN BLUE METAL,2511.22,1476,219
23424,GINGHAM RECIPE BOOK BOX,2509.62,462,135
22937,BAKING MOULD CHOCOLATE CUPCAKES,2502.04,948,157
23316,RED REFECTORY CLOCK,2501.64,250,110
72351A,SET/6 TURQUOISE BUTTERFLY T-LIGHTS,2498.75,1264,153
21107,CREAM SLICE FLANNEL PINK SPOT,2492.71,901,97
23367,SET 12 COLOUR PENCILS SPACEBOY,2491.2000000000003,3278,282
21903,MAN FLU METAL SIGN,2490.13,1160,180
22075,6 RIBBONS ELEGANT CHRISTMAS,2489.0299999999997,1773,200
22215,CAKE STAND WHITE TWO TIER LACE,2471.39,343,101
23352,ROLL WRAP 50'S RED CHRISTMAS,2459.2,1800,212
23489,VINTAGE BELLS GARLAND,2443.35,821,149
85184C,S/4 VALENTINE DECOUPAGE HEART BOX,2440.09,1483,131
85062,PEARL CRYSTAL PUMPKIN T-LIGHT HLDR,2429.4999999999995,1462,159
21875,KINGS CHOICE MUG,2429.38,2055,148
22374,AIRLINE BAG VINTAGE JET SET RED,2427.52,546,223
22573,STAR WOODEN CHRISTMAS DECORATION,2423.0,2684,221
23406,HOME SWEET HOME KEY HOLDER,2422.6600000000003,456,111
84032B,CHARLIE + LOLA RED HOT WATER BOTTLE,2421.59,936,255
22811,SET OF 6 T-LIGHTS CACTI,2419.29,881,108
22807,SET OF 6 T-LIGHTS TOADSTOOLS,2417.73,818,195
22437,SET OF 9 BLACK SKULL BALLOONS,2417.24,2828,226
21328,BALLOONS  WRITING SET,2410.43,1337,346
23400,SHELF WITH 4 HOOKS HOME SWEET HOME,2409.34,461,107
22743,MAKE YOUR OWN FLOWERPOWER CARD KIT,2408.54,930,206
23265,SET OF 3 WOODEN TREE DECORATIONS,2404.79,1769,293
20978,36 PENCILS TUBE SKULLS,2395.05,1795,263
84796B,BLUE SAVANNAH PICNIC HAMPER FOR 2,2393.5899999999997,256,124
22167,OVAL WALL MIRROR DIAMANTE,2391.12,236,156
84969,BOX OF 6 ASSORTED COLOUR TEASPOONS,2389.52,558,210
11001,ASSTD DESIGN RACING CAR PEN,2389.44,1615,113
22282,12 EGG HOUSE PAINTED WOOD,2378.52,149,99
22440,BALLOON WATER BOMB PACK OF 35,2375.04,6010,154
20983,12 PENCILS TALL TUBE RED RETROSPOT,2374.81,2737,268
21811,HANGING HEART WITH BELL,2374.7999999999997,4619,219
23498,CLASSIC BICYCLE CLIPS,2372.68,1640,99
84997d,CHILDRENS CUTLERY POLKADOT PINK,2372.33,285,65
23535,BICYCLE SAFTEY WALL ART,2371.94,458,39
22851,SET 20 NAPKINS FAIRY CAKES DESIGN,2368.64,2741,350
23048,SET OF 10 LANTERNS FAIRY LIGHT STAR,2368.37,577,99
37500,TEA TIME TEAPOT IN GIFT BOX,2360.68,380,113
21495,SKULLS AND CROSSBONES WRAP,2356.0,5800,165
23401,RUSTIC MIRROR WITH LACE HEART,2354.87,459,83
23412,HEART MIRROR ANTIQUE WHITE,2354.8,358,76
22070,SMALL RED RETROSPOT MUG IN BOX,2354.4,948,116
22548,HEADS AND TAILS SPORTING FUN,2348.94,1975,209
22425,ENAMEL COLANDER CREAM,2346.1200000000003,460,166
23396,LE JARDIN BOTANIQUE CUSHION COVER,2345.0,559,166
23437,50'S CHRISTMAS GIFT BAG LARGE,2343.63,1915,129
21700,BIG DOUGHNUT FRIDGE MAGNETS,2334.94,1726,198
16156S,WRAP PINK FAIRY CAKES,2331.0,5800,167
20977,36 PENCILS TUBE WOODLAND,2328.64,1739,185
23371,SET 36 COLOUR PENCILS SPACEBOY,2304.78,1705,185
22483,RED GINGHAM TEDDY BEAR,2302.94,770,169
71459,HANGING JAM JAR T-LIGHT HOLDERS,2298.0499999999997,2813,92
22736,RIBBON REEL MAKING SNOWMEN,2297.1,1222,223
84950,ASSORTED COLOUR T-LIGHT HOLDER,2297.03,3619,120
22829,SWEETHEART WIRE WALL TIDY,2295.43,227,109
22441,GROW YOUR OWN BASIL IN ENAMEL MUG,2292.9100000000003,1047,219
84997b,CHILDRENS CUTLERY RETROSPOT RED,2287.37,273,55
23330,DECORATIVE WICKER HEART MEDIUM,2286.97,1794,216
23029,DRAWER KNOB CRACKLE GLAZE GREEN,2284.12,1340,154
21813,GARLAND WITH STARS AND BELLS,2280.4700000000003,549,112
85175,CACTI T-LIGHT CANDLES,2278.9,5321,143
21896,POTTING SHED TWINE,2272.79,980,110
22914,BLUE COAT RACK PARIS FASHION,2261.21,467,154
22983,CARD BILLBOARD FONT,2256.56,5290,443
46000S,POLYESTER FILLER PAD 40x40cm,2256.2,1556,185
23197,SKETCHBOOK MAGNETIC SHOPPING LIST,2253.7,1442,246
21069,VINTAGE BILLBOARD TEA MUG,2250.52,1949,86
23093,SMALL PARISIENNE HEART PHOTO FRAME,2239.2400000000002,939,142
22030,SWALLOWS GREETING CARD,2237.89,5527,274
23326,HANGING MINI COLOURED BOTTLES,2237.08,3442,76
22185,SLATE TILE NATURAL HANGING,2235.9399999999996,1472,162
21989,PACK OF 20 SKULL PAPER NAPKINS,2233.1,2409,335
23252,VINTAGE RED ENAMEL TRIM JUG,2231.61,595,136
23079,TOADSTOOL BEDSIDE LIGHT,2225.45,251,106
21471,STRAWBERRY RAFFIA FOOD COVER,2220.59,639,163
22601,CHRISTMAS RETROSPOT ANGEL WOOD,2219.83,2479,200
23501,KEY RING BASEBALL BOOT UNION JACK,2217.87,1821,112
84997c,CHILDRENS CUTLERY POLKADOT BLUE,2216.2099999999996,265,56
21982,PACK OF 12 SUKI TISSUES,2215.6099999999997,7173,359
21794,CLASSIC FRENCH STYLE BASKET NATURAL,2213.42,522,106
82494l,WOODEN FRAME ANTIQUE WHITE,2211.6,264,61
22478,BIRDHOUSE GARDEN MARKER,2210.62,1537,140
37448,CERAMIC CAKE DESIGN SPOTTED MUG,2206.63,1451,187
10135,COLOURING PENCILS BROWN TUBE,2204.89,2229,175
23403,LETTER HOLDER HOME SWEET HOME,2204.11,625,134
22574,HEART WOODEN CHRISTMAS DECORATION,2199.5899999999997,2333,222
21042,RED RETROSPOT APRON,2199.52,334,131
21900,"KEY FOB , SHED",2197.17,3228,372
22571,ROCKING HORSE RED CHRISTMAS,2185.48,2434,254
23436,VINTAGE CHRISTMAS GIFT BAG LARGE,2182.39,1831,105
23302,KNEELING MAT HOUSEWORK  DESIGN,2181.4199999999996,1536,230
22763,KEY CABINET MA CAMPAGNE,2176.3199999999997,206,108
22357,KINGS CHOICE BISCUIT TIN,2175.04,468,180
21878,PACK OF 6 SANDCASTLE FLAGS ASSORTED,2172.2,2523,224
22377,BOTTLE BAG RETROSPOT,2171.53,1330,207
85038,6 CHOCOLATE LOVE HEART T-LIGHTS,2171.26,1061,142
22732,3D VINTAGE CHRISTMAS STICKERS,2162.75,1645,188
23445,ICE CREAM BUBBLES,2161.24,2668,101
21249,WOODLAND  HEIGHT CHART STICKERS,2160.0,724,119
22121,NOEL WOODEN BLOCK LETTERS,2159.7000000000003,352,133
22704,WRAP RED APPLES,2158.26,5253,174
82581,TOILET METAL SIGN,2155.8900000000003,3883,405
22920,HERB MARKER BASIL,2153.34,3423,242
22107,PIZZA PLATE IN BOX,2153.06,592,179
21592,RETROSPOT CIGAR BOX MATCHES,2149.07,2149,216
23161,REGENCY CAKE FORK,2145.3,1715,98
22588,CARD HOLDER GINGHAM HEART,2141.32,684,175
23028,DRAWER KNOB CRACKLE GLAZE BLUE,2138.6299999999997,1207,134
23213,STAR WREATH DECORATION WITH BELL,2138.42,1682,152
40016,CHINESE DRAGON PAPER LANTERNS,2136.34,5556,97
22973,CHILDREN'S CIRCUS PARADE MUG,2136.0099999999998,1255,144
23031,DRAWER KNOB CRACKLE GLAZE PINK,2132.4999999999995,1266,153
21232,STRAWBERRY CERAMIC TRINKET POT,2131.2200000000003,1369,125
22128,PARTY CONES CANDY ASSORTED,2127.53,1762,76
23005,TRAVEL CARD WALLET I LOVE LONDON,2126.55,4733,241
22509,SEWING BOX RETROSPOT DESIGN,2124.54,209,86
84356,POMPOM CURTAIN,2124.15,424,82
21980,PACK OF 12 RED RETROSPOT TISSUES,2121.18,6685,297
37450,CERAMIC CAKE BOWL + HANGING CAKES,2117.54,714,134
22498,WOODEN REGATTA BUNTING,2116.04,333,150
21718,RED METAL BEACH SPADE,2113.39,1493,229
22156,HEART DECORATION WITH PEARLS,2113.1299999999997,2196,256
23046,PAPER LANTERN 9 POINT DELUXE STAR,2111.4900000000002,349,36
23232,WRAP VINTAGE LEAF DESIGN,2109.42,5251,134
22891,TEA FOR ONE POLKADOT,2108.18,420,168
23233,WRAP POPPIES  DESIGN,2105.5,5175,158
22733,3D TRADITIONAL CHRISTMAS STICKERS,2095.08,1583,197
22996,TRAVEL CARD WALLET VINTAGE TICKET,2094.93,4801,408
23315,IVORY REFECTORY CLOCK,2094.24,213,86
23251,VINTAGE RED ENAMEL TRIM MUG,2090.75,1700,119
23438,RED SPOT GIFT BAG LARGE,2089.92,1713,103
21609,SET 12 LAVENDER  BOTANICAL T-LIGHTS,2086.69,763,76
21506,"FANCY FONT BIRTHDAY CARD,",2085.89,4922,323
22593,CHRISTMAS GINGHAM STAR,2085.64,2263,198
22744,MAKE YOUR OWN MONSOON CARD KIT,2084.8500000000004,867,172
22055,MINI CAKE STAND  HANGING STRAWBERY,2083.19,1375,220
23526,DOG LICENCE WALL ART,2081.64,408,29
22059,CERAMIC STRAWBERRY DESIGN MUG,2081.54,1780,173
22747,POPPY'S PLAYHOUSE BATHROOM,2080.85,954,227
23152,IVORY SWEETHEART WIRE LETTER RACK,2080.65,554,159
23536,VILLAGE SHOW WALL ART,2072.42,386,18
22831,WHITE BROCANTE SOAP DISH,2070.9,706,121
22863,SOAP DISH BROCANTE,2070.73,719,110
23370,SET 36 COLOURING PENCILS DOILY,2070.35,1485,147
23360,SET 8 CANDLES VINTAGE DOILY,2070.1,1060,107
23227,FILIGREE HEART BUTTERFLY WHITE,2070.06,1642,117
22935,BAKING MOULD ROSE MILK CHOCOLATE,2066.82,690,65
23020,GLASS  SONGBIRD STORAGE JAR,2065.14,169,73
23291,DOLLY GIRL CHILDRENS CUP,2059.03,1634,195
22955,36 FOIL STAR CAKE CASES,2053.3500000000004,1040,134
22101,MIRROR MOSAIC VOTIVE HOLDER,2053.17,1438,69
47504K,ENGLISH ROSE GARDEN SECATEURS,2048.66,2018,212
21864,UNION JACK FLAG PASSPORT COVER,2041.69,828,184
20751,FUNKY WASHING UP GLOVES ASSORTED,2041.5200000000002,971,198
22414,DOORMAT NEIGHBOURHOOD WITCH,2038.39,279,95
23500,KEY RING BASEBALL BOOT ASSORTED,2038.33,1626,98
22803,IVORY EMBROIDERED QUILT,2038.0900000000001,54,31
23490,T-LIGHT HOLDER HANGING LOVE BIRD,2032.77,542,101
22788,BROCANTE COAT RACK,2025.96,220,60
22115,METAL SIGN EMPIRE TEA,2020.91,1549,228
23268,SET OF 2 CERAMIC CHRISTMAS REINDEER,2018.1399999999999,1447,89
20674,GREEN POLKADOT BOWL,2016.23,1563,205
23543,KEEP CALM WALL ART,2015.97,269,20
22959,WRAP CHRISTMAS VILLAGE,2014.42,4901,142
23289,DOLLY GIRL CHILDRENS BOWL,2013.7,1622,191
22897,OVEN MITT APPLES DESIGN,2013.1,1350,211
84880,WHITE WIRE EGG HOLDER,2012.74,312,76
22503,CABIN BAG VINTAGE PAISLEY,2010.12,99,34
23358,HOT STUFF HOT WATER BOTTLE,2008.38,594,89
23066,SMALL DECO JEWELLERY STAND,2005.81,243,79
23274,STAR T-LIGHT HOLDER WILLIE WINKIE,2004.9999999999998,1180,119
22080,RIBBON REEL POLKADOTS,2003.48,1206,155
22859,EASTER TIN BUNNY BOUQUET,2003.07,1203,158
22364,GLASS JAR DIGESTIVE BISCUITS,2001.32,616,164
51014A,"FEATHER PEN,HOT PINK",2000.06,3842,239
85049G,CHOCOLATE BOX RIBBONS,1999.19,1608,258
22186,RED STAR CARD HOLDER,1997.48,848,149
21591,COSY HOUR CIGAR BOX MATCHES,1996.1399999999999,1374,146
22928,YELLOW GIANT GARDEN THERMOMETER,1993.75,288,115
72802B,OCEAN SCENT CANDLE IN JEWELLED BOX,1993.48,1028,82
22579,WOODEN TREE CHRISTMAS SCANDINAVIAN,1988.0199999999998,5167,338
22932,BAKING MOULD TOFFEE CUP CHOCOLATE,1985.5800000000002,878,71
21622,VINTAGE UNION JACK CUSHION COVER,1982.64,380,104
23357,HOT WATER BOTTLE SEX BOMB,1982.0500000000002,450,102
22466,FAIRY TALE COTTAGE NIGHT LIGHT,1979.34,976,115
15039,SANDALWOOD FAN,1978.6399999999999,2090,145
37446,MINI CAKE STAND WITH HANGING CAKES,1976.09,1354,183
21916,SET 12 RETRO WHITE CHALK STICKS,1973.49,4599,359
22477,WATERING CAN GARDEN MARKER,1967.9,1364,127
22931,BAKING MOULD HEART WHITE CHOCOLATE,1963.3,813,129
23374,RED SPOT PAPER GIFT BAG,1962.83,2456,131
23228,FILIGREE HEART BIRD WHITE,1960.0,1492,125
84031A,CHARLIE+LOLA RED HOT WATER BOTTLE,1959.91,430,165
23145,ZINC T-LIGHT HOLDER STAR LARGE,1956.6799999999998,2060,167
85123a,WHITE HANGING HEART T-LIGHT HOLDER,1952.4799999999998,292,67
22312,OFFICE MUG WARMER POLKADOT,1950.4900000000002,645,131
20992,JAZZ HEARTS PURSE NOTEBOOK,1944.6299999999999,4425,277
84596F,SMALL MARSHMALLOWS PINK BOWL,1943.62,3732,435
22824,3 TIER SWEETHEART GARDEN SHELF,1938.2500000000002,55,43
22639,SET OF 4 NAPKIN CHARMS HEARTS,1935.1599999999999,805,148
22412,METAL SIGN NEIGHBOURHOOD WITCH,1931.8500000000001,911,147
23231,WRAP DOILEY DESIGN,1927.26,4703,164
23094,LE GRAND TRAY CHIC SET,1924.92,152,79
21192,WHITE BELL HONEYCOMB PAPER,1923.2899999999997,1092,88
22199,FRYING PAN RED RETROSPOT,1922.34,466,166
22183,CAKE STAND VICTORIAN FILIGREE MED,1916.01,322,129
21112,SWISS ROLL TOWEL PINK  SPOTS,1913.6899999999998,706,39
20963,APPLE BATH SPONGE,1911.17,1336,229
22291,HANGING CHICK CREAM DECORATION,1906.02,1289,120
22594,CHRISTMAS GINGHAM TREE,1905.7699999999998,2006,196
84968F,SET OF 16 VINTAGE SKY BLUE CUTLERY,1905.6799999999998,177,65
23155,KNICKERBOCKERGLORY MAGNET ASSORTED,1904.77,2221,135
23491,VINTAGE JINGLE BELLS HEART,1897.76,228,78
16169E,WRAP 50'S  CHRISTMAS,1892.46,4563,149
23068,ALUMINIUM STAMPED HEART,1892.2300000000002,779,130
21068,VINTAGE BILLBOARD LOVE/HATE MUG,1890.33,1638,198
35004C,SET OF 3 COLOURED  FLYING DUCKS,1888.1000000000001,394,39
22602,RETROSPOT WOODEN HEART DECORATION,1886.28,2076,246
23235,STORAGE TIN VINTAGE LEAF,1886.1000000000001,712,102
15058B,PINK POLKADOT GARDEN PARASOL,1885.27,228,97
23128,FELTCRAFT BOY JEAN-PAUL KIT,1884.76,366,127
23434,3 RAFFIA RIBBONS 50'S CHRISTMAS,1884.17,2095,199
85061W,WHITE JEWELLED HEART DECORATION,1882.1499999999999,2146,162
20982,12 PENCILS TALL TUBE SKULLS,1880.6699999999998,2151,256
21534,DAIRY MAID LARGE MILK JUG,1879.18,370,155
23394,POSTE FRANCE CUSHION COVER,1877.65,435,150
22027,TEA PARTY BIRTHDAY CARD,1873.71,4368,362
22534,MAGIC DRAWING SLATE SPACEBOY,1871.12,4496,261
22198,LARGE POPCORN HOLDER,1870.9099999999999,1025,86
23090,VINTAGE GLASS T-LIGHT HOLDER,1870.0299999999997,2237,149
23075,PARLOUR CERAMIC WALL HOOK,1869.0000000000002,450,75
70006,LOVE HEART POCKET WARMER,1863.98,2702,120
21988,PACK OF 6 SKULL PAPER PLATES,1862.75,2321,193
22858,EASTER TIN KEEPSAKE,1860.7799999999997,1126,136
22428,ENAMEL FIRE BUCKET CREAM,1854.76,246,114
21870,I CAN ONLY PLEASE ONE PERSON MUG,1851.46,1407,163
22220,CAKE STAND LOVEBIRD 2 TIER WHITE,1849.25,231,86
72807A,SET/3 ROSE CANDLE IN JEWELLED BOX,1845.57,393,107
22944,CHRISTMAS METAL POSTCARD WITH BELLS,1843.64,3375,111
21557,SET OF 6 FUNKY BEAKERS,1843.6100000000001,551,162
23378,PACK OF 12 50'S CHRISTMAS TISSUES,1840.08,3997,176
22651,GENTLEMAN SHIRT REPAIR KIT,1837.4699999999998,2166,170
21873,IF YOU CAN'T STAND THE HEAT MUG,1834.3,1618,116
21564,PINK  HEART SHAPE LOVE BUCKET,1831.6200000000001,1042,123
23109,LED TEA LIGHTS,1826.76,634,65
72807B,SET/3 OCEAN SCENT CANDLE JEWEL BOX,1822.21,395,110
22712,CARD DOLLY GIRL,1822.2,4435,312
22223,CAKE PLATE LOVEBIRD PINK,1821.6100000000001,441,78
15044D,RED PAPER PARASOL,1819.76,644,84
21713,CITRONELLA CANDLE FLOWERPOT,1817.74,786,157
22200,FRYING PAN PINK POLKADOT,1809.48,398,140
15060B,FAIRY CAKE DESIGN UMBRELLA,1807.55,451,131
22536,MAGIC DRAWING SLATE PURDEY,1803.95,4752,156
85034C,3 ROSE MORRIS BOXED CANDLES,1800.0,1129,158
23160,REGENCY TEA SPOON,1794.48,1450,76
21832,CHOCOLATE CALCULATOR,1790.1,954,198
21245,GREEN POLKADOT PLATE,1787.1999999999998,1075,128
21034,REX CASH+CARRY JUMBO SHOPPER,1784.1,1878,871
22832,BROCANTE SHELF WITH HOOKS,1781.82,162,76
21114,LAVENDER SCENTED FABRIC HEART,1778.08,1341,138
23317,BLUE REFECTORY CLOCK,1777.46,173,82
23148,MINIATURE ANTIQUE ROSE HOOK IVORY,1775.5099999999998,2091,243
22710,WRAP I LOVE LONDON,1774.42,4501,104
21439,BASKET OF TOADSTOOLS,1767.15,1430,130
21056,DOCTOR'S BAG SOFT TOY,1765.3999999999999,184,72
21055,TOOL BOX SOFT TOY,1764.6399999999999,178,105
22562,MONSTERS STENCIL CRAFT,1763.3700000000001,1413,211
85035C,ROSE 3 WICK MORRIS BOX CANDLE,1760.66,1137,130
22452,MEASURING TAPE BABUSHKA PINK,1760.3100000000002,722,144
22314,OFFICE MUG WARMER CHOC+BLUE,1759.1200000000001,570,133
22852,DOG BOWL VINTAGE CREAM,1757.8799999999999,390,125
23372,SET 36 COLOUR PENCILS DOLLY GIRL,1750.29,1389,147
23359,SET OF 12 T-LIGHTS VINTAGE DOILY,1747.51,929,73
21812,GARLAND WITH HEARTS AND BELLS,1746.27,393,100
23399,HOME SWEET HOME HANGING HEART,1745.55,1914,225
20961,STRAWBERRY BATH SPONGE,1745.43,1232,228
21584,RETROSPOT SMALL TUBE MATCHES,1743.35,1059,146
20981,12 PENCILS TALL TUBE WOODLAND,1740.57,1974,249
23101,SILVER STARS TABLE DECORATION,1739.6299999999999,2031,213
23096,PETIT TRAY CHIC,1736.6899999999998,1033,146
22119,PEACE WOODEN BLOCK LETTERS,1734.8700000000001,345,106
23181,BULL DOG BOTTLE TOP WALL CLOCK,1733.57,201,82
47570B,TEA TIME TABLE CLOTH,1727.23,185,31
23122,PARTY CHARMS 50 PIECES,1726.09,2251,133
21329,DINOSAURS  WRITING SET,1723.6899999999998,941,287
21586,KINGS CHOICE GIANT TUBE MATCHES,1721.85,743,67
21845,DAIRY MAID STRIPE MUG,1720.3000000000002,1906,82
22526,WHEELBARROW FOR CHILDREN,1720.26,125,79
85015,SET OF 12  VINTAGE POSTCARD SET,1718.5400000000002,2180,143
22544,MINI JIGSAW SPACEBOY,1714.9199999999998,4518,175
22227,HANGING HEART MIRROR DECORATION,1708.0700000000002,2341,289
22934,BAKING MOULD EASTER EGG WHITE CHOC,1707.47,589,78
23073,GEORGIAN TRINKET BOX,1706.5,143,61
21917,SET 12 KIDS  WHITE CHALK STICKS,1701.93,4151,225
37340,MULTICOLOUR SPRING FLOWER MUG,1695.86,2544,135
22037,ROBOT BIRTHDAY CARD,1695.32,3929,354
22674,FRENCH TOILET SIGN BLUE METAL,1692.72,1346,187
22816,CARD MOTORBIKE SANTA,1691.76,3987,266
51008,AFGHAN SLIPPER SOCK PAIR,1690.5500000000002,519,22
21544,SKULLS  WATER TRANSFER TATTOOS,1687.6799999999998,1972,174
16161U,WRAP SUKI AND FRIENDS,1687.5,4075,134
21207,SKULL AND CROSSBONES  GARLAND,1684.85,1067,132
23368,SET 12 COLOUR PENCILS DOLLY GIRL,1679.5500000000002,2379,232
22332,SKULLS PARTY BAG + STICKER SET,1677.9999999999998,1032,148
22913,RED COAT RACK PARIS FASHION,1673.15,352,112
22419,LIPSTICK PEN RED,1673.1,3338,272
23214,JINGLE BELL HEART ANTIQUE GOLD,1670.0800000000002,777,102
22335,HEART DECORATION PAINTED ZINC,1668.89,2380,225
15058A,BLUE POLKADOT GARDEN PARASOL,1668.49,200,89
22076,6 RIBBONS EMPIRE,1667.8799999999999,1259,225
21577,SAVE THE PLANET COTTON TOTE BAG,1664.8999999999999,720,175
22804,PINK HANGING HEART T-LIGHT HOLDER,1664.16,880,76
84968D,SET OF 16 VINTAGE RED CUTLERY,1661.47,157,55
22479,DAISY GARDEN MARKER,1658.57,1139,98
21578,WOODLAND DESIGN  COTTON TOTE BAG,1657.76,746,127
22789,T-LIGHT HOLDER SWEETHEART HANGING,1657.02,844,138
22853,CAT BOWL VINTAGE CREAM,1655.96,472,116
21981,PACK OF 12 WOODLAND TISSUES,1651.3,5468,271
23505,PLAYING CARDS I LOVE LONDON,1651.29,1200,115
47566b,TEA TIME PARTY BUNTING,1651.1499999999999,199,102
21111,"SWISS ROLL TOWEL, CHOCOLATE  SPOTS",1651.02,900,94
23273,HEART T-LIGHT HOLDER WILLIE WINKIE,1649.0499999999997,969,112
23270,SET OF 2 CERAMIC PAINTED HEARTS,1646.32,1174,125
22161,HEART DECORATION RUSTIC HANGING,1645.75,5083,340
22154,ANGEL DECORATION 3 BUTTONS,1636.67,3745,162
23483,HANGING  BUTTERFLY T-LIGHT HOLDER,1636.36,1328,73
22474,SPACEBOY TV DINNER TRAY,1636.27,303,132
23366,SET 12 COLOURING PENCILS DOILY,1636.1000000000001,2200,191
23348,CHILDRENS TOY COOKING UTENSIL SET,1633.81,746,168
35953,FOLKART STAR CHRISTMAS DECORATIONS,1633.6699999999998,3581,131
84510A,SET OF 4 ENGLISH ROSE COASTERS,1630.32,1196,239
85034B,3 WHITE CHOC MORRIS BOXED CANDLES,1628.78,945,120
22375,AIRLINE BAG VINTAGE JET SET BROWN,1626.54,346,167
22975,SPACEBOY CHILDRENS EGG CUP,1624.63,1204,186
23391,I LOVE LONDON MINI BACKPACK,1624.02,388,86
22799,SWEETHEART WIRE FRUIT BOWL,1623.08,207,89
22473,TV DINNER TRAY VINTAGE PAISLEY,1623.04,503,112
37495,FAIRY CAKE BIRTHDAY CANDLE SET,1622.24,440,92
21706,FOLDING UMBRELLA RED/WHITE POLKADOT,1616.81,346,120
22445,PENCIL CASE LIFE IS BEAUTIFUL,1615.91,534,130
22166,WALL MIRROR RECTANGLE DIAMANTE PINK,1614.4,207,87
23217,LAUREL HEART ANTIQUE SILVER,1613.82,1309,97
21206,STRAWBERRY HONEYCOMB  GARLAND,1610.9199999999998,1290,109
22671,FRENCH LAUNDRY SIGN BLUE METAL,1608.6999999999998,962,144
85040A,S/4 PINK FLOWER CANDLES IN BOWL,1607.32,888,164
22095,LADS ONLY TISSUE BOX,1605.96,1643,143
22305,COFFEE MUG PINK PAISLEY DESIGN,1604.58,693,51
22292,HANGING CHICK  YELLOW DECORATION,1604.51,1136,112
21394,RED POLKADOT BEAKER,1603.77,3865,131
23287,RED VINTAGE SPOT BEAKER,1603.3899999999999,1879,198
22948,METAL DECORATION NAUGHTY CHILDREN,1603.29,1599,136
22284,HEN HOUSE DECORATION,1597.0699999999997,927,131
23226,FILIGREE HEART DAISY WHITE,1596.67,1247,98
23244,ROUND STORAGE TIN VINTAGE LEAF,1593.58,864,103
18097C,WHITE TALL PORCELAIN T-LIGHT HOLDER,1591.01,695,69
22475,SKULL DESIGN TV DINNER TRAY,1590.82,313,138
22398,MAGNETS PACK OF 4 SWALLOWS,1589.12,2575,248
15056n,EDWARDIAN PARASOL NATURAL,1585.2800000000002,127,84
21626,VINTAGE UNION JACK PENNANT,1584.8,794,99
22449,SILK PURSE BABUSHKA PINK,1583.95,491,143
46000M,POLYESTER FILLER PAD 45x45cm,1582.55,1021,137
21967,PACK OF 12 SKULL TISSUES,1582.1499999999999,5271,232
23369,SET 36 COLOUR PENCILS LOVE LONDON,1581.06,1105,126
22676,FRENCH BLUE METAL DOOR SIGN 1,1578.39,1155,199
21509,COWBOYS AND INDIANS BIRTHDAY CARD,1572.28,3741,274
22494,EMERGENCY FIRST AID TIN,1572.27,1088,245
22208,WOOD STAMP SET THANK YOU,1571.4899999999998,1509,280
22434,BALLOON PUMP WITH 10 BALLOONS,1570.41,793,124
22583,PACK OF 6 HANDBAG GIFT BOXES,1570.3999999999999,573,111
85206A,CREAM FELT EASTER EGG BASKET,1568.9299999999998,974,114
23462,ROCOCO WALL MIRROR WHITE,1567.1399999999999,78,45
22085,PAPER CHAIN KIT SKULLS,1566.99,548,97
21913,VINTAGE SEASIDE JIGSAW PUZZLES,1565.83,398,148
84279P,CHERRY BLOSSOM  DECORATIVE FLASK,1565.71,377,126
22313,OFFICE MUG WARMER PINK,1564.8300000000002,565,65
85132A,CHARLIE + LOLA BISCUITS TINS,1561.77,545,110
21744,SNOWFLAKE PORTABLE TABLE LIGHT,1557.65,529,127
21528,DAIRY MAID TRADITIONAL TEAPOT,1557.57,215,111
22675,FRENCH KITCHEN SIGN BLUE METAL,1555.16,1240,164
22818,CARD CHRISTMAS VILLAGE,1550.4,3633,244
20665,RED RETROSPOT PURSE,1546.2700000000002,461,156
22982,PANTRY PASTRY BRUSH,1543.77,1154,212
22600,CHRISTMAS RETROSPOT STAR WOOD,1543.2299999999998,1698,193
22318,FIVE HEART HANGING DECORATION,1541.6200000000001,462,142
21898,POTTING SHED ROSE CANDLE,1541.11,493,25
20985,HEART CALCULATOR,1540.59,1179,131
84971S,SMALL HEART FLOWERS HOOK,1540.4499999999998,1761,172
10133,COLOURING PENCILS BROWN TUBE,1539.6,2856,196
22176,BLUE OWL SOFT TOY,1536.88,512,115
22731,3D CHRISTMAS STAMPS STICKERS,1536.24,1172,143
23267,SET OF 4 SANTA PLACE SETTINGS,1531.95,1202,108
21200,MULTICOLOUR HONEYCOMB PAPER GARLAND,1531.1399999999999,1119,75
22828,REGENCY MIRROR WITH SHUTTERS,1530.0,10,7
22472,TV DINNER TRAY DOLLY GIRL,1527.01,320,107
84968E,SET OF 16 VINTAGE BLACK CUTLERY,1522.53,132,44
22530,MAGIC DRAWING SLATE DOLLY GIRL,1516.46,3628,233
85049C,ROMANTIC PINKS RIBBONS,1515.69,1215,224
22770,MIRROR CORNICE,1515.68,94,62
21352,EUCALYPTUS & PINECONE  WREATH,1511.2600000000002,378,77
22591,CARDHOLDER GINGHAM CHRISTMAS TREE,1509.41,413,86
21361,LOVE LARGE WOOD LETTERS,1505.96,106,69
22905,CALENDAR IN SEASON DESIGN,1502.2900000000002,581,110
22471,TV DINNER TRAY AIR HOSTESS,1502.02,419,105
20668,DISCO BALL CHRISTMAS DECORATION,1501.4,12883,215
23250,VINTAGE RED TRIM ENAMEL BOWL,1501.03,1155,108
21792,CLASSIC FRENCH STYLE BASKET GREEN,1497.72,344,76
23280,FOLDING BUTTERFLY MIRROR HOT PINK,1495.24,1867,152
23334,IVORY WICKER HEART SMALL,1491.75,2271,130
37342,POLKADOT COFFEE CUP & SAUCER PINK,1489.01,1570,109
72349B,SET/6 PURPLE BUTTERFLY T-LIGHTS,1486.69,729,114
35924,HANGING FAIRY CAKE DECORATION,1484.3,820,72
21327,SKULLS WRITING SET,1484.1299999999999,864,252
23271,CHRISTMAS TABLE SILVER CANDLE SPIKE,1483.61,1715,103
22203,MILK PAN RED RETROSPOT,1483.13,403,145
84580,MOUSE TOY WITH PINK T-SHIRT,1482.43,389,165
23559,WOODLAND BUNNIES LOLLY MAKERS,1482.41,649,124
21447,12 IVORY ROSE PEG PLACE SETTINGS,1478.1,969,148
21619,4 VANILLA BOTANICAL CANDLES,1476.4,974,164
23392,SPACEBOY ROCKET LOLLY MAKERS,1475.03,662,113
22802,FAUX FUR CHOCOLATE THROW,1474.74,87,49
22664,TOY TIDY DOLLY GIRL DESIGN,1472.85,713,162
21470,FLOWER VINE RAFFIA FOOD COVER,1470.32,381,140
23365,SET 12 COLOUR PENCILS LOVE LONDON,1463.0800000000002,1857,169
21705,BAG 500g SWIRLY MARBLES,1462.1699999999998,1459,141
84818,DANISH ROSE PHOTO FRAME,1460.81,1423,99
21829,DINOSAUR KEYRINGS ASSORTED,1460.74,6765,177
23470,CARD HOLDER LOVE BIRD LARGE,1460.5,232,84
21872,GLAMOROUS  MUG,1454.98,1292,142
22461,SAVOY ART DECO CLOCK,1453.5800000000002,239,53
22696,WICKER WREATH LARGE,1452.55,729,151
21191,LARGE WHITE HONEYCOMB PAPER BELL,1451.82,562,95
23034,DRAWER KNOB CERAMIC BLACK,1448.6699999999998,979,88
22939,APRON APPLE DELIGHT,1446.79,285,80
23086,ZINC  STAR T-LIGHT HOLDER,1441.43,1217,46
15044A,PINK PAPER PARASOL,1439.0200000000002,458,102
22713,CARD I LOVE LONDON,1437.36,3441,217
84031B,CHARLIE LOLA BLUE HOT WATER BOTTLE,1435.72,303,143
85054,FRENCH ENAMEL POT W LID,1430.63,587,115
15058C,ICE CREAM DESIGN GARDEN PARASOL,1429.82,240,72
21620,SET OF 4 ROSE BOTANICAL CANDLES,1429.49,881,165
22922,FRIDGE MAGNETS US DINER ASSORTED,1422.8999999999999,1587,102
22458,CAST IRON HOOK GARDEN FORK,1421.83,523,23
21407,BROWN CHECK CAT DOORSTOP,1421.11,290,138
23057,BEADED CHANDELIER T-LIGHT HOLDER,1420.97,695,38
22182,CAKE STAND VICTORIAN FILIGREE SMALL,1420.58,372,122
22285,HANGING HEN ON NEST DECORATION,1418.82,828,114
22306,SILVER MUG BONE CHINA TREE OF LIFE,1415.8500000000001,1162,111
22714,CARD BIRTHDAY COWBOY,1415.73,3487,225
22576,SWALLOW WOODEN CHRISTMAS DECORATION,1414.4599999999998,1538,173
22531,MAGIC DRAWING SLATE CIRCUS PARADE,1412.41,3382,200
84536A,ENGLISH ROSE NOTEBOOK A7 SIZE,1409.8999999999999,3138,341
82567,"AIRLINE LOUNGE,METAL SIGN",1408.07,711,291
22915,ASSORTED BOTTLE TOP  MAGNETS,1406.42,3152,184
23249,VINTAGE RED ENAMEL TRIM PLATE,1406.2999999999997,830,80
51014C,"FEATHER PEN,COAL BLACK",1405.73,2687,174
21363,HOME SMALL WOOD LETTERS,1403.94,243,125
23119,PACK OF 6 LARGE FRUIT STRAWS,1401.7,2282,151
21424,WOODLAND STORAGE BOX LARGE,1401.02,346,70
22436,12 COLOURED PARTY BALLOONS,1398.51,2134,163
23055,IVORY CHANDELIER T-LIGHT HOLDER,1395.18,657,38
23040,PAPER LANTERN 9 POINT SNOW STAR,1394.03,253,41
84813,SET OF 4 DIAMOND NAPKIN RINGS,1393.79,166,38
22443,GROW YOUR OWN HERBS SET OF 3,1391.74,164,90
84795B,SUNSET CHECK HAMMOCK,1390.64,176,48
21519,GIN & TONIC DIET GREETING CARD,1389.22,3299,246
22677,FRENCH BLUE METAL DOOR SIGN 2,1389.07,1001,188
22976,CIRCUS PARADE CHILDRENS EGG CUP,1389.01,1066,143
21537,RED RETROSPOT PUDDING BOWL,1387.96,332,61
22299,PIG KEYRING WITH LIGHT & SOUND,1386.97,1379,80
23376,PACK OF 12 VINTAGE CHRISTMAS TISSUE,1384.9099999999999,3039,155
22071,SMALL WHITE RETROSPOT MUG IN BOX,1384.3,729,86
21123,SET/10 IVORY POLKADOT PARTY CANDLES,1380.84,1143,154
22363,GLASS JAR MARMALADE,1380.8,480,81
23104,IVORY CAFE HANGING LAMP,1380.42,116,45
21071,VINTAGE BILLBOARD DRINK ME MUG,1380.28,991,177
22735,RIBBON REEL SOCKS AND MITTENS,1379.21,741,136
23414,ZINC BOX SIGN HOME,1378.75,141,64
21382,SET/4 SPRING FLOWER DECORATION,1376.53,1143,128
22047,EMPIRE GIFT WRAP,1373.5,3375,106
23536,WALL ART VILLAGE SHOW,1369.71,240,67
21820,GLITTER HEART GARLAND WITH BELLS,1368.47,329,90
23000,TRAVEL CARD WALLET TRANSPORT,1368.28,3169,278
22609,PENS ASSORTED SPACEBALL,1368.1,5874,155
22063,CERAMIC BOWL WITH STRAWBERRY DESIGN,1367.45,583,120
23546,WRAP PAISLEY PARK,1365.0,3250,120
23221,REINDEER HEART DECORATION SILVER,1363.04,1536,145
22716,CARD CIRCUS PARADE,1360.91,3201,288
85227,SET OF 6 3D KIT CARDS FOR KIDS,1359.3999999999999,1477,223
22911,PAPER CHAIN KIT LONDON,1358.0900000000001,463,94
85232B,SET OF 3 BABUSHKA STACKING TINS,1356.3,274,13
23469,CARD HOLDER LOVE BIRD SMALL,1355.24,332,72
21039,RED RETROSPOT SHOPPING BAG,1353.6899999999998,523,90
22304,COFFEE MUG BLUE PAISLEY DESIGN,1352.88,761,61
21686,MEDINA STAMPED METAL STOOL,1351.64,35,20
22754,SMALL RED BABUSHKA NOTEBOOK,1350.4699999999998,1951,266
21615,4 LAVENDER BOTANICAL DINNER CANDLES,1347.92,891,135
22949,36 DOILIES DOLLY GIRL,1347.8899999999999,911,90
22421,LIPSTICK PEN FUSCHIA,1347.1,2597,213
22399,MAGNETS PACK OF 4 CHILDHOOD MEMORY,1347.08,1152,98
21987,PACK OF 6 SKULL PAPER CUPS,1346.65,2113,171
22912,YELLOW COAT RACK PARIS FASHION,1342.39,287,100
22917,HERB MARKER ROSEMARY,1340.22,1937,240
84828,JUNGLE POPSICLES ICE LOLLY MOULDS,1338.8700000000001,960,153
21246,RED RETROSPOT BIG BOWL,1336.78,286,96
22073,RED RETROSPOT STORAGE JAR,1336.14,334,69
22293,HANGING CHICK GREEN DECORATION,1335.87,903,122
21624,VINTAGE UNION JACK DOORSTOP,1331.5600000000002,216,95
72802A,ROSE SCENT CANDLE IN JEWELLED BOX,1329.91,323,63
23538,WALL ART VINTAGE HEART,1329.54,331,32
22362,GLASS JAR PEACOCK BATH SALTS,1329.44,408,133
23232,WRAP VINTAGE PETALS  DESIGN,1327.5,3275,104
22742,MAKE YOUR OWN PLAYTIME CARD KIT,1323.5700000000002,639,101
85183B,CHARLIE & LOLA WASTEPAPER BIN FLORA,1323.37,996,118
22650,CERAMIC PIRATE CHEST MONEY BANK,1320.6999999999998,851,143
22916,HERB MARKER THYME,1314.21,1905,237
21179,NO JUNK MAIL METAL SIGN,1313.79,1940,266
23373,VINTAGE CHRISTMAS PAPER GIFT BAG,1313.3899999999999,1608,100
37447,CERAMIC CAKE DESIGN SPOTTED PLATE,1313.28,820,115
23405,HOME SWEET HOME 2 DRAWER CABINET,1311.48,252,70
90057,DIAMANTE RING ASSORTED IN BOX.,1311.3600000000001,1008,22
21195,PINK  HONEYCOMB PAPER BALL,1308.56,693,80
22686,FRENCH BLUE METAL DOOR SIGN No,1308.38,993,158
22028,PENNY FARTHING BIRTHDAY CARD,1304.1399999999999,3042,262
85199S,SMALL HANGING IVORY/RED WOOD BIRD,1302.31,2660,261
21627,ELEPHANT CARNIVAL POUFFE,1299.83,63,47
21793,CLASSIC FRENCH STYLE BASKET BROWN,1296.6100000000001,304,74
22310,IVORY KNITTED MUG COSY,1296.23,668,109
21422,PORCELAIN ROSE SMALL,1295.0,1607,63
22439,6 ROCKET BALLOONS,1293.22,1898,197
21866,UNION JACK FLAG LUGGAGE TAG,1292.38,747,193
22372,AIRLINE BAG VINTAGE WORLD CHAMPION,1289.49,279,147
21616,4 PEAR BOTANICAL DINNER CANDLES,1288.34,822,138
84012,MAGIC SHEEP WOOL GROWING FROM PAPER,1283.99,1265,115
21408,SPOTTY PINK DUCK DOORSTOP,1282.81,285,117
21064,BOOM BOX SPEAKER BOYS,1281.2,296,101
21901,"KEY FOB , BACK DOOR",1277.89,1828,308
22918,HERB MARKER PARSLEY,1275.3500000000001,1869,238
21090,SET/6 COLLAGE PAPER PLATES,1274.1899999999998,2413,217
47480,HANGING PHOTO CLIP ROPE LADDER,1274.1699999999998,746,86
23072,MARIE ANTOINETTE TRINKET BOX SILVER,1273.76,334,30
85059,FRENCH ENAMEL WATER BASIN,1273.11,411,128
21211,SET OF 72 SKULL PAPER  DOILIES,1270.07,883,103
21897,POTTING SHED CANDLE CITRONELLA,1268.1899999999998,405,3
21902,"KEY FOB , FRONT  DOOR",1262.3700000000001,1962,210
23061,VINTAGE EMBOSSED HEART,1257.68,955,113
47503A,ASS FLORAL PRINT MULTI SCREWDRIVER,1254.1200000000001,2734,163
23237,SET OF 4 KNICK KNACK TINS LEAVES,1253.7800000000002,306,54
22977,DOLLY GIRL CHILDRENS EGG CUP,1252.61,950,135
23511,EMBROIDERED RIBBON REEL EMILY,1252.01,571,98
22572,ROCKING HORSE GREEN CHRISTMAS,1244.6699999999998,1380,179
22442,GROW YOUR OWN FLOWERS SET OF 3,1241.3,296,78
22074,6 RIBBONS SHIMMERING PINKS,1239.6699999999998,1402,199
71038,WHITE HANGING BEADS CANDLE HOLDER,1239.5,238,47
21175,GIN AND TONIC DIET METAL SIGN,1237.5,498,50
23067,HANGING ENGRAVED METAL HEART,1236.66,294,78
22603,CHRISTMAS RETROSPOT TREE WOOD,1235.3799999999999,1387,171
22338,STAR DECORATION PAINTED ZINC,1233.91,4679,180
21262,WHITE GOOSE FEATHER CHRISTMAS TREE,1233.21,332,78
72817,SET OF 2 CHRISTMAS DECOUPAGE CANDLE,1232.27,1212,161
23138,SINGLE WIRE HOOK IVORY HEART,1231.51,879,82
22613,PACK OF 20 SPACEBOY NAPKINS,1222.61,1538,145
22919,HERB MARKER MINT,1221.8600000000001,1753,240
23142,IVORY WIRE KITCHEN ORGANISER,1220.8200000000002,121,40
22315,200 RED + WHITE BENDY STRAWS,1218.93,916,172
82578,KITCHEN METAL SIGN,1217.8500000000001,2058,305
82599,FANNY'S REST STOPMETAL SIGN,1217.73,508,141
22575,METAL MERRY CHRISTMAS WREATH,1216.22,636,90
23598,PAPER BUNTING VINTAGE PARTY,1215.53,427,47
22589,CARDHOLDER GINGHAM STAR,1212.82,379,79
21846,PINK DIAMANTE PEN IN GIFT BOX,1206.97,424,103
72800E,4 IVORY DINNER CANDLES SILVER FLOCK,1205.64,538,136
22168,ORGANISER WOOD ANTIQUE WHITE,1205.3,143,76
22711,WRAP CIRCUS PARADE,1202.84,2902,103
84884A,ANT WHITE WIRE HEART SPIRAL,1201.91,301,78
23444,Next Day Carriage,1200.0,79,79
22929,SCHOOL DESK AND CHAIR,1199.75,19,13
23026,DRAWER KNOB VINTAGE GLASS STAR,1198.96,556,62
21986,PACK OF 12 PINK POLKADOT TISSUES,1197.73,4067,189
23071,MARIE ANTOINETTE TRINKET BOX GOLD,1192.6,314,18
21899,"KEY FOB , GARAGE DESIGN",1192.16,1902,131
22755,SMALL PURPLE BABUSHKA NOTEBOOK,1187.96,1687,251
22453,MEASURING TAPE BABUSHKA BLUE,1185.79,442,78
21070,VINTAGE BILLBOARD MUG,1184.98,1106,107
22921,HERB MARKER CHIVES,1180.8700000000001,1716,209
23539,WALL ART LOVES' SECRET,1180.35,239,39
22597,MUSICAL ZINC HEART DECORATION,1179.59,2763,176
22081,RIBBON REEL FLORA + FAUNA,1176.5,644,138
23225,CHERUB HEART DECORATION SILVER,1176.1699999999998,1355,88
85039B,S/4 IVORY MINI ROSE CANDLE IN BOWL,1174.6299999999999,806,172
23431,NATURAL HANGING QUILTED HEARTS,1171.23,1449,72
22757,LARGE RED BABUSHKA NOTEBOOK,1167.74,1096,163
21742,LARGE ROUND WICKER PLATTER,1167.58,194,91
20984,12 PENCILS TALL TUBE POSY,1166.07,3785,170
23418,LAVENDER TOILETTE BOTTLE,1166.0,557,79
84313C,ORANGE TV TRAY TABLE,1165.9099999999999,504,43
23515,EMBROIDERED RIBBON REEL DAISY,1164.98,579,71
23508,MINI PLAYING CARDS DOLLY GIRL,1163.45,2627,120
21628,TRIANGULAR POUFFE VINTAGE,1161.65,63,33
22334,DINOSAUR PARTY BAG + STICKER SET,1160.7099999999998,707,101
21065,BOOM BOX SPEAKER GIRLS,1160.58,562,90
22708,WRAP DOLLY GIRL,1160.0,2800,100
20801,LARGE PINK GLASS SUNDAE DISH,1157.8,1013,81
22680,FRENCH BLUE METAL DOOR SIGN 5,1157.79,842,153
23566,EGG CUP MILKMAID HEIDI,1156.93,881,83
85132B,CHARLIE AND LOLA TABLE TINS,1156.1699999999998,529,75
23507,MINI PLAYING CARDS BUFFALO BILL,1155.67,2882,119
22924,FRIDGE MAGNETS LA VIE EN ROSE,1154.6,1295,87
21773,DECORATIVE ROSE BATHROOM BOTTLE,1154.17,1170,163
23269,SET OF 2 CERAMIC CHRISTMAS TREES,1152.98,779,94
21774,DECORATIVE CATS BATHROOM BOTTLE,1152.4,1095,186
22678,FRENCH BLUE METAL DOOR SIGN 3,1151.56,843,160
22320,BIRDS MOBILE VINTAGE DESIGN,1147.27,189,73
20956,PORCELAIN T-LIGHT HOLDERS ASSORTED,1146.52,822,101
22325,MOBILE VINTAGE HEARTS,1146.3500000000001,249,93
85106,CUT GLASS HEXAGON T-LIGHT HOLDER,1142.31,649,20
22497,SET OF 2 TINS VINTAGE BATHROOM,1140.9,224,100
21043,APRON MODERN VINTAGE COTTON,1139.86,492,90
21947,SET OF 6 HEART CHOPSTICKS,1139.65,811,152
21395,BLUE POLKADOT BEAKER,1139.06,2838,90
22581,WOOD STOCKING CHRISTMAS SCANDISPOT,1137.28,1569,177
22416,SET OF 36 DOILIES SPACEBOY DESIGN,1135.3999999999999,817,68
22446,PIN CUSHION BABUSHKA PINK,1135.18,439,133
22094,RED RETROSPOT TISSUE BOX,1135.0,2166,200
85159B,"WHITE TEA,COFFEE,SUGAR JARS",1134.5,622,59
22155,STAR DECORATION RUSTIC,1133.61,2452,142
22376,AIRLINE BAG VINTAGE JET SET WHITE,1133.2,252,122
84912B,GREEN ROSE WASHBAG,1132.85,323,160
22923,FRIDGE MAGNETS LES ENFANTS ASSORTED,1130.77,1360,80
85087,CANDY SPOT CUSHION COVER,1129.99,339,125
47585A,PINK FAIRY CAKE CUSHION COVER,1129.44,264,83
22539,MINI JIGSAW DOLLY GIRL,1129.32,2918,136
23506,MINI PLAYING CARDS SPACEBOY,1129.1200000000001,2723,146
22211,WOOD STAMP SET FLOWERS,1122.3899999999999,1008,196
84944,SET OF 6 KASHMIR FOLKART BAUBLES,1120.26,710,83
22815,CARD PSYCHEDELIC APPLES,1118.84,2628,268
23510,MINI PLAYING CARDS GYMKHANA,1118.8,2521,120
23411,TRELLIS COAT RACK,1118.6100000000001,227,56
21809,CHRISTMAS HANGING TREE WITH BELL,1117.92,1964,117
21466,RED FLOWER CROCHET FOOD COVER,1116.89,304,112
47580,TEA TIME DES TEA COSY,1116.72,388,110
22817,CARD SUKI BIRTHDAY,1114.81,2639,290
22608,PENS ASSORTED FUNKY JEWELED,1114.6399999999999,5211,144
23513,EMBROIDERED RIBBON REEL SUSIE,1114.26,566,70
21984,PACK OF 12 PINK PAISLEY TISSUES,1112.6,3458,212
22342,HOME GARLAND PAINTED ZINC,1111.58,997,128
22060,LARGE CAKE STAND HANGING HEARTS,1111.05,231,34
22758,LARGE PURPLE BABUSHKA NOTEBOOK,1110.25,1195,178
22153,ANGEL DECORATION STARS ON DRESS,1109.05,2593,131
23433,HANGING QUILTED PATCHWORK APPLES,1108.58,1258,89
21693,SMALL HAMMERED SILVER CANDLEPOT,1107.91,361,50
21830,ASSORTED CREEPY CRAWLIES,1107.07,2621,99
85116,BLACK CANDELABRA T-LIGHT HOLDER,1106.88,941,89
22444,GROW YOUR OWN PLANT IN A CAN,1106.62,838,57
85127,SMALL SQUARE CUT GLASS CANDLESTICK,1106.54,187,51
85114A,BLACK ENCHANTED FOREST PLACEMAT,1105.21,649,56
22819,"BIRTHDAY CARD, RETRO SPOT",1104.81,2608,270
22221,CAKE STAND LOVEBIRD 2 TIER PINK,1104.54,131,51
21824,PAINTED METAL STAR WITH HOLLY BELLS,1102.4199999999998,1916,117
21688,SILVER PLATE CANDLE BOWL SMALL,1101.2800000000002,348,57
23375,50'S CHRISTMAS PAPER GIFT BAG,1100.6899999999998,1342,103
22984,CARD GINGHAM ROSE,1096.09,2693,163
22997,TRAVEL CARD WALLET UNION JACK,1094.93,2545,222
22309,TEA COSY RED  STRIPE,1091.05,369,121
23087,ZINC  HEART T-LIGHT HOLDER,1090.66,868,69
21818,GLITTER HEART DECORATION,1088.5900000000001,2469,142
23432,PRETTY HANGING QUILTED HEARTS,1088.36,1276,74
15056bl,EDWARDIAN PARASOL BLACK,1086.88,87,62
21469,POLKA DOT RAFFIA FOOD COVER,1085.32,290,89
21991,BOHEMIAN COLLAGE STATIONERY SET,1080.82,635,211
21224,SET/4 SKULL BADGES,1080.0,914,165
84459B,YELLOW METAL CHICKEN HEART,1079.67,721,91
23347,I LOVE LONDON BEAKER,1077.3,860,97
22611,VINTAGE UNION JACK SHOPPING BAG,1077.03,225,46
23102,SILVER HEARTS TABLE DECORATION,1075.03,1274,157
23041,PAPER LANTERN 9 POINT SNOW STAR,1070.5800000000002,246,48
22245,"HOOK, 1 HANGER ,MAGIC GARDEN",1070.0,1262,98
51014L,"FEATHER PEN,LIGHT PINK",1069.1399999999999,2059,149
22123,PING MICROWAVE APRON,1068.3799999999999,508,122
82001S,SILVER RECORD COVER FRAME,1067.76,287,26
85036C,ROSE 1 WICK MORRIS BOXED CANDLE,1066.8600000000001,742,84
35648,VINTAGE BEAD PINK PURSE,1066.6599999999999,979,128
21819,GLITTER CHRISTMAS STAR,1066.65,2470,124
23331,DECORATIVE WICKER HEART SMALL,1062.28,1596,109
21288,STRIPEY CHOCOLATE NESTING BOXES,1061.41,355,110
20931,BLUE POT PLANT CANDLE,1060.9,299,68
23033,DRAWER KNOB CERAMIC RED,1058.8999999999999,714,74
22995,TRAVEL CARD WALLET SUKI,1058.64,2381,266
23516,EMBROIDERED RIBBON REEL SOPHIE,1058.6,296,42
84459A,PINK METAL CHICKEN HEART,1058.18,716,91
22190,LOCAL CAFE MUG,1057.71,676,116
23529,DOLLY GIRL WALL ART,1055.94,318,11
21391,FRENCH LAVENDER SCENT HEART,1055.59,1069,106
21464,DISCO BALL ROTATOR BATTERY OPERATED,1055.25,249,105
21949,SET OF 6 STRAWBERRY CHOPSTICKS,1054.44,801,144
85035B,CHOCOLATE 3 WICK MORRIS BOX CANDLE,1054.1,619,70
23402,HOME SWEET HOME 3 PEG HANGER,1053.53,271,64
16016,LARGE CHINESE STYLE SCISSOR,1053.45,1273,65
22152,PLACE SETTING WHITE STAR,1053.08,2407,105
23327,HANGING CLEAR MINI BOTTLE,1051.14,1734,41
16237,SLEEPING CAT ERASERS,1047.93,4991,290
22066,LOVE HEART TRINKET POT,1044.81,2239,135
23419,HOME SWEET HOME BOTTLE,1043.72,473,86
23542,70'S ALPHABET WALL ART,1043.1,150,15
22163,HEART STRING MEMO HOLDER HANGING,1042.78,875,122
85180A,RED HEARTS LIGHT CHAIN,1042.66,503,63
21508,VINTAGE KID DOLLY CARD,1041.94,2478,213
23231,WRAP  VINTAGE DOILY,1039.08,2474,94
22808,SET OF 6 T-LIGHTS EASTER CHICKS,1038.8700000000001,345,75
79302M,"ART LIGHTS,FUNK MONKEY",1037.54,370,62
21821,GLITTER STAR GARLAND WITH BELLS,1037.05,251,62
22438,BALLOON ART MAKE YOUR OWN FLOWERS,1034.9,1009,98
23088,ZINC HEART FLOWER T-LIGHT HOLDER,1033.28,795,79
22402,MAGNETS PACK OF 4 VINTAGE COLLAGE,1033.16,1719,151
22091,EMPIRE TISSUE BOX,1030.1000000000001,1983,167
21788,KIDS RAIN MAC BLUE,1029.24,1293,85
21679,SKULLS  STICKERS,1028.58,1140,138
20967,GREY FLORAL FELTCRAFT SHOULDER BAG,1027.94,265,83
22231,JIGSAW TREE WITH BIRDHOUSE,1027.72,998,144
22614,PACK OF 12 SPACEBOY TISSUES,1024.2199999999998,3032,219
22024,RAINY LADIES BIRTHDAY CARD,1023.73,2406,213
22679,FRENCH BLUE METAL DOOR SIGN 4,1023.03,740,152
15044C,PURPLE PAPER PARASOL,1022.9900000000001,313,88
20966,SANDWICH BATH SPONGE,1022.8,719,97
21188,3D HEARTS  HONEYCOMB PAPER GARLAND,1021.9000000000001,326,50
23452,HEART MINI PORTRAIT FRAME,1021.76,518,87
23153,ZINC SWEETHEART WIRE LETTER RACK,1020.69,263,90
22459,CAST IRON HOOK GARDEN TROWEL,1018.19,386,25
22860,EASTER TIN CHICKS PINK DAISY,1017.7699999999999,589,107
22673,FRENCH GARDEN SIGN BLUE METAL,1016.08,791,131
21803,CHRISTMAS TREE STAR DECORATION,1016.02,2353,198
23544,WALL ART MID CENTURY MODERN,1015.78,164,20
23525,WALL ART BUFFALO BILL,1011.1000000000001,334,37
85039A,SET/4 RED MINI ROSE CANDLE IN BOWL,1010.6199999999999,704,162
21617,4 LILY  BOTANICAL DINNER CANDLES,1009.26,525,102
21354,TOAST ITS - BEST MUM,1007.71,799,95
23460,SWEETHEART WALL TIDY,1007.0799999999999,108,43
21198,WHITE HEART CONFETTI IN TUBE,1006.8199999999999,1028,71
72816,SET/3 CHRISTMAS DECOUPAGE CANDLES,1005.3199999999999,892,69
21467,CHERRY CROCHET FOOD COVER,1004.39,264,104
22279,POCKET BAG BLUE PAISLEY RED SPOT,1003.4,831,128
22098,BOUDOIR SQUARE TISSUE BOX,1001.5500000000001,1992,172
22695,WICKER WREATH SMALL,1001.49,741,123
23121,PACK OF 6 COCKTAIL PARASOL STRAWS,1000.4399999999999,2501,111
23533,WALL ART GARDEN HAVEN,998.64,215,36
23517,EMBROIDERED RIBBON REEL REBECCA,996.38,334,63
23131,MISELTOE HEART WREATH CREAM,996.0000000000001,240,1
22242,5 HOOK HANGER MAGIC TOADSTOOL,994.3799999999999,640,34
10125,MINI FUNKY DESIGN TAPES,993.99,1295,91
22069,BROWN  PIRATE TREASURE CHEST,993.5,414,146
21355,TOAST ITS - I LOVE YOU,992.58,789,120
85232D,SET/3 DECOUPAGE STACKING TINS,992.5200000000001,193,69
84558A,3D DOG PICTURE PLAYING CARDS,987.4100000000001,333,81
20886,BOX OF 9 PEBBLE CANDLES,986.23,485,103
23281,FOLDING BUTTERFLY MIRROR RED,985.88,1262,99
35651,VINTAGE BEAD PINK SCARF,985.8399999999999,451,58
20802,SMALL GLASS SUNDAE DISH CLEAR,984.4699999999999,739,63
21648,ASSORTED TUTTI FRUTTI SMALL PURSE,982.79,729,66
23518,EMBROIDERED RIBBON REEL RACHEL,980.41,361,44
35471D,SET OF 3 BIRD LIGHT PINK FEATHER,979.11,1848,223
21948,SET OF 6 CAKE CHOPSTICKS,978.23,640,153
23514,EMBROIDERED RIBBON REEL SALLY,977.39,478,74
85064,CREAM SWEETHEART LETTER RACK,976.25,215,30
23512,EMBROIDERED RIBBON REEL ROSIE,975.24,500,57
22681,FRENCH BLUE METAL DOOR SIGN 6,973.15,710,126
21112,"SWISS ROLL TOWEL, PINK  SPOTS",971.44,653,43
84843,WHITE SOAP RACK WITH 2 BOTTLES,969.8000000000001,172,48
22307,GOLD MUG BONE CHINA TREE OF LIFE,969.64,770,74
22599,CHRISTMAS MUSICAL ZINC STAR,967.7599999999999,1953,123
23183,MOTHER'S KITCHEN SPOON REST,967.17,226,84
22500,SET OF 2 TINS JARDIN DE PROVENCE,967.05,248,96
22857,ASSORTED EASTER GIFT TAGS,965.8599999999999,1145,61
21058,PARTY INVITES WOODLAND,965.66,1154,122
47504H,ENGLISH ROSE SPIRIT LEVEL,964.38,978,118
21389,IVORY HANGING DECORATION  BIRD,964.2299999999999,1113,128
22209,WOOD STAMP SET HAPPY BIRTHDAY,964.2199999999999,945,173
23107,WHITE HEARTS WIRE PLANT POT HOLDER,963.27,343,71
22540,MINI JIGSAW CIRCUS PARADE,960.86,2519,91
22210,WOOD STAMP SET BEST WISHES,958.04,1017,187
20846,ZINC HEART LATTICE T-LIGHT HOLDER,957.32,716,88
22994,TRAVEL CARD WALLET RETROSPOT,956.94,2194,218
70007,HI TEC ALPINE HAND WARMER,956.36,841,107
20733,GOLD MINI TAPE MEASURE,956.36,1234,205
23529,WALL ART DOLLY GIRL,956.0500000000002,319,26
23380,PACK OF 12 VINTAGE DOILY TISSUES,955.42,2272,119
84913A,SOFT PINK ROSE TOWEL,952.83,273,124
84819,DANISH ROSE ROUND SEWING BOX,951.79,811,62
84509G,SET OF 4 FAIRY CAKE PLACEMATS,950.49,517,66
22262,FELT EGG COSY CHICKEN,950.4599999999999,1023,137
84596G,SMALL CHOCOLATES PINK BOWL,949.0799999999999,1855,245
21683,MEDIUM MEDINA STAMPED METAL BOWL,948.7000000000002,310,58
21717,EASTER TIN BUCKET,946.93,408,41
15044B,BLUE PAPER PARASOL,946.83,321,60
47593B,SCOTTIE DOGS BABY BIB,946.13,1987,245
22939,ADULT APRON APPLE DELIGHT,945.88,184,45
21507,"ELEPHANT, BIRTHDAY CARD,",945.46,2210,167
22986,WRAP GINGHAM ROSE,943.92,2276,82
22270,HAPPY EASTER HANGING DECORATION,942.1999999999999,243,53
22246,MAGIC GARDEN FELT GARLAND,939.3699999999999,419,89
22132,RED LOVE HEART SHAPE CUP,939.03,1038,154
35646,VINTAGE BEAD PINK EVENING BAG,937.25,619,94
23178,JAM CLOCK MAGNET,936.89,327,68
23540,WALL ART THE MAGIC FOREST,933.16,148,13
21462,"NURSERY A,B,C PAINTED LETTERS",932.4,198,73
22893,MINI CAKE STAND T-LIGHT HOLDER,931.02,1872,142
21682,LARGE MEDINA STAMPED METAL BOWL,930.96,182,55
23179,CLOCK MAGNET MUM'S KITCHEN,930.48,324,53
22281,EASTER TREE YELLOW BIRDS,929.44,131,63
22046,TEA PARTY  WRAPPING PAPER,929.0,2250,75
23099,FRENCH CARRIAGE LANTERN,925.35,137,58
85103,SILVER T-LIGHT SETTING,924.29,143,28
23527,ANIMALS AND NATURE WALL ART,923.97,267,17
22701,PINK DOG BOWL,922.89,549,115
20686,DOLLY MIXTURE CHILDREN'S UMBRELLA,922.67,267,77
17091J,VANILLA INCENSE IN TIN,920.67,2084,95
20752,BLUE POLKADOT WASHING UP GLOVES,920.45,407,148
85114C,RED ENCHANTED FOREST PLACEMAT,920.2199999999999,516,75
21802,CHRISTMAS TREE HEART DECORATION,919.14,2122,180
72799E,IVORY PILLAR CANDLE SILVER FLOCK,916.9900000000001,451,76
21786,POLKADOT RAIN HAT,916.99,1937,226
23338,EGG FRYING PAN RED,915.4000000000001,431,109
23002,TRAVEL CARD WALLET SKULLS,914.37,2119,192
85034A,3 GARDENIA MORRIS BOXED CANDLES,911.4,498,74
22103,MIRROR MOSAIC T-LIGHT HOLDER ROUND,908.24,1248,26
37501,TEA TIME TEA SET IN GIFT BOX,906.83,133,49
22519,CHILDS GARDEN BRUSH PINK,906.7500000000001,411,88
84519A,TOMATO CHARLIE+LOLA COASTER SET,905.55,512,88
23004,TRAVEL CARD WALLET PANTRY,903.16,2002,221
85114B,IVORY ENCHANTED FOREST PLACEMAT,902.49,477,77
21894,POTTING SHED SEED ENVELOPES,902.08,592,130
23532,WALL ART WORK REST AND PLAY,901.58,210,31
85131A,BEADED PEARL HEART WHITE ON STICK,901.48,996,119
22106,MIRROR MOSAIC HURRICANE LAMP,898.38,349,47
21465,PINK FLOWER CROCHET FOOD COVER,897.8,237,79
22277,COSMETIC BAG VINTAGE ROSE PAISLEY,897.74,417,100
22682,FRENCH BLUE METAL DOOR SIGN 7,896.75,677,113
21631,HIPPY CHIC DECORATIVE PARASOL,896.01,169,27
22936,BAKING MOULD ROSE WHITE CHOCOLATE,895.97,279,50
22719,GUMBALL MONOCHROME COAT RACK,895.72,620,109
21633,SUNFLOWER DECORATIVE PARASOL,895.46,125,42
22761,CHEST 7 DRAWER MA CAMPAGNE,895.38,36,26
22118,JOY WOODEN BLOCK LETTERS,895.26,230,89
23472,NINE DRAWER OFFICE TIDY,894.42,58,33
84823,DANISH ROSE FOLDING CHAIR,890.4000000000001,112,25
22251,BIRDHOUSE DECORATION MAGIC GARDEN,889.49,712,137
21189,WHITE HONEYCOMB PAPER GARLAND,888.67,355,72
22814,CARD PARTY GAMES,888.47,2129,235
21199,PINK  HEART CONFETTI IN TUBE,888.3299999999999,966,78
84536B,FAIRY CAKES NOTEBOOK A7 SIZE,888.14,2102,178
21743,STAR PORTABLE TABLE LIGHT,887.6500000000001,299,49
21209,MULTICOLOUR HONEYCOMB FAN,886.24,1224,89
23528,SPACEBOY WALL ART,885.9000000000001,306,13
22524,CHILDRENS GARDEN GLOVES BLUE,883.1999999999999,642,81
46776F,WOVEN ROSE GARDEN CUSHION COVER,883.12,210,89
85176,SEWING SUSAN 21 NEEDLE SET,880.4699999999999,918,172
23502,PLAYING CARDS VINTAGE DOILY,880.16,701,92
22317,FIVE CATS HANGING DECORATION,879.6700000000001,286,89
84030e,ENGLISH ROSE HOT WATER BOTTLE,877.76,108,41
22308,TEA COSY BLUE STRIPE,877.38,250,105
23423,PANTRY 3 HOOK ROLLING PIN HANGER,876.9,219,66
22343,PARTY PIZZA DISH RED RETROSPOT,873.3299999999999,1974,94
22565,FELTCRAFT HAIRBANDS PINK AND WHITE,872.67,933,148
23479,WIRE EGG BASKET,872.38,113,44
22683,FRENCH BLUE METAL DOOR SIGN 8,871.49,644,119
21399,BLUE POLKADOT COFFEE MUG,869.6099999999999,2054,71
23220,REINDEER HEART DECORATION GOLD,869.15,993,103
85049H,URBAN BLACK RIBBONS,869.1,848,184
21204,DAISIES  HONEYCOMB GARLAND,868.4399999999999,499,85
23545,WRAP RED VINTAGE DOILY,866.0,2100,68
21708,FOLDING UMBRELLA CREAM POLKADOT,863.11,190,64
22321,BIRD DECORATION RED RETROSPOT,860.93,893,132
84849D,HOT BATHS SOAP HOLDER,859.0,494,114
21880,RED RETROSPOT TAPE,858.7800000000001,1903,240
21695,SMALL SILVER FLOWER CANDLE POT,857.6800000000001,284,41
22068,BLACK PIRATE TREASURE CHEST,856.39,526,143
85135C,RED DRAGONFLY HELICOPTER,856.38,106,67
21823,PAINTED METAL HEART WITH HOLLY BELL,854.3499999999999,1372,97
23525,BUFFALO BILL WALL ART,852.72,248,16
85183A,CHARLIE & LOLA WASTEPAPER BIN BLUE,852.04,667,86
84535B,FAIRY CAKES NOTEBOOK A6 SIZE,850.2,1332,155
84006,MAGIC TREE -PAPER FLOWERS,848.6999999999999,918,105
22706,WRAP COWBOYS,847.94,2057,71
22105,MIRROR MOSAIC GOBLET CANDLE HOLDER,847.82,574,33
21359,RELAX LARGE WOOD LETTERS,844.28,129,29
22537,MAGIC DRAWING SLATE DINOSAUR,844.0,1929,171
23564,EGG CUP MILKMAID INGRID,841.31,644,76
22162,HEART GARLAND RUSTIC PADDED,841.24,264,91
20839,FRENCH PAISLEY CUSHION COVER,840.4399999999999,575,105
21694,SMALL REGAL  SILVER CANDLEPOT,840.33,307,24
37327,ASSTD MULTICOLOUR CIRCLES MUG,840.0799999999999,1578,81
15034,PAPER POCKET TRAVELING FAN,840.0200000000001,6591,138
23551,PACK OF 12 PAISLEY PARK TISSUES,839.8399999999999,1840,136
22276,WASH BAG VINTAGE ROSE PAISLEY,838.86,290,85
84997a,CHILDRENS CUTLERY POLKADOT GREEN,837.29,101,60
22254,FELT TOADSTOOL LARGE,836.8000000000001,657,61
23523,TREASURE AHOY WALL ART,833.46,270,16
22102,MIRROR MOSAIC T-LIGHT HOLDER,831.84,1622,31
22217,T-LIGHT HOLDER HANGING LACE,831.26,839,82
21125,SET 6 FOOTBALL CELEBRATION CANDLES,830.98,657,103
21642,ASSORTED TUTTI FRUTTI PEN,830.7299999999999,2471,101
22587,FELTCRAFT HAIRBAND RED AND BLUE,830.52,918,161
21804,WHITE CHRISTMAS GARLAND STARS TREES,830.03,225,65
20986,BLUE CALCULATOR RULER,829.74,654,113
22341,LOVE GARLAND PAINTED ZINC,827.6299999999999,453,78
22862,LOVE HEART NAPKIN BOX,826.95,171,66
23017,APOTHECARY MEASURING JAR,826.28,67,22
21294,ETCHED GLASS COASTER,825.49,1618,71
85194L,HANGING SPRING FLOWER EGG LARGE,822.89,947,73
22093,MOTORING TISSUE BOX,822.13,1830,160
72818,CHRISTMAS DECOUPAGE CANDLE,821.98,1845,76
21905,MORE BUTTER METAL SIGN,821.61,760,160
21291,SMALL POLKADOT CHOCOLATE GIFT BAG,819.64,943,52
23186,FRENCH STYLE STORAGE JAR CAFE,819.4599999999999,1982,70
85169A,IVORY LOVE BIRD CANDLE,813.02,812,88
22249,DECORATION WHITE CHICK MAGIC GARDEN,812.86,928,145
85049a,TRADITIONAL CHRISTMAS RIBBONS,812.84,244,36
79191C,RETRO PLASTIC ELEPHANT TRAY,812.53,1105,65
23022,SMALL BONNE JAM JAR  T-LIGHT HOLDER,808.16,422,22
84509B,SET OF 4 FAIRY CAKE PLACEMATS,806.04,217,79
21789,KIDS RAIN MAC PINK,803.65,925,92
23409,PHOTO FRAME LINEN AND LACE LARGE,801.6800000000001,215,43
22099,CARAVAN SQUARE TISSUE BOX,800.59,1440,153
22546,MINI JIGSAW PURDEY,799.9799999999999,2103,86
23524,HORSE & PONY WALL ART,797.3100000000001,256,17
85170D,SET/6 PINK BIRD T-LIGHT CANDLES,796.99,451,100
79160,HEART SHAPE WIRELESS DOORBELL,795.83,444,49
23487,SWEET HEART CAKE CARRIER,795.5799999999999,80,44
85173,SET/6 FROG PRINCE T-LIGHT CANDLES,795.02,479,86
21162,TOXIC AREA  DOOR HANGER,792.98,1462,162
23106,ZINC HEARTS PLANT POT HOLDER,792.47,283,52
23519,EMBROIDERED RIBBON REEL CLAIRE,792.31,224,24
22705,WRAP GREEN PEARS,790.86,1883,77
23335,EGG FRYING PAN IVORY,790.7800000000001,377,96
22566,FELTCRAFT HAIRBAND PINK AND PURPLE,789.78,873,150
23568,EGG CUP HENRIETTA HEN CREAM,787.52,630,48
22340,NOEL GARLAND PAINTED ZINC,787.2099999999999,1398,128
21680,WOODLAND  STICKERS,786.31,868,103
85163B,BLACK BAROQUE WALL CLOCK,783.68,84,36
22518,CHILDS GARDEN BRUSH BLUE,783.5400000000001,363,81
84660A,WHITE STITCHED WALL CLOCK,783.45,843,42
85159A,"BLACK TEA,COFFEE,SUGAR JARS",783.3499999999999,453,47
85035A,GARDENIA 3 WICK MORRIS BOXED CANDLE,782.3,276,81
21158,MOODY GIRL DOOR HANGER,781.87,1469,170
22685,FRENCH BLUE METAL DOOR SIGN 0,780.8,594,99
21504,SKULLS GREETING CARD,778.89,1891,115
22228,BUNNY WOODEN PAINTED WITH BIRD,777.78,1000,147
21983,PACK OF 12 BLUE PAISLEY TISSUES,777.67,2301,155
85231B,CINAMMON SET OF 9 T-LIGHTS,777.5799999999999,868,151
21272,SALLE DE BAIN HOOK,777.5699999999999,548,103
85185B,PINK HORSE SOCK PUPPET,776.4900000000001,255,57
85032A,ROMANTIC IMAGES GIFT WRAP SET,776.49,789,135
22422,TOOTHPASTE TUBE PEN,776.1,1273,205
84509a,SET OF 4 ENGLISH ROSE PLACEMATS,775.84,104,68
22451,SILK PURSE BABUSHKA RED,775.8000000000001,222,51
84279B,CHERRY BLOSSOM DECORATIVE FLASK,774.7,192,69
22586,FELTCRAFT HAIRBAND PINK AND BLUE,774.55,856,161
84519B,CARROT CHARLIE+LOLA COASTER SET,773.3,471,126
21084,SET/6 COLLAGE PAPER CUPS,773.14,2610,181
22522,CHILDS GARDEN FORK BLUE,772.59,930,128
21927,BLUE/CREAM STRIPE CUSHION COVER,771.15,623,99
22133,PINK LOVE HEART SHAPE CUP,770.73,816,133
84609,TALL ROCOCO CANDLE HOLDER,770.59,93,20
23115,RED APPLES CHOPPING BOARD,770.32,152,45
21530,DAIRY MAID TOASTRACK,769.57,777,104
22985,WRAP BILLBOARD FONTS DESIGN,769.02,1831,64
21618,4 WILDFLOWER BOTANICAL CANDLES,768.37,404,91
22986,GINGHAM ROSE WRAP,768.18,1829,73
23140,TRIPLE WIRE HOOK IVORY HEART,766.1,182,52
84997b,RED 3 PIECE RETROSPOT CUTLERY SET,765.55,91,12
22786,CUSHION COVER PINK UNION JACK,764.63,123,47
21707,FOLDING UMBRELLA BLACKBLUE POLKADOT,763.6600000000001,160,74
23550,WRAP ALPHABET POSTER,763.1,1855,64
23006,TRAVEL CARD WALLET FLOWER MEADOW,762.75,1758,173
23458,DOLLY CABINET 3 DRAWERS,762.4499999999999,51,30
22252,BIRDCAGE DECORATION TEALIGHT HOLDER,761.57,643,67
22025,RING OF ROSES BIRTHDAY CARD,761.05,1835,130
23025,DRAWER KNOB VINTAGE GLASS BALL,760.8000000000001,350,54
85130B,BEADED CRYSTAL HEART GREEN LARGE,760.4300000000001,834,62
85125,SMALL ROUND CUT GLASS CANDLESTICK,760.39,161,33
23524,WALL ART HORSE & PONY,760.32,225,46
17084R,ASSORTED INCENSE PACK,760.3199999999999,4032,27
21287,SCENTED VELVET LOUNGE CANDLE,760.15,1790,55
10002,INFLATABLE POLITICAL GLOBE,759.89,860,71
23123,COCKTAIL SWORDS 50 PIECES,759.5699999999999,935,95
22753,SMALL YELLOW BABUSHKA NOTEBOOK,758.13,1010,217
22454,MEASURING TAPE BABUSHKA RED,757.0200000000001,266,41
22480,RED TEA TOWEL CLASSIC DESIGN,755.96,630,73
84913B,MINT GREEN ROSE TOWEL,754.07,196,86
22336,DOVE DECORATION PAINTED ZINC,754.0300000000001,2381,79
23124,18PC WOODEN CUTLERY SET DISPOSABLE,751.38,567,43
21383,PACK OF 12 STICKY BUNNIES,751.28,991,167
20748,KENSINGTON COFFEE SET,751.17,57,34
22523,CHILDS GARDEN FORK PINK,750.81,864,135
23223,CHRISTMAS TREE HANGING SILVER,750.1899999999999,801,88
21126,SET OF 6 GIRLS CELEBRATION CANDLES,748.95,592,126
22495,SET OF 2 ROUND TINS CAMEMBERT,748.82,282,98
84763,ZINC FINISH 15CM PLANTER POTS,748.34,601,57
22322,BIRD DECORATION GREEN POLKADOT,747.81,820,139
22481,BLACK TEA TOWEL CLASSIC DESIGN,747.3,825,128
21215,IVORY PAPER CUP CAKE CASES,744.35,1087,124
22258,FELT FARM ANIMAL RABBIT,743.89,912,77
21643,ASSORTED TUTTI FRUTTI MIRROR,743.31,550,60
23282,FOLDING BUTTERFLY MIRROR IVORY,742.92,794,133
22316,200 BENDY SKULL STRAWS,742.37,660,55
85212,MINI PAINTED GARDEN DECORATION,740.15,2451,79
85032B,BLOSSOM IMAGES GIFT WRAP SET,739.99,786,133
23114,VINTAGE LEAF CHOPPING BOARD,737.95,149,45
21677,HEARTS  STICKERS,737.8399999999999,835,119
22264,FELT FARM ANIMAL WHITE BUNNY,736.98,1561,96
22393,PAPERWEIGHT VINTAGE COLLAGE,736.88,510,71
20914,SET/5 RED SPOTTY LID GLASS BOWLS,734.4,288,1
84660B,BLACK STITCHED WALL CLOCK,733.28,707,40
23435,3 RAFFIA RIBBONS VINTAGE CHRISTMAS,732.4200000000001,824,99
22097,SWALLOW SQUARE TISSUE BOX,732.39,1596,145
22985,"WRAP, BILLBOARD FONTS DESIGN",731.42,1951,35
22250,DECORATION  BUTTERFLY  MAGIC GARDEN,730.9499999999999,819,147
21398,RED POLKADOT COFFEE  MUG,729.6,1532,63
22856,ASSORTED EASTER DECORATIONS  BELLS,729.57,569,27
22400,MAGNETS PACK OF 4 HOME SWEET HOME,729.09,1393,150
20996,JAZZ HEARTS ADDRESS BOOK,726.8900000000001,3191,225
22684,FRENCH BLUE METAL DOOR SIGN 9,726.07,531,98
84754,S/15 SILVER GLASS BAUBLES IN BAG,725.52,558,62
21883,STARS GIFT TAPE,725.4200000000001,1653,133
90200D,PINK SWEETHEART BRACELET,725.32,175,78
85131D,BEADED CRYSTAL HEART PINK ON STICK,725.26,850,206
23562,SET OF 6 RIBBONS PERFECTLY PRETTY,724.59,251,43
22821,GIFT BAG PSYCHEDELIC APPLES,722.6700000000001,1171,139
72803A,ROSE SCENT CANDLE JEWELLED DRAWER,722.47,529,41
46775D,SUNSET COLOUR CHUNKY KNITTED THROW,720.93,60,39
79067,CORONA MEXICAN TRAY,719.69,172,38
21822,GLITTER CHRISTMAS TREE WITH BELLS,719.3,698,97
85032C,CURIOUS IMAGES GIFT WRAP SET,718.5400000000001,683,140
23222,CHRISTMAS TREE HANGING GOLD,718.53,799,75
21630,FLOOR CUSHION ELEPHANT CARNIVAL,718.14,69,35
22718,CARD CAT AND TREE,717.23,1633,168
21775,DECORATIVE FLORE BATHROOM BOTTLE,716.86,515,139
22201,FRYING PAN BLUE POLKADOT,716.8,193,87
85036A,GARDENIA 1 WICK MORRIS BOXED CANDLE,714.35,211,60
22026,BANQUET BIRTHDAY  CARD,712.08,1644,160
23042,PAPER LANTERN 7 POINT SNOW STAR,711.51,103,28
84817,DANISH ROSE DECORATIVE PLATE,710.64,951,55
84581,DOG TOY WITH PINK CROCHET SKIRT,709.71,187,90
20866,BLUE ROSE FABRIC MIRROR,709.7,597,90
23070,EDWARDIAN HEART PHOTO FRAME,709.5400000000001,160,44
21289,LARGE STRIPES CHOCOLATE GIFT BAG,708.75,567,49
21143,ANTIQUE GLASS HEART DECORATION,707.23,327,36
21636,MADRAS NOTEBOOK MEDIUM,705.16,913,73
22514,CHILDS GARDEN SPADE BLUE,704.45,302,99
22981,PANTRY APPLE CORER,704.13,471,105
21356,TOAST ITS - FAIRY FLOWER,703.3,642,151
21739,COSY SLIPPER SHOES SMALL GREEN,703.08,254,111
21106,CREAM SLICE FLANNEL CHOCOLATE SPOT,702.51,237,53
21476,STEEL SWEETHEART ROUND TABLE CREAM,699.63,41,24
21208,PASTEL COLOUR HONEYCOMB FAN,697.77,940,83
20704,MR ROBOT SOFT TOY,697.7,216,44
79164,BLACK WINE GLASS,697.62,1666,19
85078,SCANDINAVIAN 3 HEARTS NAPKIN RING,696.8,1932,124
16235,RECYCLED PENCIL WITH RABBIT ERASER,695.4,3068,168
84707A,SILVER JEWELLED MIRROR TRINKET TRAY,695.23,95,45
23187,FRENCH STYLE STORAGE JAR BONBONS,695.06,2338,74
85049D,BRIGHT BLUES RIBBONS,694.99,547,107
21066,VINTAGE RED MUG,693.47,702,54
84660C,PINK STITCHED WALL CLOCK,693.32,661,45
21650,ASSORTED TUTTI FRUTTI BRACELET,692.85,2550,132
35923,CANDY HEART HANGING DECORATION,690.52,1318,62
16225,RATTLE SNAKE EGGS,689.35,813,102
79066K,RETRO MOD TRAY,689.34,783,146
22403,MAGNETS PACK OF 4 VINTAGE LABELS,689.28,1322,125
22324,BLUE POLKADOT KIDS BAG,688.3,286,74
20902,VINTAGE KEEPSAKE BOX PARIS DAYS,686.86,112,56
85071B,RED CHARLIE+LOLA PERSONAL DOORSIGN,684.62,1290,125
21317,GLASS SPHERE CANDLE STAND MEDIUM,684.08,111,34
22339,CHRISTMAS TREE PAINTED ZINC,683.3100000000001,2468,83
85019B,BLOSSOM  IMAGES NOTEBOOK SET,682.97,512,36
23120,PACK OF 6 SMALL FRUIT STRAWS,682.39,1685,100
23325,RUSTIC STRAWBERRY JAM POT SMALL,681.54,426,32
21163,DO NOT TOUCH MY STUFF DOOR HANGER,680.55,1196,127
46776B,WOVEN BERRIES CUSHION COVER,679.67,161,88
22136,LOVE HEART SOCK HANGER,679.28,378,84
23597,PAPER BUNTING PAISLEY PARK,679.07,249,31
22062,CERAMIC BOWL WITH LOVE HEART DESIGN,677.86,583,73
35001G,HAND OPEN SHAPE GOLD,677.34,198,30
21205,MULTICOLOUR 3D BALLS GARLAND,677.1899999999999,253,68
22806,SET OF 6 T-LIGHTS WEDDING CAKE,677.0400000000001,260,38
84659A,WHITE TRAVEL ALARM CLOCK,676.27,280,89
23428,IVORY RETRO KITCHEN WALL CLOCK,675.91,77,33
40001,WHITE BAMBOO RIBS LAMPSHADE,675.2299999999999,821,56
22999,TRAVEL CARD WALLET RETRO PETALS,674.11,1544,105
22267,EASTER DECORATION EGG BUNNY,673.17,836,83
21351,CINAMMON & ORANGE WREATH,672.88,104,34
21696,SMALL SILVER TRELLIS CANDLEPOT,672.4000000000001,224,33
47591d,PINK FAIRY CAKE CHILDRENS APRON,672.24,134,56
21261,GREEN GOOSE FEATHER CHRISTMAS TREE,672.09,187,45
21629,SQUARE FLOOR CUSHION VINTAGE RED,672.05,71,42
84923,PINK BUTTERFLY HANDBAG W BOBBLES,671.62,162,98
22618,COOKING SET RETROSPOT,671.53,69,28
22535,MAGIC DRAWING SLATE BUNNIES,669.75,1763,134
22204,MILK PAN BLUE POLKADOT,669.54,197,79
22057,CERAMIC PLATE STRAWBERRY DESIGN,667.92,584,61
23024,LARGE BONNE JAM JAR  T-LIGHT HOLDER,667.8500000000001,255,11
47574A,ENGLISH ROSE SCENTED HANGING FLOWER,665.2,548,114
85199L,LARGE HANGING IVORY & RED WOOD BIRD,663.4300000000001,977,95
37475,SET/4 COLOURFUL MIXING BOWLS,661.9799999999999,70,43
21613,S/12 VANILLA  BOTANICAL T-LIGHTS,661.9300000000001,227,42
23547,WRAP FLOWER SHOP,661.5,1575,62
23482,PEARLISED IVORY HEART LARGE,661.02,418,39
22615,PACK OF 12 CIRCUS PARADE TISSUES,660.15,2073,102
18098C,PORCELAIN BUTTERFLY OIL BURNER,658.75,213,49
72349b,SET/6 PURPLE BUTTERFLY T-LIGHTS,658.51,159,82
22450,SILK PURSE BABUSHKA BLUE,657.76,194,58
22756,LARGE YELLOW BABUSHKA NOTEBOOK,656.52,599,123
22448,PIN CUSHION BABUSHKA RED,656.4300000000001,201,45
20767,BLUE PAISLEY JOURNAL,656.06,250,79
20658,RED RETROSPOT LUGGAGE TAG,652.11,433,105
46776A,WOVEN BUBBLE GUM CUSHION COVER,651.95,155,70
23224,CHERUB HEART DECORATION GOLD,649.02,738,71
22525,CHILDRENS GARDEN GLOVES PINK,648.97,489,74
21187,WHITE BELL HONEYCOMB PAPER GARLAND,648.4499999999999,369,48
22715,CARD WEDDING DAY,645.64,1543,130
21747,SMALL SKULL WINDMILL,645.61,485,54
23408,PHOTO FRAME LINEN AND LACE SMALL,644.8000000000001,310,59
22533,MAGIC DRAWING SLATE BAKE A CAKE,644.39,1782,88
85177,BASKET OF FLOWERS SEWING KIT,644.2099999999999,812,63
22389,PAPERWEIGHT SAVE THE PLANET,641.55,338,45
84789,ENCHANTED BIRD PLANT CAGE,640.72,186,48
35810A,ENAMEL PINK COFFEE CONTAINER,640.0899999999999,633,75
84800L,LARGE WHITE/PINK ROSE ART FLOWER,639.36,360,22
22067,CHOC TRUFFLE GOLD TRINKET POT,638.6199999999999,408,70
21808,"CHRISTMAS GARLAND STARS,TREES",637.83,180,48
84929,ASSTD FRUIT+FLOWERS FRIDGE MAGNETS,637.5600000000001,2412,65
23492,VINTAGE JINGLE BELLS WREATH,635.38,76,28
23298,"BUNTING , SPOTTY",634.7,146,7
21054,NURSE'S BAG SOFT TOY,634.53,70,29
21640,ASSORTED TUTTI FRUTTI  FOB NOTEBOOK,633.8299999999999,650,78
21784,SHOE SHINE BOX,633.0699999999999,57,44
17021,NAMASTE SWAGAT INCENSE,632.34,2391,47
20840,FRENCH FLORAL CUSHION COVER,632.3199999999999,533,74
21446,12 RED ROSE PEG PLACE SETTINGS,630.92,449,105
23216,LAUREL HEART ANTIQUE GOLD,630.73,525,44
22396,MAGNETS PACK OF 4 RETRO PHOTO,630.37,1226,128
72232,FENG SHUI PILLAR CANDLE,630.23,3317,65
21417,COCKLE SHELL DISH,629.8000000000001,340,68
84596L,BISCUITS SMALL BOWL LIGHT BLUE,629.38,1254,172
23019,SMALL APOTHECARY MEASURING JAR,629.0500000000001,81,28
20932,PINK POT PLANT CANDLE,628.7900000000001,204,35
23027,DRAWER KNOB VINTAGE GLASS HEXAGON,627.95,295,30
79163,BLACK CHAMPAGNE GLASS,626.55,1529,35
22559,SEASIDE FLYING DISC,626.53,505,81
20735,BLACK MINI TAPE MEASURE,625.8,623,112
22194,BLACK DINER WALL CLOCK,625.6899999999999,66,44
84665,SQUARE CHERRY BLOSSOM CABINET,624.75,105,17
21426,WOODLAND STORAGE BOX SMALL,624.58,256,46
84086C,PINK/PURPLE RETRO RADIO,622.27,218,53
22520,CHILDS GARDEN TROWEL BLUE,622.0999999999999,719,113
22129,PARTY CONES CANDY DECORATION,621.96,454,67
22269,EGG CUP NATURAL CHICKEN,621.49,932,125
23425,STORAGE TIN HOME SWEET HOME,621.44,275,56
20772,GARDEN PATH JOURNAL,621.1899999999999,247,65
23180,MUM'S KITCHEN CLOCK,621.09,122,49
22116,METAL SIGN HIS DINNER IS SERVED,620.42,575,148
85141,JARDIN ETCHED GLASS FRUITBOWL,619.94,120,39
84637,KITCHEN FLOWER POTS WALL PLAQUE,619.59,116,83
21865,PINK UNION JACK  PASSPORT COVER,618.9300000000001,271,106
21473,SWEETHEART CREAM STEEL TABLE RECT,618.66,27,21
23528,WALL ART SPACEBOY,618.59,173,37
22035,VINTAGE CARAVAN GREETING CARD,617.3199999999999,1452,137
22953,BIRTHDAY PARTY CORDON BARRIER TAPE,617.11,478,97
22288,HANGING METAL RABBIT DECORATION,616.95,474,58
23471,SIX DRAWER OFFICE TIDY,616.79,65,27
23453,OVAL  MINI PORTRAIT FRAME,615.98,316,47
21171,BATHROOM METAL SIGN,613.14,438,73
23018,LARGE APOTHECARY MEASURING JAR,612.1600000000001,51,21
21684,SMALL MEDINA STAMPED METAL BOWL,612.1,771,47
22420,LIPSTICK PEN BABY PINK,611.3,1333,126
22021,BLUE FELT EASTER EGG BASKET,610.4499999999999,365,71
23454,THREE MINI HANGING FRAMES,610.0,142,50
20893,HANGING BAUBLE T-LIGHT HOLDER SMALL,609.02,268,26
22515,CHILDS GARDEN SPADE PINK,608.95,266,84
85170C,SET/6 EAU DE NIL BIRD T-LIGHTS,608.53,335,72
21769,VINTAGE POST OFFICE CABINET,607.6500000000001,11,2
21709,FOLDING UMBRELLA CHOCOLATE POLKADOT,607.23,133,59
22233,JIGSAW RABBIT AND BIRDHOUSE,607.14,596,105
72598,SET/12 TAPER CANDLES,605.89,607,93
22595,CHRISTMAS GINGHAM HEART,605.8,649,54
22359,GLASS JAR KINGS CHOICE,605.7700000000001,183,81
84625A,PINK NEW BAROQUECANDLESTICK CANDLE,605.48,478,42
22232,JIGSAW TOADSTOOLS 3 PIECE,604.4599999999999,690,83
22129,PARTY CONES CANDY TREE DECORATION,604.4599999999999,734,33
20764,ABSTRACT CIRCLES SKETCHBOOK,603.3100000000001,142,76
22255,FELT TOADSTOOL  SMALL,602.63,629,77
21159,MOODY BOY  DOOR HANGER,601.79,1126,124
35971,ROSE FOLKART HEART DECORATIONS,600.93,462,88
23520,EMBROIDERED RIBBON REEL RUBY,600.55,167,32
85017B,ENVELOPE 50 BLOSSOM IMAGES,600.29,1077,158
21014,SWISS CHALET TREE DECORATION,598.8199999999999,1385,119
22642,SET OF 4 NAPKIN CHARMS STARS,596.36,269,51
17012B,ORIGAMI JASMINE INCENSE/CANDLE SET,595.85,525,85
22266,EASTER DECORATION HANGING BUNNY,595.85,1887,92
21292,SMALL STRIPES CHOCOLATE GIFT BAG,594.51,867,28
21448,12 DAISY PEGS IN WOOD BOX,592.6199999999999,344,77
23377,PACK OF 12 DOLLY GIRL TISSUES,592.4499999999999,1351,133
22247,BUNNY DECORATION MAGIC GARDEN,591.4399999999999,668,113
21581,SKULLS  DESIGN  COTTON TOTE BAG,590.67,252,79
21253,SET OF PICTURE FRAME  STICKERS,590.4200000000001,134,62
21015,DARK BIRD HOUSE TREE DECORATION,589.55,1483,142
85180B,PINK HEARTS LIGHT CHAIN,587.2,271,48
23565,EGG CUP MILKMAID HELGA,586.31,410,63
23499,SET 12 VINTAGE DOILY CHALK,586.23,1312,110
21576,LETS GO SHOPPING COTTON TOTE BAG,585.34,252,78
22825,DECORATIVE PLANT POT WITH FRIEZE,584.37,73,28
22096,PINK PAISLEY SQUARE TISSUE BOX,584.09,1366,117
22703,PINK CAT BOWL,583.33,360,123
85071A,BLUE CHARLIE+LOLA PERSONAL DOORSIGN,583.23,1041,111
82001s,SILVER RECORD COVER FRAME,581.88,78,15
85036B,CHOCOLATE 1 WICK MORRIS BOX CANDLE,581.4300000000001,361,49
22785,SQUARECUSHION COVER PINK UNION JACK,581.23,173,42
21096,SET/6 FRUIT SALAD  PAPER PLATES,581.09,1259,105
22999,TRAVEL CARD WALLET VINTAGE LEAF,578.48,1350,117
23324,RUSTIC STRAWBERRY JAM POT LARGE,577.48,279,38
22260,FELT EGG COSY BLUE RABBIT,577.4399999999999,552,104
84352,SILVER CHRISTMAS TREE BAUBLE STAND,577.35,34,23
85144,JARDIN ETCHED GLASS CHEESE DISH,575.45,219,40
22820,GIFT BAG BIRTHDAY,575.4200000000001,940,77
23016,GLASS TWIST BON BON JAR,575.25,74,24
23125,6PC WOOD PLATE SET DISPOSABLE,574.88,459,38
22337,ANGEL DECORATION PAINTED ZINC,574.5400000000001,912,77
20702,PINK PADDED MOBILE,573.54,134,42
20832,RED FLOCK LOVE HEART PHOTO FRAME,572.67,1067,82
85136A,YELLOW SHARK HELICOPTER,572.41,71,53
22319,HAIRCLIPS FORTIES FABRIC ASSORTED,572.26,1322,61
21468,BUTTERFLY CROCHET FOOD COVER,572.23,148,66
21264,WHITE GOOSE FEATHER TREE 60CM,571.65,283,48
21277,FRENCH STYLE EMBOSSED HEART CABINET,571.43,26,22
84748,FOLK FELT HANGING MULTICOL GARLAND,570.86,204,61
85172,HYACINTH BULB T-LIGHT CANDLES,569.68,1314,43
85130D,BEADED CRYSTAL HEART PINK LARGE,569.29,565,62
21251,DINOSAUR HEIGHT CHART STICKER SET,568.98,182,46
85161,ACRYLIC GEOMETRIC LAMP,568.65,35,20
23219,LAUREL STAR ANTIQUE SILVER,568.6,430,61
21675,BUTTERFLIES STICKERS,568.26,628,110
84796A,PINK HAWAIIAN PICNIC HAMPER FOR 2,568.13,61,43
21488,RED WHITE SCARF  HOT WATER BOTTLE,566.1700000000001,69,16
22482,BLUE TEA TOWEL CLASSIC DESIGN,565.86,478,53
21899,GARAGE KEY FOB,565.8100000000001,777,147
22272,FELTCRAFT DOLL MARIA,564.9200000000001,196,48
85019A,ROMANTIC IMAGES NOTEBOOK SET,564.35,414,33
23381,PACK OF 12 VINTAGE LEAF TISSUES,562.88,1496,80
23272,TREE T-LIGHT HOLDER WILLIE WINKIE,562.2199999999999,364,44
21219,SET/4 BADGES BALLOON GIRL,561.84,448,89
85032D,YULETIDE IMAGES GIFT WRAP SET,561.34,687,93
23413,VINTAGE COFFEE GRINDER BOX,561.23,109,30
84569D,PACK 6 HEART/ICE-CREAM PATCHES,560.62,467,98
84912A,PINK ROSE WASHBAG,560.62,156,74
85016,SET OF 6 VINTAGE NOTELETS KIT,560.11,563,42
85163A,WHITE BAROQUE WALL CLOCK,559.0,66,32
71279,PINK GLASS CANDLEHOLDER,558.37,175,38
90062,CARNIVAL BRACELET,558.03,44,26
21662,VINTAGE GLASS COFFEE CADDY,557.3000000000001,86,26
85187,S/12 MINI RABBIT EASTER,556.53,337,69
23069,EDWARDIAN PHOTO FRAME,556.21,88,32
23451,SQUARE MINI PORTRAIT FRAME,556.17,277,52
21194,PINK  HONEYCOMB PAPER FAN,555.97,498,65
85025B,EAU DE NILE HEART SHAPE PHOTO FRAME,555.1199999999999,329,38
84951B,SET OF 4 BLACK LOVEBIRD COASTERS,554.78,451,82
17129F,BLUE GLASS GEMS IN BAG,553.8299999999999,588,57
35599D,PINK AND WHITE CHRISTMAS TREE 120CM,553.07,201,34
84951A,SET OF 4 PISTACHIO LOVEBIRD COASTER,553.01,475,93
23473,WOODLAND SMALL RED FELT HEART,552.02,678,51
47563A,RETRO LONGBOARD IRONING BOARD COVER,551.51,285,105
79030G,TUMBLER NEW ENGLAND,551.1899999999999,1261,53
35965,FOLKART HEART NAPKIN RINGS,551.13,366,69
35599B,BLACK CHRISTMAS TREE 120CM,551.13,217,27
22903,CALENDAR FAMILY FAVOURITES,550.6,193,59
21397,BLUE POLKADOT EGG CUP,550.43,1075,65
23456,MEDIUM PARLOUR PICTURE FRAME,550.0,136,34
21849,SILVER DIAMANTE PEN IN GIFT BOX,548.93,173,66
22584,PACK OF 6 PANETTONE GIFT BOXES,548.63,233,18
23549,WRAP BIRD GARDEN,548.1,1305,52
21638,ASSORTED TUTTI FRUTTI NOTEBOOK,547.76,247,40
23074,EMBOSSED HEART TRINKET BOX,547.27,246,48
17012D,ORIGAMI ROSE INCENSE/CANDLE SET,547.24,461,97
21128,GOLD FISHING GNOME,546.6,68,36
84598,BOYS ALPHABET IRON ON PATCHES,546.04,1975,99
85184C,SET 4 VALENTINE DECOUPAGE HEART BOX,545.75,169,62
22261,FELT EGG COSY WHITE RABBIT,544.7099999999999,579,107
85107,CUT GLASS T-LIGHT HOLDER OCTAGON,541.39,249,27
22513,DOORSTOP FOOTBALL DESIGN,539.9,152,67
22023,EMPIRE BIRTHDAY CARD,538.72,1206,146
84625C,BLUE NEW BAROQUE CANDLESTICK CANDLE,536.41,449,35
22717,CARD DOG AND BALL,535.78,1229,131
23398,HANGING HEART BONHEUR,535.35,606,69
22496,SET OF 2 ROUND TINS DUTCH CHEESE,535.11,253,79
85088,CANDY SPOT HAND BAG,534.83,259,51
23660,HENRIETTA HEN MUG,534.66,306,42
85114c,RED ENCHANTED FOREST PLACEMAT,534.66,162,35
82613D,METAL SIGN CUPCAKE SINGLE HOOK,534.24,696,111
22543,MINI JIGSAW BAKE A CAKE,530.8,1453,55
17012F,ORIGAMI SANDLEWOOD INCENSE/CAND SET,530.6,448,94
35241,ENAMEL BLUE RIM BISCUIT BIN,530.49,103,44
21801,CHRISTMAS TREE DECORATION WITH BELL,530.26,1251,125
21270,ANTIQUE CREAM CUTLERY CUPBOARD,530.19,50,36
75131,METAL TUBE CHIME ON BAMBOO,529.21,490,15
23139,SINGLE WIRE HOOK PINK HEART,528.6999999999999,414,27
22709,WRAP WEDDING DAY,528.5,1325,39
21059,PARTY INVITES DINOSAURS,528.2299999999999,611,94
23060,HEART BEADED TRELLIS DECORATION,528.1700000000001,249,42
22707,WRAP MONSTER FUN,527.94,1257,49
22275,WEEKEND BAG VINTAGE ROSE PAISLEY,527.85,69,1
85104,SILVER GLASS T-LIGHT SET,525.75,201,17
22521,CHILDS GARDEN TROWEL PINK,525.51,609,104
22248,DECORATION  PINK CHICK MAGIC GARDEN,525.09,593,109
85135B,BLUE DRAGONFLY HELICOPTER,524.5500000000001,65,45
20785,FUSCHIA RETRO BAR STOOL,523.3000000000001,14,5
22861,EASTER TIN CHICKS IN GARDEN,522.93,305,50
23537,WALL ART I LOVE LONDON,521.73,99,32
85131B,BEADED CRYSTAL HEART GREEN ON STICK,521.11,623,172
85025C,PINK HEART SHAPE PHOTO FRAME,520.91,321,39
84816,DANISH ROSE BEDSIDE CABINET,519.35,13,10
23336,EGG FRYING PAN PINK,519.25,225,85
84313B,BLUE TV TRAY TABLE,518.61,127,39
22286,"DECORATION , WOBBLY RABBIT , METAL",518.03,293,48
21455,PAINTED YELLOW WOODEN DAISY,516.79,612,117
21711,FOLDING UMBRELLA WHITE/RED POLKADOT,513.02,104,36
22216,T-LIGHT HOLDER WHITE LACE,512.93,588,68
23136,IVORY WIRE SWEETHEART LETTER TRAY,511.89,135,49
21926,RED/CREAM STRIPE CUSHION COVER,509.9,414,60
22280,POCKET BAG PINK PAISELY BROWN SPOT,509.59,468,95
72819,CUPID DESIGN SCENTED CANDLES,509.07,225,43
84520B,PACK 20 ENGLISH ROSE PAPER NAPKINS,508.36999999999995,554,80
20681,PINK POLKADOT CHILDRENS UMBRELLA,506.96,140,46
22785,SQUARECUSHION COVER PINK UNION FLAG,506.34000000000003,72,32
23043,PAPER LANTERN 9 POINT HOLLY STAR L,506.01,75,20
20761,BLUE PAISLEY SKETCHBOOK,505.97,120,63
20998,ROSE DU SUD OVEN GLOVE,505.20000000000005,185,69
22127,PARTY CONES CARNIVAL ASSORTED,504.88,404,22
21654,RIDGED GLASS FINGER BOWL,504.68,974,59
23527,WALL ART ANIMALS AND NATURE,504.59000000000003,153,31
22286,DECORATION WOBBLY RABBIT METAL,504.46,830,67
84687,BEACH HUT SHELF W 3 DRAWERS,504.43,81,31
84616,SILVER ROCCOCO CHANDELIER,504.32,14,9
21067,VINTAGE RED TEATIME MUG,504.15,317,76
21925,UNION STRIPE CUSHION COVER,503.75,403,65
82616B,FRAPPUCINO SCARF KNITTING KIT,502.74,343,73
21710,FOLDING UMBRELLA PINKWHITE POLKADOT,501.98,107,45
82616C,MIDNIGHT GLAMOUR SCARF KNITTING KIT,501.44,324,85
85231G,ORANGE SCENTED SET/9 T-LIGHTS,501.27,594,81
23117,POPPY FIELDS CHOPPING BOARD,501.23,93,45
22181,SNOWSTORM PHOTO FRAME FRIDGE MAGNET,500.90999999999997,591,57
23021,GLASS BONNE JAM JAR,500.82000000000005,120,27
82613B,"METAL SIGN,CUPCAKE SINGLE HOOK",500.24,583,111
23560,SET OF 6 RIBBONS COUNTRY STYLE,499.18,172,26
21972,SET OF 36 DINOSAUR PAPER DOILIES,499.08,335,65
84509C,SET OF 4 POLKADOT PLACEMATS,498.94,130,51
22050,PINK PAISLEY ROSE GIFT WRAP,498.5,1225,40
84970s,HANGING HEART ZINC T-LIGHT HOLDER,496.49,238,66
22511,RETROSPOT BABUSHKA DOORSTOP,495.2,251,54
22516,CHILDS GARDEN RAKE BLUE,494.89000000000004,206,62
20766,GARDEN PATH SKETCHBOOK,493.57,122,57
21358,TOAST ITS - HAPPY BIRTHDAY,493.29,411,108
35598D,PINK/WHITE CHRISTMAS TREE 60CM,493.01,684,42
46776C,WOVEN FROST CUSHION COVER,492.79,117,59
21632,VINTAGE PINK DECORATIVE PARASOL,489.74,88,24
85194S,HANGING SPRING FLOWER EGG SMALL,489.17,1197,72
21850,BLUE  DIAMANTE PEN IN GIFT BOX,488.13,129,54
35809A,ENAMEL PINK TEA CONTAINER,488.06,420,62
21202,DOLLY HONEYCOMB GARLAND,485.46,474,25
21454,PAINTED PINK RABBIT,485.15999999999997,572,136
84820,DANISH ROSE TRINKET TRAYS,483.05,259,31
23218,LAUREL STAR ANTIQUE GOLD,483.03,379,40
21634,ASSORTED MINI MADRAS NOTEBOOK,481.95,976,28
22638,SET OF 4 NAPKIN CHARMS CROWNS,481.88,300,52
17012C,ORIGAMI LAVENDER INCENSE/CANDL SET,481.79999999999995,420,85
22230,JIGSAW TREE WITH WATERING CAN,480.62999999999994,1047,101
90209C,PINK ENAMEL+GLASS HAIR COMB,480.5,263,31
21867,PINK UNION JACK  LUGGAGE TAG,480.25,348,121
21741,COSY SLIPPER SHOES LARGE GREEN,480.1700000000001,147,40
23169,CLASSIC GLASS SWEET JAR,479.45000000000005,119,14
84849B,FAIRY SOAP SOAP HOLDER,478.83,266,76
23422,PANTRY HOOK BALLOON WHISK,477.89,213,47
85049F,BABY BOOM RIBBONS,477.34,378,88
21472,LADYBIRD + BEE RAFFIA FOOD COVER,476.41,123,37
20803,SMALL PINK GLASS SUNDAE DISH,476.38,939,40
23561,SET OF 6 RIBBONS PARTY,476.0,170,16
21587,COSY HOUR GIANT TUBE MATCHES,475.65,195,26
85093,CANDY SPOT EGG WARMER HARE,475.18,708,88
21507,ELEPHANT BIRTHDAY CARD,474.78,1110,95
22184,CAKE STAND VICTORIAN FILIGREE LARGE,471.86,56,35
21366,MIRRORED WALL ART PHOTO FRAMES,470.16999999999996,89,46
23521,WALL ART CAT AND BIRD,469.73,143,40
20716,PARTY FOOD SHOPPER BAG,469.63,400,73
20707,CRAZY DAISY HEART DECORATION,468.39,464,149
20615,BLUE POLKADOT PASSPORT COVER,466.99,309,95
84674,FLYING PIG WATERING CAN,466.95000000000005,193,47
20831,GOLD PHOTO FRAME,466.53000000000003,216,39
84917,WHITE HAND TOWEL WITH BUTTERFLY,466.3,184,27
22647,CERAMIC LOVE HEART MONEY BANK,466.18,732,45
23379,PACK OF 12 RED APPLE TISSUES,465.36,1220,76
21374,MIRRORED WALL ART SKULLS,463.79,304,46
23455,SMALL PARLOUR PICTURE FRAME,462.45,165,33
20838,FRENCH LATTICE CUSHION COVER,461.45,385,57
35598B,BLACK CHRISTMAS TREE 60CM,460.64,558,25
21003,ROSE DU SUD CUSHION COVER,460.58,78,46
23691,WRAP KEEP CALM BIRTHDAY,460.5,1125,36
22344,PARTY PIZZA DISH PINK POLKADOT,459.81,1225,76
21063,PARTY INVITES JAZZ HEARTS,458.31,528,102
21062,PARTY INVITES SPACEMAN,457.38,538,74
23045,PAPER LANTERN 5 POINT STAR MOON,456.48,108,20
17096,ASSORTED LAQUERED INCENSE HOLDERS,455.9800000000001,2545,24
21851,LILAC DIAMANTE PEN IN GIFT BOX,454.99,141,63
35004G,SET OF 3 GOLD FLYING DUCKS,454.65,127,21
84916,HAND TOWEL PALE BLUE W FLOWERS,453.39,223,29
85169C,EAU DE NIL LOVE BIRD CANDLE,452.86,429,46
22268,EASTER DECORATION SITTING BUNNY,452.79999999999995,529,75
22813,PACK 3 BOXES BIRD PANETTONE,451.84,204,31
21061,PARTY INVITES FOOTBALL,451.7,488,83
21641,ASSORTED TUTTI FRUTTI KEYRING BALL,451.59,1153,49
23548,WRAP MAGIC FOREST,451.5,1075,43
23509,MINI PLAYING CARDS FUN FAIR,451.46000000000004,1062,65
48189,DOORMAT FRIENDSHIP,451.10999999999996,27,17
84872A,TEATIME FUNKY FLOWER BACKPACK FOR 2,450.08,40,32
22517,CHILDS GARDEN RAKE PINK,447.63000000000005,199,69
20669,RED HEART LUGGAGE TAG,447.34,304,96
20770,ABSTRACT CIRCLE JOURNAL,447.25,184,72
21365,MIRRORED WALL ART STARS,447.09000000000003,363,52
84600,NEW BAROQUE JEWELLERY BOX,446.89,53,25
22640,SET OF 4 NAPKIN CHARMS 3 KEYS,446.84,237,57
22486,PLASMATRONIC LAMP,446.45,71,25
84920,PINK FLOWER FABRIC PONY,446.23,115,48
22598,CHRISTMAS MUSICAL ZINC TREE,446.2,990,95
84976,RECTANGULAR SHAPED MIRROR,446.15000000000003,512,37
21415,CLAM SHELL SMALL,446.02000000000004,219,46
21220,SET/4 BADGES DOGS,445.01,338,89
21656,RIDGED GLASS POSY VASE,444.58,219,47
21580,RABBIT  DESIGN  COTTON TOTE BAG,444.07,181,62
82613C,"METAL SIGN,CUPCAKE SINGLE HOOK",443.38,537,96
20903,VINTAGE KEEPSAKE BOX TRAVELOGUE,441.89,82,56
22643,SET OF 4 NAPKIN CHARMS LEAVES,441.83,238,48
35637A,IVORY STRING CURTAIN WITH POLE,440.62,170,28
22390,PAPERWEIGHT CHILDHOOD MEMORIES,440.34,266,36
20619,TROPICAL PASSPORT COVER,439.65,262,99
20768,GREEN FERN JOURNAL,438.57,176,55
23023,RIDGED BONNE JAM JAR T-LIGHT HOLDER,437.81999999999994,274,25
85111,SILVER GLITTER FLOWER VOTIVE HOLDER,437.59,1409,57
85130C,BEADED CRYSTAL HEART BLUE  LARGE,437.22,482,46
21828,EIGHT PIECE SNAKE  SET,435.79,330,84
22545,MINI JIGSAW BUNNIES,435.67,1142,75
84360,TABLE LAMP WHITE SHADE WOOD BASE,434.12,78,20
35653,VINTAGE BEAD NOTEBOOK,433.19,150,52
85168B,BLACK BAROQUE CARRIAGE CLOCK,432.78999999999996,51,35
22229,BUNNY WOODEN PAINTED WITH FLOWER,432.46,568,101
23058,CHRISTMAS HANGING SNOWFLAKE,430.86,490,48
20705,MRS ROBOT SOFT TOY,428.85,143,28
21002,ROSE DU SUD DRAWSTRING BAG,428.66,125,66
21088,SET/6 FRUIT SALAD PAPER CUPS,428.28000000000003,1678,103
85071C,"CHARLIE+LOLA""EXTREMELY BUSY"" SIGN",428.0,683,105
21758,VINTAGE SHELLS PRINT,427.46000000000004,50,32
23457,LARGE PARLOUR PICTURE FRAME,427.03000000000003,85,29
77101A,UNION FLAG WINDSOCK,426.94,387,22
23522,DOG AND BALL WALL ART,425.87999999999994,252,4
20934,SET/3 POT PLANT CANDLES,424.46000000000004,68,32
84931B,BLUE SCOTTIE DOG W FLOWER PATTERN,424.08,177,49
90200E,GREEN SWEETHEART BRACELET,423.41,103,44
21318,GLASS CHALICE BLUE SMALL,421.78,694,49
90154,LAZER CUT NECKLACE W PASTEL BEADS,421.75,57,5
85136C,RED SHARK HELICOPTER,421.18,52,36
72799F,IVORY PILLAR CANDLE GOLD FLOCK,421.13000000000005,144,30
20762,GREEN FERN SKETCHBOOK,420.08,106,56
21129,SILVER FISHING GNOME,419.52000000000004,52,27
84970l,SINGLE HEART ZINC T-LIGHT HOLDER,418.98,201,50
90114,SUMMER DAISIES BAG CHARM,417.96,167,88
85208,SET/12 FUNKY FELT FLOWER PEG IN BAG,416.91,223,48
22214,CANDLE PLATE LACE WHITE,416.59999999999997,193,56
20765,CHRYSANTHEMUM SKETCHBOOK,416.05,102,59
21147,JINGLE BELLS TREE DECORATION,415.77,203,76
22405,MONEY BOX POCKET MONEY DESIGN,415.36,372,70
22108,PING! MICROWAVE PLATE,415.09000000000003,152,63
21285,RETROSPOT CANDLE  MEDIUM,413.88,365,43
21884,CAKES AND BOWS GIFT  TAPE,413.76,1166,93
90161C,ANT COPPER LIME BOUDICCA BRACELET,412.74,83,50
23459,DOLLY CABINET 2 DRAWERS,412.5,33,19
15056p,EDWARDIAN PARASOL PINK,412.48,33,26
84658,WHITE STITCHED CUSHION COVER,412.23,57,22
23415,HOME SWEET HOME HOOK,412.17999999999995,328,47
84596E,SMALL LICORICE DES PINK BOWL,411.68,564,79
84806B,WHITE CANDYSTUFT ARTIFICIAL FLOWER,411.55999999999995,308,20
21817,GLITTER CHRISTMAS TREE,410.91,906,58
22447,PIN CUSHION BABUSHKA BLUE,410.81,137,45
20830,SILVER PHOTO FRAME,409.83,136,37
21579,LOLITA  DESIGN  COTTON TOTE BAG,409.72,176,50
22051,BLUE SCANDINAVIAN PAISLEY WRAP,409.5,975,39
85203,HANGING WOOD AND FELT BUTTERFLY,408.99,895,127
16219,HOUSE SHAPE PENCIL SHARPENER,407.71999999999997,3048,100
84821,DANISH ROSE DELUXE COASTER,407.15,935,40
35964,FOLKART CLIP ON STARS,404.08,783,100
22406,MONEY BOX KINGS CHOICE DESIGN,403.46,346,84
22510,GINGHAM BABUSHKA DOORSTOP,402.74,210,42
22134,MINI LADLE LOVE HEART RED,401.18,865,153
23339,EGG FRYING PAN BLUE,400.84000000000003,173,76
23576,SNACK TRAY RED VINTAGE DOILY,400.03999999999996,198,37
23429,RED RETRO KITCHEN WALL CLOCK,400.01,47,23
23039,T-LIGHT HOLDER SILVER HEART HANDLE,399.71,199,28
22345,PARTY PIZZA DISH BLUE POLKADOT,399.05,1117,71
23466,TUSCAN VILLA DOVECOTE BIRD FEEDER,399.03,43,23
37476,CONDIMENT TRAY 4 BOWLS AND 4 SPOONS,399.02,37,26
21131,GOLD STANDING GNOME,398.02,106,28
22287,"DECORATION , WOBBLY CHICKEN, METAL",397.71999999999997,234,35
18007,ESSENTIAL BALM 3.5g TIN IN ENVELOPE,395.61,5884,30
23484,HEART TRELLIS TRIPLE T-LIGHT HOLDER,395.11,129,30
23661,MILK MAIDS MUG,393.59,219,33
22048,BIRTHDAY BANQUET GIFT WRAP,393.5,975,32
20867,PINK ROSE FABRIC MIRROR,393.46999999999997,331,62
47421,ASSORTED COLOUR LIZARD SUCTION HOOK,393.0,994,55
90200B,BLACK SWEETHEART BRACELET,392.83,93,47
23150,IVORY SWEETHEART SOAP DISH,390.75000000000006,148,49
85232A,SET/3 POLKADOT STACKING TINS,389.55,78,29
84826,ASSTD DESIGN 3D PAPER STICKERS,389.38,1162,31
21373,MIRRORED WALL ART SNOWFLAKES,389.04,512,47
23337,EGG FRYING PAN MINT,388.75,180,69
35095A,BLUE VICTORIAN FABRIC OVAL BOX,388.57,925,100
84974,S/2 ZINC HEART DESIGN PLANTERS,388.04999999999995,39,28
22256,FELT FARM ANIMAL CHICKEN,387.9,286,50
23103,BELL HEART DECORATION,387.0,252,9
21879,HEARTS GIFT TAPE,385.47,1176,94
21881,CUTE CATS TAPE,383.11,1102,79
20854,BLUE PATCH PURSE PINK HEART,383.02,242,41
21197,MULTICOLOUR  CONFETTI IN TUBE,382.9599999999999,284,27
23116,VEGETABLE GARDEN CHOPPING BOARD,382.44,76,22
84919,BLUE CUSHION COVER WITH FLOWER,381.78000000000003,58,29
71053,WHITE MOROCCAN METAL LANTERN,381.54999999999995,69,26
22346,PARTY PIZZA DISH GREEN POLKADOT,381.09,1034,59
85179A,GREEN BITTY LIGHT CHAIN,380.79,193,59
21562,HAWAIIAN GRASS SKIRT,380.36,324,28
16045,POPART WOODEN PENCILS ASST,380.0,8900,68
46776D,WOVEN SUNSET CUSHION COVER,378.29,89,37
90161B,ANT COPPER TURQ BOUDICCA BRACELET,377.88,76,37
21243,PINK POLKADOT PLATE,377.56,220,25
21051,RIBBONS PURSE,377.2,192,51
90160C,TURQ+RED BOUDICCA LARGE BRACELET,377.04,54,26
47367B,PAIR PADDED HANGERS PINK CHECK,376.27000000000004,112,43
17012A,ORIGAMI VANILLA INCENSE/CANDLE SET,375.93,323,65
84559A,3D SHEET OF DOG STICKERS,375.60999999999996,397,94
23396,LA JARDIN BOTANIQUE CUSHION COVER,375.53,87,28
21635,MADRAS NOTEBOOK LARGE,374.96000000000004,271,16
21284,RETROSPOT CANDLE  SMALL,374.49,403,42
84663A,GRASS HOPPER WOODEN WALL CLOCK,374.12,272,34
23128,DOLLCRAFT BOY JEAN-PAUL,373.9,82,12
21945,STRAWBERRIES  DESIGN FLANNEL,373.34,358,105
84915,HAND TOWEL PINK FLOWER AND DAISY,372.33,217,23
21689,SILVER VANILLA  FLOWER CANDLE POT,369.87,95,26
84563A,PINK & WHITE BREAKFAST TRAY,369.84000000000003,96,35
20782,CAMOUFLAGE EAR MUFF HEADPHONES,368.08,53,27
23575,SNACK TRAY PAISLEY PARK,367.34999999999997,179,32
16011,ANIMAL STICKERS,367.29,1749,46
22532,MAGIC DRAWING SLATE LEAP FROG,366.75,1072,73
22769,CHALKBOARD KITCHEN ORGANISER,366.73,11,8
21320,GLASS CHALICE GREEN  LARGE,364.22,197,19
22265,EASTER DECORATION NATURAL CHICK,363.55,536,64
21286,RETROSPOT CANDLE  LARGE,362.12,273,30
35957,SMALLFOLKART BAUBLE CHRISTMAS DEC,361.81,688,41
21348,PINK SPOTS CHOCOLATE NESTING BOXES,361.55999999999995,140,6
21000,ROSE DU SUD COSMETICS BAG,360.84,96,52
16008,SMALL FOLDING SCISSOR(POINTED EDGE),360.71,2892,70
85049e,SCANDINAVIAN REDS RIBBONS,360.71,109,42
84632,DECORATIVE HANGING SHELVING UNIT,359.70000000000005,6,5
21060,PARTY INVITES BALLOON GIRL,359.28999999999996,405,71
23579,SNACK TRAY I LOVE LONDON,358.75,169,35
20856,DENIM PATCH PURSE PINK BUTTERFLY,357.28999999999996,216,61
82095,HEART BUTTONS JEWELLERY BOX,356.11,68,30
85169D,PINK LOVE BIRD CANDLE,356.08,351,50
85169B,BLACK LOVE BIRD CANDLE,356.06,329,62
84569A,PACK 3 IRON ON DOG PATCHES,355.84,294,65
21724,PANDA AND BUNNIES STICKER SHEET,355.83,408,81
90209B,GREEN ENAMEL+GLASS HAIR COMB,355.64,184,54
22100,SKULLS SQUARE TISSUE BOX,354.82,755,59
47310M,SMALL POP BOX FUNKY MONKEY,353.98,258,87
35095B,RED VICTORIAN FABRIC OVAL BOX,352.25,862,98
23420,PANTRY HOOK TEA STRAINER,351.37,164,32
35954,SMALL FOLKART STAR CHRISTMAS DEC,350.48,1245,54
21555,CERAMIC STRAWBERRY TRINKET TRAY,350.46999999999997,137,69
21664,RIDGED GLASS STORAGE JAR CREAM LID,350.22,98,18
21723,ALPHABET HEARTS STICKER SHEET,350.08,397,59
22268,DECORATION SITTING BUNNY,349.54,1480,83
37482P,CUBIC MUG PINK POLKADOT,349.35,494,47
23421,PANTRY HOOK SPATULA,349.2,160,33
21263,GREEN GOOSE FEATHER TREE 60CM,349.17,167,42
22529,MAGIC DRAWING SLATE GO TO THE FAIR,349.03,851,70
84924A,WAKE UP COCKEREL CALENDAR SIGN,348.59000000000003,81,33
23044,PAPER LANTERN 9 POINT HOLLY STAR S,348.59000000000003,83,20
21421,PORCELAIN ROSE LARGE,348.43000000000006,299,14
21222,SET/4 BADGES BEETLES,348.19,265,73
21001,ROSE DU SUD WASHBAG,348.19,73,50
23057,GEMSTONE CHANDELIER T-LIGHT HOLDER,347.70000000000005,78,7
20652,BLUE POLKADOT LUGGAGE TAG,346.86,265,78
84563B,BLUE & WHITE BREAKFAST TRAY,346.3,94,38
20700,GREEN CAT FLORAL CUSHION COVER,345.17,73,54
47591B,SCOTTIES CHILDRENS APRON,344.78999999999996,209,56
84849A,HELLO SAILOR BLUE SOAP HOLDER,344.34000000000003,180,53
22104,MIRROR MOSAIC CANDLE PLATE,343.71,288,59
90149,SILVER FLOWR PINK SHELL NECKLACE,342.76000000000005,53,4
85129D,BEADED CRYSTAL HEART PINK SMALL,342.74,207,65
47559b,TEA TIME OVEN GLOVE,342.65,103,28
84766,SILVER ROCOCO CANDLE STICK,340.7,146,14
84631,FRUIT TREE AND BIRDS WALL PLAQUE,340.58,40,24
23523,WALL ART TREASURE AHOY,340.35,90,25
21221,SET/4 BADGES CUTE CREATURES,340.22,261,54
22547,MINI JIGSAW DINOSAUR,338.23,809,101
21167,WHITE SAGE INCENSE,337.14,1432,67
23127,DOLLCRAFT GIRL NICOLE,336.6,68,12
72122,COFFEE SCENT PILLAR CANDLE,335.78999999999996,324,61
71270,PHOTO CLIP LINE,334.98,236,49
85230B,CINNAMON SCENTED VOTIVE CANDLE,333.2,1288,39
22259,FELT FARM ANIMAL HEN,332.84,481,44
84952B,BLACK LOVE BIRD T-LIGHT HOLDER,332.14,186,29
84638,SMALL KITCHEN FLOWER POTS PLAQUE,331.5,50,37
21248,DOOR HANGER  MUM + DADS ROOM,330.71999999999997,205,66
85213,MINI  ZINC GARDEN DECORATIONS,330.54999999999995,829,33
90200A,PURPLE SWEETHEART BRACELET,328.44,78,50
82001s,VINYL RECORD FRAME SILVER,328.23999999999995,44,12
84926E,FLOWERS TILE COASTER,327.79999999999995,968,39
23236,DOILEY BISCUIT TIN,327.6,120,13
16259,PIECE OF CAMO STATIONERY SET,326.56,3380,31
84708B,PINK JEWELLED PHOTO FRAME,326.35,62,19
85204,HANGING WOOD AND FELT FLOWER,325.35999999999996,2050,104
23037,CANDLE HOLDER SILVER MADELINE,325.15999999999997,196,20
23478,WOODLAND LARGE PINK FELT HEART,324.40000000000003,285,13
90147,CHUNKY SILVER NECKLACE PASTEL FLOWE,324.01,32,23
23521,CAT AND BIRD WALL ART,323.64,270,4
85205B,PINK FELT EASTER RABBIT GARLAND,323.15,122,29
84509c,SET OF 4 POLKADOT PLACEMATS,322.22,43,27
21403,BLUE EGG  SPOON,322.18,1857,106
16238,PARTY TIME PENCIL ERASERS,321.67,1396,134
22092,BLUE PAISLEY TISSUE BOX,321.40000000000003,670,91
23205,CHARLOTTE BAG ALPHABET  DESIGN,320.5,400,22
21425,SKULLS STORAGE BOX LARGE,320.49,87,30
16236,KITTY PENCIL ERASERS,320.09,1438,136
21371,MIRRORED WALL ART POPPIES,319.71,287,38
20936,FORKED CACTUS CANDLE,319.66,100,34
22202,MILK PAN PINK POLKADOT,319.35,64,37
22287,DECORATION WOBBLY CHICKEN,319.14,560,45
90161D,ANT COPPER PINK BOUDICCA BRACELET,318.89000000000004,64,34
72586,SET OF 6 HALLOWEEN GHOST T-LIGHTS,317.83,691,83
84884a,ANT WHITE WIRE HEART SPIRAL,317.71999999999997,38,26
84931A,PINK SCOTTIE DOG W FLOWER PATTERN,317.44,133,51
46118,FUNKY MONKEY CUSHION COVER,317.16999999999996,232,46
22765,NEWSPAPER STAND,316.95000000000005,27,5
85170B,SET/6 BLACK BIRD T-LIGHT CANDLES,316.75,215,39
35915C,PEACH KNITTED HEN,316.46,315,60
84876B,GREEN HEART COMPACT MIRROR,315.81,218,33
21026,SPACE OWL,315.75,255,68
90198A,VINTAGE ROSE BEAD BRACELET RASPBERR,315.73,75,44
47594B,SCOTTIES DESIGN WASHBAG,314.54999999999995,170,56
84584,PINK GINGHAM CAT WITH SCARF,314.51,144,30
17084N,FAIRY DREAMS INCENSE,313.31,1264,101
23695,DOILY THANK YOU CARD,313.24,741,57
85202,HANGING WOOD AND FELT HEART,313.13,672,106
85014b,RED RETROSPOT UMBRELLA,313.06,25,23
21942,SKULLS DESIGN FLANNEL,313.01,287,103
23130,MISELTOE HEART WREATH,312.8,80,5
21375,LARGE CAMPHOR WOOD FIELD MUSHROOM,312.77,41,27
20780,BLACK EAR MUFF HEADPHONES,312.7,47,28
84358,FLOOR LAMP SHADE WOOD BASE,312.7,33,13
21841,BABY MOUSE RED GINGHAM DRESS,310.25,73,21
21944,KITTENS DESIGN FLANNEL,310.19,337,100
47021G,SET/6 BEAD COASTERS GAUZE BAG GOLD,309.29999999999995,582,27
21442,GREEN BIRDHOUSE DECORATION,307.94,437,59
21811,CHRISTMAS HANGING HEART WITH BELL,307.59999999999997,231,26
21719,LOVELY BONBON STICKER SHEET,307.44,345,58
23495,SET OF 3 PANTRY WOODEN SPOONS,306.66,225,41
22124,SET OF 2 TEA TOWELS PING MICROWAVE,306.16,149,76
23131,MISELTOE HEART WREATH WHITE,304.5,78,4
22040,BOTANICAL ROSE GIFT WRAP,304.5,725,28
22043,CHRISTMAS CARD SCREEN PRINT,304.5,1238,64
22965,3 TRADITIONAL COOKIE CUTTERS  SET,304.20000000000005,162,4
22641,SET OF 4 NAPKIN CHARMS INSTRUMENT,303.72999999999996,139,37
23430,BLUE RETRO KITCHEN WALL CLOCK,301.88,36,18
23522,WALL ART DOG AND BALL,301.56,102,28
35912B,WHITE/PINK CHICK DECORATION,301.26,252,20
84661B,BLACK SQUARE TABLE CLOCK,300.24,115,29
22409,MONEY BOX BISCUITS DESIGN,299.72,228,57
21761,WOOD AND GLASS MEDICINE CABINET,299.5,10,10
23440,PAINT YOUR OWN EGGS IN CRATE,299.36,164,5
20897,VINTAGE NOTEBOOK PARIS DAYS,298.27,107,24
90184B,AMETHYST CHUNKY BEAD BRACELET W STR,297.94,33,21
22135,MINI LADLE LOVE HEART PINK,297.4,528,166
84596J,MIXED NUTS LIGHT GREEN BOWL,296.45,568,68
23126,DOLLCRAFT GIRL AMELIE KIT,294.7,66,8
20655,QUEEN OF SKIES LUGGAGE TAG,292.29,197,99
35911A,MULTICOLOUR RABBIT EGG WARMER,292.07,319,70
21441,BLUE BIRDHOUSE DECORATION,292.03,421,62
23567,EGG CUP HENRIETTA HEN PINK,291.58,211,37
22049,WRAP CHRISTMAS SCREEN PRINT,291.5,1050,33
23410,CURIO CABINET LINEN AND LACE,290.1,36,18
20725,LUNCH BAG RED SPOTTY,290.0,200,1
16015,MEDIUM CHINESE STYLE SCISSOR,289.98,662,24
85024B,EAU DE NILE JEWELLED PHOTOFRAME,289.65,193,12
21503,TOYBOX  WRAP,288.92,726,23
23015,CORDIAL GLASS JUG,288.88,34,16
46776E,WOVEN CANDY CUSHION COVER,288.43,67,38
79190B,RETRO PLASTIC POLKA TRAY,288.36,707,57
23047,PAPER LANTERN 5 POINT SEQUIN STAR,287.5,50,21
20618,QUEEN OF THE SKIES PASSPORT COVER,286.39,148,76
72800B,4 PURPLE FLOCK DINNER CANDLES,285.7,142,38
21386,IVORY HANGING DECORATION  EGG,285.64,709,51
84997d,PINK 3 PIECE POLKADOT CUTLERY SET,285.46,34,8
37413,ICON MUG REVOLUTIONARY,284.49,703,81
71403,"PINK/WHITE ""KEEP CLEAN"" BULLET BIN",283.96000000000004,76,33
18094C,WHITE AND BLUE CERAMIC OIL BURNER,283.93,192,42
84247E,PACK OF 12 CHRISTMAS FUN CARDS,283.79,106,37
21666,RIDGED GLASS T-LIGHT HOLDER,283.51,412,43
16218,CARTOON  PENCIL SHARPENERS,283.31,3821,64
20794,BLUE  TILE HOOK,282.78999999999996,99,27
20777,CHRYSANTHEMUM NOTEBOOK,282.48999999999995,169,80
84341B,SMALL PINK MAGIC CHRISTMAS TREE,282.38,645,40
84872a,TEATIME FUNKY FLOWER BACKPACK FOR 2,282.15,26,21
23481,PEARLISED IVORY HEART SMALL,281.17,228,29
22257,FELT FARM ANIMAL SHEEP,280.42,373,42
71101E,STANDING FAIRY POLE SUPPORT,278.5,346,22
85188A,GREEN METAL SWINGING BUNNY,278.16999999999996,319,42
21725,SWEETIES  STICKERS,277.24,301,50
16169M,WRAP DAISY CARPET,277.2,660,25
23413,DECORATIVE VINTAGE COFFEE  BOX,277.0,52,22
21293,MIRRORED DOVE WALL DECORATION,276.72,116,24
84926D,LA PALMIERA TILE COASTER,276.53,709,34
85049g,CHOCOLATE BOX RIBBONS,276.42,113,51
23137,ZINC WIRE SWEETHEART LETTER TRAY,275.62,83,23
21250,SET OF SKULL WALL STICKERS,274.37,95,20
85186A,EASTER BUNNY GARLAND OF FLOWERS,273.64,567,79
22052,VINTAGE CARAVAN GIFT WRAP,273.0,650,27
84859A,SILVER DISCO HANDBAG,272.99,129,35
23141,TRIPLE WIRE HOOK PINK HEART,272.91,79,25
23203,JUMBO BAG VINTAGE DOILEY,272.57,144,7
20734,SILVER MINI TAPE MEASURE,271.21999999999997,158,26
20755,BLUE PAISLEY POCKET BOOK,271.16999999999996,306,62
85214,TUB 24 PINK FLOWER PEGS,271.03999999999996,164,58
23474,WOODLAND SMALL BLUE FELT HEART,270.96,312,37
85019C,CURIOUS  IMAGES NOTEBOOK SET,270.72,182,11
20684,STRAWBERRY DREAM CHILDS UMBRELLA,270.56,80,35
21815,STAR  T-LIGHT HOLDER,270.22999999999996,158,29
21275,ZINC TOP  2 DOOR WOODEN SHELF,270.08,13,12
35001W,HAND OPEN SHAPE DECO.WHITE,270.02000000000004,92,5
22512,DOORSTOP RACING CAR DESIGN,269.71,122,37
85186C,BUNNY EGG GARLAND,269.17,528,78
21785,RAIN PONCHO,268.76,411,5
21644,ASSORTED TUTTI FRUTTI HEART BOX,268.75,215,32
21332,MOROCCAN BEATEN METAL MIRROR,268.1,19,13
17013D,ORIGAMI ROSE INCENSE IN TUBE,267.82,535,13
17107D,"FLOWER FAIRY,5 SUMMER B'DRAW LINERS",267.75,105,25
21445,12 PINK ROSE PEG PLACE SETTINGS,267.5,214,21
85230E,STRAWBRY SCENTED VOTIVE CANDLE,267.45,1101,24
21265,PINK GOOSE FEATHER TREE 60CM,267.21,131,19
20771,CHRYSANTHEMUM  JOURNAL,267.13,102,40
84795b,SUNSET CHECK HAMMOCK,266.78,16,14
79030D,TUMBLER BAROQUE,266.19,525,40
21279,VINTAGE KITCHEN PRINT FRUITS,266.15,85,29
20699,MOUSEY LONG LEGS SOFT TOY,266.03,97,41
23489,"GARLAND, VINTAGE BELLS",265.88,92,10
85039C,S/4 BLACK MINI ROSE CANDLE IN BOWL,265.77,305,67
90160A,PURPLE BOUDICCA LARGE BRACELET,264.94,38,15
23476,WOODLAND LARGE RED FELT HEART,264.72,205,22
90160D,PINK BOUDICCA LARGE BRACELET,264.7,38,12
84952A,CLEAR LOVE BIRD T-LIGHT HOLDER,264.46999999999997,92,26
85124B,BLUE JUICY FRUIT PHOTO FRAME,264.06,93,39
22889,NUMBER TILE VINTAGE FONT No,263.8,169,33
18098c,PORCELAIN BUTTERFLY OIL BURNER,263.12,52,12
85124C,GREEN JUICY FRUIT PHOTO FRAME,261.89,94,39
23194,GYMKHANNA TREASURE BOOK BOX,261.84000000000003,120,14
84858C,PINK RIVIERA HANDBAG,261.68,186,6
79337,BLUE FLOCK GLASS CANDLEHOLDER,259.96,644,10
72800C,4 PINK DINNER CANDLE SILVER FLOCK,259.71999999999997,130,35
21324,HANGING MEDINA LANTERN SMALL,259.67,81,28
23032,DOORKNOB CRACKED GLAZE IVORY,258.29999999999995,174,5
20997,ROSE DU SUD CUSHION COVER,257.61,59,34
35915B,BLUE KNITTED HEN,257.21999999999997,220,50
85230G,ORANGE VOTIVE CANDLE,257.03999999999996,1032,25
21458,2 PICTURE BOOK EGGS EASTER BUNNY,256.54,182,36
78124,MAGAZINE RACK GEBRA ASSORTED,256.5,198,18
21427,SKULLS STORAGE BOX SMALL,256.44,96,41
16012,FOOD/DRINK SPONGE STICKERS,256.2,1220,35
84952C,MIRROR LOVE BIRD T-LIGHT HOLDER,255.0,144,12
21269,ANTIQUE CREAM CUTLERY SHELF,254.98000000000002,29,19
21547,CERAMIC BIRDHOUSE CRESTED TIT SMALL,253.53000000000003,79,22
48173c,DOORMAT BLACK FLOCK,252.95000000000002,15,7
90201B,BLACK ENAMEL FLOWER RING,252.9,86,23
35967,FOLK ART METAL STAR T-LIGHT HOLDER,252.33,485,67
23149,ANTIQUE IVORY WIRE BOWL SMALL,251.45000000000002,99,21
21882,SKULLS TAPE,251.17000000000002,704,70
22164,STRING OF STARS CARD HOLDER,250.22000000000003,78,15
85071D,CHARLIE+LOLA MY ROOM DOOR SIGN,249.48999999999998,403,84
22812,PACK 3 BOXES CHRISTMAS PANETTONE,248.48,76,24
22410,MONEY BOX HOUSEKEEPING DESIGN,247.42000000000002,237,58
23168,CLASSIC SUGAR DISPENSER,247.32,216,12
84678,CLASSICAL ROSE SMALL VASE,247.04,142,13
20659,ECONOMY LUGGAGE TAG,246.84,158,62
21379,CAMPHOR WOOD PORTOBELLO MUSHROOM,246.82999999999998,178,50
47422,ASSORTED MONKEY SUCTION CUP HOOK,246.18,617,45
22869,NUMBER TILE COTTAGE GARDEN 1,246.14,96,44
90175A,WHITE GLASS CHUNKY CHARM BRACELET,245.63,27,25
22391,PAPERWEIGHT HOME SWEET HOME,245.57999999999998,158,29
21676,FLOWERS  STICKERS,245.35999999999999,257,61
21190,PINK HEARTS PAPER GARLAND,245.20000000000002,168,7
20819,SILVER TEDDY BEAR,244.72,64,27
90143,SILVER BRACELET W PASTEL FLOWER,244.68,32,19
84422,PINK/BLUE DISC/MIRROR STRING,244.17,566,15
20616,CHERRY BLOSSOM PASSPORT COVER,243.53,194,71
85095,THREE CANVAS LUGGAGE TAGS,243.49,150,48
23475,WOODLAND SMALL PINK FELT HEART,242.17999999999998,286,31
85094,CANDY SPOT EGG WARMER RABBIT,242.13,640,90
22954,HEN PARTY CORDON BARRIER TAPE,241.38,197,40
84592,CROCHET ROSE PURSE WITH SUEDE BACK,241.24000000000004,76,22
22870,NUMBER TILE COTTAGE GARDEN 2,240.29,93,39
23143,ZINC WIRE KITCHEN ORGANISER,239.97,30,16
21028,NINJA RABBIT BLACK,239.24,187,58
47469,ASSORTED SHAPES PHOTO CLIP SILVER,238.60999999999999,469,12
23324,RUSTIC STRAWBERRY JAMPOT LARGE,238.56,120,6
23028,DOORKNOB CRACKED GLAZE BLUE,238.49999999999997,162,3
22137,BATHROOM SET LOVE HEART DESIGN,237.98000000000002,82,14
72131,COLUMBIAN CANDLE RECTANGLE,236.39999999999998,136,18
21360,JOY LARGE WOOD LETTERS,236.17,39,16
85023B,EAU DE NILE JEWELLED PHOTOFRAME,235.35000000000002,105,13
23580,SNACK TRAY HAPPY FOREST,234.92,116,25
47351B,BLUE  VOILE LAMPSHADE,234.5,86,9
16216,LETTER SHAPE PENCIL SHARPENER,234.0,3333,45
20775,DAISY NOTEBOOK,233.54,134,63
21025,SPACE FROG,233.52,174,56
90058B,CRYSTAL STUD EARRINGS ASSORTED COL,232.56,612,15
23036,T-LIGHT HOLDER SILVER PETIT FOUR,232.42000000000002,184,16
84857C,PINK MONTE CARLO HANDBAG,232.32999999999998,98,10
85099f,JUMBO BAG STRAWBERRY,232.05999999999997,46,10
23447,PINK BUNNY EASTER EGG BASKET,231.89999999999998,158,4
21818,GLITTER CHRISTMAS HEART,231.82,268,21
84712B,PINK JEWELLED PHOTO FRAME,231.56,30,20
20696,FLORAL SOFT CAR TOY,230.81,54,30
22394,PAPERWEIGHT KINGS CHOICE,230.67999999999998,168,23
21973,SET OF 36 MUSHROOM PAPER DOILIES,230.54999999999998,159,30
23446,BLUE BUNNY EASTER EGG BASKET,230.24999999999997,157,3
21161,KEEP OUT BOYS DOOR HANGER,229.92,143,43
85040B,SET/4 BLUE FLOWER CANDLES IN BOWL,229.46999999999997,137,35
85200,BUNNY EGG BOX,228.75,183,26
90010E,AMBER GLASS/SILVER BRACELET,227.89,25,16
72800D,4 BLUE DINNER CANDLES SILVER FLOCK,226.67,87,31
23003,TRAVEL CARD WALLET VINTAGE ROSE,226.2,542,53
90201D,GREEN ENAMEL FLOWER RING,225.84,77,31
22031,BOTANICAL LAVENDER BIRTHDAY CARD,225.59,504,80
21157,RED RETROSPOT WASHBAG,225.5,78,34
85014a,BLACK/BLUE POLKADOT UMBRELLA,225.32000000000002,18,14
22632,HAND WARMER RED POLKA DOT,225.00000000000003,120,18
90206C,CRYSTAL DIAMANTE STAR BROOCH,224.73000000000002,45,31
21647,ASSORTED TUTTI FRUTTI LARGE PURSE,224.70000000000002,107,25
90158,ST TROPEZ NECKLACE,224.12,45,35
21657,MILK BOTTLE WITH GLASS STOPPER,223.46,30,17
84218,BOX/12 CHICK & EGG IN BASKET,223.10999999999999,123,41
21364,PEACE SMALL WOOD LETTERS,222.96,30,24
21456,2 PICTURE BOOK EGGS EASTER CHICKS,222.22,171,25
84711A,SILVER OVAL SHAPE TRINKET BOX,221.79999999999998,25,17
22395,PAPERWEIGHT VINTAGE PAISLEY,220.04,152,33
20868,SILVER FABRIC MIRROR,219.35000000000002,458,46
75178,ASSTD COL BUTTERFLY/CRYSTAL W/CHIME,218.87,459,13
35914,PINK CHICK EGG WARMER + EGG CUP,218.81,195,40
21378,SMALL TALL CAMPHOR WOOD TOADSTOOL,217.89,142,34
20847,ZINC HEART LATTICE CHARGER LARGE,217.57999999999998,52,18
20769,DAISY JOURNAL,217.55999999999997,80,34
84876D,BLUE HEART COMPACT MIRROR,217.5,128,16
21132,SILVER STANDING GNOME,217.35999999999999,44,22
84559B,3D SHEET OF CAT STICKERS,217.29,237,55
47310M,"SMALL POP BOX,FUNKY MONKEY",216.47,152,34
23360,SET 8 CANDLES VINTAGE DOILEY,216.29999999999998,122,7
21377,SMALL CAMPHOR WOOD FIELD  MUSHROOM,215.67999999999998,121,41
84051,ASS COLOUR GLOWING TIARAS,215.21,281,25
90120C,GREEN MURANO TWIST BRACELET,215.20000000000002,51,22
21316,SMALL CHUNKY GLASS ROMAN  BOWL,214.73000000000002,159,15
21520,BOOZE & WOMEN GREETING CARD,214.19,504,58
22882,NUMBER TILE VINTAGE FONT 3,213.7,108,42
20781,GOLD EAR MUFF HEADPHONES,212.26,35,25
90200C,BLUE SWEETHEART BRACELET,211.43,50,26
84510C,SET OF 4 POLKADOT COASTERS,211.32999999999998,132,54
72127,COLUMBIAN CANDLE ROUND,210.61,169,30
84877B,GREEN ROUND COMPACT MIRROR,210.56,144,21
84707B,PINK JEWELLED MIRROR TRINKET TRAY,210.54999999999998,34,18
84926A,WAKE UP COCKEREL TILE COASTER,210.51999999999998,604,35
90175D,TIGRIS EYE CHUNKY CHARM BRACELET,210.04,23,20
22896,PEG BAG APPLE DESIGN,210.0,100,1
90160B,RED BOUDICCA LARGE BRACELET,209.73000000000002,30,12
20622,VIPPASSPORT COVER,209.66,142,34
90192,JADE DROP EARRINGS W FILIGREE,209.10000000000002,42,25
21750,LARGE SKULL WINDMILL,207.51000000000002,90,24
16048,TEATIME ROUND PENCIL SHARPENER,205.29999999999998,1460,67
90119,METALIC LEAVES BAG CHARMS,205.06,83,36
20763,DAISY SKETCHBOOK,205.04,73,27
79051A,SMOKEY GREY COLOUR D.O.F. GLASS,204.79,587,26
21726,MULTI HEARTS  STICKERS,204.69,237,42
22878,NUMBER TILE COTTAGE GARDEN No,204.19,75,33
84875B,GREEN SQUARE COMPACT MIRROR,203.51,131,20
85230A,OPIUM SCENTED VOTIVE CANDLE,203.27999999999997,840,18
21911,GARDEN METAL SIGN,203.20999999999998,114,29
84688,BEACH HUT DESIGN BLACKBOARD,203.07,41,15
90201A,PURPLE ENAMEL FLOWER RING,202.51000000000002,69,28
22541,MINI JIGSAW LEAP FROG,201.95,503,35
85179C,PINK BITTY LIGHT CHAIN,201.31,106,36
84968e,SET OF 16 VINTAGE BLACK CUTLERY,200.21,8,6
47594A,CAROUSEL DESIGN WASHBAG,199.84,108,50
22038,BOTANICAL LAVENDER GIFT WRAP,199.5,475,19
21367,MIRRORED WALL ART GENTS,199.48999999999998,171,43
21651,HANGING GLASS ETCHED TEALIGHT,198.57,127,11
22881,NUMBER TILE VINTAGE FONT 2,197.56,102,34
84828,JUNGLE POPSICLES ICE LOLLY HOLDERS,197.49,139,29
47578A,ENGLISH ROSE SMALL SCENTED FLOWER,197.43,213,45
90019A,SILVER M.O.P ORBIT BRACELET,197.09,38,27
22880,NUMBER TILE VINTAGE FONT 1,196.69,97,32
22044,CHRISTMAS CARD STACK OF PRESENTS,196.44,816,36
22263,FELT EGG COSY LADYBIRD,195.97,326,51
90013A,MIDNIGHT BLUE VINTAGE EARRINGS,195.32,52,32
84926F,PSYCHEDELIC TILE COASTER,195.22,430,28
20617,FIRST CLASS PASSPORT COVER,194.94,93,43
23697,A PRETTY THANK YOU CARD,194.58,456,35
22884,NUMBER TILE VINTAGE FONT 5,194.04999999999998,99,36
20654,FIRST CLASS LUGGAGE TAG,193.59,152,49
22289,HANGING METAL CHICKEN DECORATION,193.52,148,34
90018A,SILVER M.O.P ORBIT DROP EARRINGS,193.33,46,37
90082A,DIAMANTE BOW BROOCH GREEN COLOUR,193.2,30,18
21376,LARGE  TALL CAMPHOR WOOD TOADSTOOL,192.81,33,17
21306,SET/4 DAISY MIRROR MAGNETS,192.73999999999998,494,44
84910A,PINK PAISLEY CUSHION COVER,192.14,26,17
22883,NUMBER TILE VINTAGE FONT 4,191.48,100,32
85045,GREEN CHRISTMAS TREE STRING 20LIGHT,191.1,42,11
90030B,RED KUKUI COCONUT SEED NECKLACE,190.73000000000002,122,25
90184C,BLACK CHUNKY BEAD BRACELET W STRAP,190.51999999999998,21,17
47471,RAINBOW PEGS PHOTO CLIP STRING,189.88,290,39
21418,STARFISH SOAP DISH,189.75,74,25
21196,ROUND WHITE CONFETTI IN TUBE,189.67999999999998,108,13
23229,DONKEY TAIL GAME,189.54000000000002,54,4
21807,WHITE CHRISTMAS STAR DECORATION,189.0,438,30
85020,ROUND PINK HEART MIRROR,188.81,85,22
84804B,BLUE DELPHINIUM ARTIFICIAL FLOWER,188.37000000000003,99,6
21027,NINJA RABBIT PINK,187.79,167,42
20694,FLORAL PINK MONSTER,187.54,43,16
84711B,PINK OVAL SHAPE TRINKET BOX,186.64,20,13
84535A,ENGLISH ROSE NOTEBOOK A6 SIZE,186.56,399,21
21402,RED  EGG  SPOON,185.51999999999998,1369,92
90201C,RED ENAMEL FLOWER RING,185.42000000000002,63,21
78033,FLAG OF ST GEORGE CHAIR,185.3,38,8
21826,EIGHT PIECE DINOSAUR SET,185.18,125,35
23436,GIFT BAG LARGE VINTAGE CHRISTMAS,185.0,148,9
72801d,4 SKY BLUE DINNER CANDLES,184.7,75,44
23416,CHAMBRE HOOK,184.67999999999998,132,25
90016B,GOLD/M.O.P PENDANT ORBIT NECKLACE,184.66,22,19
85055,FRENCH ENAMEL UTENSIL HOLDER,183.71,45,16
84509E,SET OF 4 CAROUSEL PLACEMATS,183.45,91,23
84927F,PSYCHEDELIC TILE HOOK,182.95000000000002,299,44
84429A,MEDIUM PINK BUDDHA HEAD,182.50000000000003,54,21
79030G,"TUMBLER, NEW ENGLAND",182.29999999999998,142,14
71143,SILVER BOOK MARK WITH BEADS,182.25,161,34
22032,BOTANICAL LILY GREETING CARD,181.98,427,60
21311,SET/4 BIRD MIRROR MAGNETS,181.32999999999998,459,51
84907,PINK YELLOW PATCH CUSHION COVER,180.93,29,23
85215,ASSORTED CHEESE FRIDGE MAGNETS,180.71,223,18
72801C,4 ROSE PINK DINNER CANDLES,180.65,145,19
84804A,CREAM DELPHINIUM ARTIFICIAL FLOWER,180.58,70,8
84859C,PINK DISCO HANDBAG,180.51999999999998,84,22
22157,ANGEL DECORATION WITH LACE PADDED,180.2,212,11
21721,CANDY SHOP  STICKER SHEET,179.45999999999998,195,33
79190A,RETRO PLASTIC 70'S TRAY,179.35999999999999,384,63
40003,WHITE BAMBOO RIBS LAMPSHADE,179.23,155,15
16258A,SWIRLY CIRCULAR RUBBERS IN BAG,178.97,472,59
21847,GREEN  DIAMANTE PEN IN GIFT BOX,178.89,76,33
85131C,BEADED CRYSTAL HEART BLUE ON STICK,178.85,193,50
85123A,CREAM HANGING HEART T-LIGHT HOLDER,178.51000000000002,61,9
23126,DOLLCRAFT GIRL AMELIE,178.2,36,8
22872,NUMBER TILE COTTAGE GARDEN 4,177.46,72,30
84685,BEACH HUT KEY CABINET,177.33,34,21
21319,GLASS CHALICE GREEN  SMALL,175.78,161,19
84507C,BLUE CIRCLES DESIGN MONKEY DOLL,175.73,66,28
gift_0001_30,Dotcomgiftshop Gift Voucher £30.00,175.53,7,7
85211,S/4 GROOVY CAT MAGNETS,175.16,149,24
22764,"RUSTIC WOODEN CABINET, GLASS DOORS",174.76999999999998,5,3
90197B,BLACK GLASS BRACELET W HEART CHARMS,174.73000000000002,35,27
84691,PACK 20 DOLLY PEGS,174.5,242,4
84800M,MEDIUM WHITE/PINK ROSE ART FLOWER,174.31,127,11
35810B,ENAMEL BLUE RIM COFFEE CONTAINER,174.09,152,26
84905,PINK BUTTERFLY CUSHION COVER,173.48,35,20
44235,ASS COL CIRCLE MOBILE,173.15999999999997,474,6
16168M,FUNKY MONKEY GIFT BAG MEDIUM,173.12,371,41
22885,NUMBER TILE VINTAGE FONT 6,172.78,96,28
82011C,BATHROOM SCALES FOOTPRINTS IN SAND,172.05,51,20
84963A,PINK PAINTED KASHMIRI CHAIR,171.8,4,1
47481,50CM METAL STRING WITH  7 CLIPS,171.79,225,23
62086A,PINK RETRO BIG FLOWER BAG,171.6,88,14
85146,JARDIN ETCHED GLASS SMALL BELL JAR,171.11,45,9
21763,VINTAGE WOODEN BAR STOOL,169.75,6,4
85129B,BEADED CRYSTAL HEART GREEN SMALL,168.59,119,31
22042,CHRISTMAS CARD SINGING ANGEL,168.33,399,39
21333,CLASSIC WHITE FRAME,168.16000000000003,56,16
90145,SILVER HOOP EARRINGS WITH FLOWER,168.0,28,18
84661A,WHITE SQUARE TABLE CLOCK,167.79,104,20
gift_0001_50,Dotcomgiftshop Gift Voucher £50.00,167.56,4,4
90010A,MIDNIGHT BLUE GLASS/SILVER BRACELET,167.3,18,15
gift_0001_20,Dotcomgiftshop Gift Voucher £20.00,167.05,10,9
21457,2 PICTURE BOOK EGGS EASTER DUCKS,165.89,124,25
21280,VINTAGE KITCHEN PRINT VEGETABLES,165.75,65,12
21331,MOROCCAN BEATEN METAL DISH LARGE,165.74,12,8
72225C,LAVENDER SCENT CAKE CANDLE,165.6,624,17
23694,PAISLEY PARK CARD,165.07999999999998,376,41
BANK CHARGES,Bank Charges,165.001,12,11
22538,MINI JIGSAW GO TO THE FAIR,164.42000000000002,402,40
21698,MOCK LOBSTER FRIDGE MAGNET,164.17,296,45
90120B,BLUE MURANO TWIST BRACELET,164.12,39,15
90191,SILVER LARIAT 40CM,163.82,26,10
90209A,PURPLE ENAMEL+GLASS HAIR COMB,163.8,84,4
85145,JARDIN ETCHED GLASS LARGE BELL JAR,163.75,37,13
22871,NUMBER TILE COTTAGE GARDEN 3,163.35,67,25
16207A,PINK STRAWBERRY HANDBAG,163.1,60,34
90014A,SILVER/MOP ORBIT NECKLACE,162.79,16,15
22408,MONEY BOX CONFECTIONERY DESIGN,162.44,145,29
21100,CHARLIE AND LOLA CHARLOTTE BAG,162.20999999999998,65,27
84683,CLASSICAL ROSE CANDLESTAND,162.20000000000002,194,12
85114a,BLACK ENCHANTED FOREST PLACEMAT,161.70000000000002,49,15
21369,MIRRORED WALL ART SPLODGES,161.49,101,16
85027L,FRENCH CHATEAU LARGE PLATTER,160.5,70,18
84799,SPRIG LAVENDER ARTIFICIAL FLOWER,160.48,224,10
21344,MOROCCAN BEATEN METAL DISH,160.09,15,6
23305,SET 4 PICNIC CUTLERY BLUEBERRY,159.9,82,9
21030,SPACE CADET RED,159.7,131,33
84993A,75 GREEN PETIT FOUR CASES,159.69,343,55
23545,WRAP RED DOILEY,159.6,380,16
90082B,DIAMANTE BOW BROOCH RED COLOUR,158.75,25,10
84247G,"DECOUPAGE,GREETING CARD,",158.63,357,32
84997c,BLUE 3 PIECE POLKADOT CUTLERY SET,158.23,19,6
90013C,GREEN VINTAGE EARRINGS,158.08,39,28
17038,PORCELAIN BUDAH INCENSE HOLDER,158.06,1525,34
23417,BATHROOM HOOK,157.5,146,27
90134,OLD ROSE COMBO BEAD NECKLACE,157.5,54,45
16156L,WRAP CAROUSEL,157.5,375,14
84882,GREEN WIRE STANDING CANDLE HOLDER,157.34,38,18
35649,VINTAGE BEAD COSMETIC BAG,156.85,57,35
23468,TUSCAN VILLA BIRD TABLE,156.75,19,11
84673B,BLUE FLY SWAT,156.63,179,66
21349,IVY HEART WREATH,155.6,18,11
84508C,BLUE CIRCLES DESIGN TEDDY,154.95,56,25
44234,ASSORTED CIRCULAR MOBILE,154.77,693,33
84595E,LARGE TORTILLA DESIGN RED BOWL,154.67999999999998,78,22
23496,PANTRY KITCHEN THERMOMETER,154.52,112,31
23196,RETRO LEAVES MAGNETIC NOTEPAD,154.08999999999997,105,19
21614,SET OF 12 ROSE BOTANICAL T-LIGHTS,153.29000000000002,51,9
84827,ASS DES PHONE SPONGE CRAFT STICKER,153.09,509,14
22353,LUNCH BOX WITH CUTLERY FAIRY CAKES,153.0,60,24
90014B,GOLD M PEARL  ORBIT NECKLACE,152.84,15,13
21145,ANTIQUE GLASS PLACE SETTING,152.5,122,8
90198B,VINTAGE ROSE BEAD BRACELET BLACK,152.4,36,17
23484,HEART TRELLISTRIPLE T-LIGHT HOLDER,152.24,56,5
72128,COLUMBIAN CANDLE ROUND,152.04999999999998,193,36
21401,BLUE PUDDING SPOON,151.19,1052,82
85135A,YELLOW DRAGONFLY HELICOPTER,151.05,19,8
22415,WHITE TISSUE REAM,151.05,19,13
84877D,BLUE ROUND COMPACT MIRROR,150.93,96,18
22874,NUMBER TILE COTTAGE GARDEN 6,150.81,65,21
DCGSSBOY,BOYS PARTY BAG,150.54999999999998,47,11
17107D,FLOWER FAIRY 5 DRAWER LINERS,150.45,59,20
21459,YELLOW EASTER EGG HUNT START POST,150.38,76,19
84629,WHITE 3 FRAME BIRDS AND TREE,150.0,20,10
84963B,BLUE PAINTED KASHMIRI CHAIR,149.85000000000002,3,1
90013B,BLACK VINTAGE EARRINGS,149.41000000000003,36,31
23254,KIDS CUTLERY DOLLY GIRL,149.4,36,8
23256,KIDS CUTLERY SPACEBOY,149.4,36,8
46000R,POLYESTER FILLER PAD 45x30cm,149.35,103,38
22875,NUMBER TILE COTTAGE GARDEN 7,149.09,63,25
23465,TUSCAN VILLA BIRD FEEDER,148.63,17,9
90185D,CRYSTAL DIAMANTE EXPANDABLE RING,148.63,35,11
84576,BLUE CAT BISCUIT BARREL PINK HEART,148.32,66,17
21486,PINK HEART DOTS HOT WATER BOTTLE,147.88,36,11
82011B,BATHROOM SCALES RUBBER DUCKS,146.85,43,21
22886,NUMBER TILE VINTAGE FONT 7,146.43,87,25
84865,NEW BAROQUE BLACK PHOTO ALBUM,146.21,27,14
84870B,BLUE GEISHA GIRL,146.07999999999998,44,25
84870C,GREEN GEISHA GIRL,146.05,46,28
23292,SPACE BOY CHILDRENS CUP,145.76,131,6
90116,FRUIT SALAD BAG CHARM,145.52,64,45
22873,NUMBER TILE COTTAGE GARDEN 5,145.5,60,26
47343A,FUSCHIA FLOWER PURSE WITH BEADS,145.17,159,14
22868,NUMBER TILE COTTAGE GARDEN 0,144.65,63,20
21738,COSY SLIPPER SHOES SMALL  RED,144.58,46,21
85118,HEART T-LIGHT HOLDER,144.52,146,10
DCGSSGIRL,GIRLS PARTY BAG,144.43,47,13
21082,SET/20 FRUIT SALAD PAPER NAPKINS,143.44,88,25
21368,MIRRORED WALL ART LADIES,143.28,163,33
84508B,STRIPES DESIGN TEDDY,142.79999999999998,56,30
20837,FRENCH FLORAL CUSHION COVER,142.47,141,15
37479P,CUBIC MUG FLOCK PINK ON BROWN,142.23,163,32
22033,BOTANICAL ROSE GREETING CARD,141.95,337,22
21117,BLOND DOLL DOORSTOP,141.75,109,14
20774,GREEN FERN NOTEBOOK,141.23999999999998,86,44
20661,BLUE POLKADOT PURSE,141.15,44,33
84796a,PINK HAWAIIAN PICNIC HAMPER FOR 2,141.10999999999999,17,12
20836,FRENCH PAISLEY CUSHION COVER,141.1,170,17
90164B,WHITE  ROSEBUD PEARL BRACELET,140.98,38,15
16054,POPART RECT PENCIL SHARPENER ASST,140.52,1166,33
90170,DAISY HAIR BAND,140.32999999999998,85,37
84744,S/6 SEW ON CROCHET FLOWERS,140.02,110,20
22125,UNION JACK HOT WATER BOTTLE,139.86,13,3
23306,SET OF 36 PANTRY PAPER DOILIES,139.78,67,33
23091,METAL HERB GERDEN CONTAINER,139.68,24,5
23463,VINTAGE ZINC WATERING CAN,139.39999999999998,13,8
22876,NUMBER TILE COTTAGE GARDEN 8,138.81,61,20
75011,BLUE DAISY MOBILE,138.76,172,12
84192,ASSORTED COLOUR METAL CAT,138.75,111,25
35922,EASTER BUNNY WREATH,138.6,28,10
23304,SET 4 PICNIC CUTLERY CHERRY,138.45,71,9
79191B,RETRO PLASTIC POLKA TRAY,138.29999999999998,159,30
22877,NUMBER TILE COTTAGE GARDEN 9,138.10999999999999,63,19
90181B,AMETHYST GLASS/SHELL/PEARL NECKLACE,137.63,15,14
22602,CHRISTMAS RETROSPOT HEART WOOD,137.59,139,27
21736,GOLD SCROLL GLASS T-LIGHT HOLDER,137.22000000000003,80,5
20757,RED DAISY POCKET BOOK,136.64,158,33
21637,ASSORTED SANSKRIT MINI NOTEBOOK,136.25,109,6
20758,ABSTRACT CIRCLES POCKET BOOK,135.15,159,42
84660c,PINK STITCHED WALL CLOCK,134.92,18,16
90073,VINTAGE ENAMEL & CRYSTAL EARRINGS,134.70000000000002,27,18
90115,SUMMER BUTTERFLIES BAG CHARM,134.53,54,31
21943,CAKES AND RABBITS DESIGN FLANNEL,134.48999999999998,119,50
90028,NEW BAROQUE LARGE NECKLACE BLK/WHIT,134.16,16,14
46000U,POLYESTER FILLER PAD 30CMx30CM,133.75,107,26
72130,COLUMBIAN CANDLE ROUND,133.34,219,27
35921,EASTER BUNNY HANGING GARLAND,133.23,68,23
90208,PAIR OF PINK FLOWER CLUSTER SLIDE,132.7,53,37
62096A,PINK/YELLOW FLOWERS HANDBAG,132.5,106,8
21518,BANK ACCOUNT  GREETING  CARD,132.44,318,38
90210D,PURPLE ACRYLIC FACETED BANGLE,132.05,107,8
23066,SMALL JEWELLERY STAND,132.0,16,6
23081,GREEN METAL BOX TOP SECRET,132.0,16,4
85039a,SET/4 RED MINI ROSE CANDLE IN BOWL,131.81,40,29
90185A,AMBER DIAMANTE EXPANDABLE RING,131.03,31,13
90164A,PINK ROSEBUD PEARL BRACELET,130.67,27,14
90210C,RED   ACRYLIC FACETED BANGLE,130.51000000000002,99,10
84510a,SET OF 4 ENGLISH ROSE COASTERS,130.48,53,40
37467,PIG MUG IN TWO COLOUR DESIGNS,130.26999999999998,159,17
90000D,COPPER/OLIVE GREEN FLOWER NECKLACE,129.85,21,14
21281,VINTAGE KITCHEN PRINT SEAFOOD,129.63,43,14
20823,GOLD WINE GOBLET,129.56,164,8
47590b,PINK HAPPY BIRTHDAY BUNTING,129.48,12,9
72799C,PINK PILLAR CANDLE SILVER FLOCK,129.47,81,19
21400,RED PUDDING SPOON,128.63,881,72
20826,SILVER APERITIF GLASS,128.4,276,8
35638B,PINK/BLUE STRING CURTAIN,128.32999999999998,57,5
90180A,BLACK+WHITE NECKLACE W TASSEL,127.24,17,9
85130A,BEADED PEARL HEART WHITE LARGE,127.04999999999998,77,10
79190D,RETRO PLASTIC DAISY TRAY,126.97999999999999,265,47
22887,NUMBER TILE VINTAGE FONT 8,126.78,78,23
23303,SET 4 PICNIC CUTLERY FONDANT,126.75,65,6
23020,GLASS SONGBIRD STORAGE JAR,126.7,11,3
85067,CREAM SWEETHEART WALL CABINET,126.64999999999999,7,5
84846A,SCENTED CANDLE IN DIGITALIS TIN,126.04000000000002,56,13
23578,SNACK TRAY RED GINGHAM,125.72,60,14
84968a,SET OF 16 VINTAGE ROSE CUTLERY,125.32999999999998,5,3
23065,LARGE JEWELLERY STAND,125.0,10,4
22888,NUMBER TILE VINTAGE FONT 9,124.97999999999999,76,21
85185B,PINK HORSE SOCK PUPPET KIT,123.9,42,14
23477,WOODLAND LARGE BLUE FELT HEART,123.47,92,13
37343,POLKADOT MUG PINK,123.29999999999998,72,13
23454,SET OF 3 MINI HANGING PORTRAITS,123.2,32,2
90058A,CRYSTAL STUD EARRINGS CLEAR DISPLAY,123.12,324,7
23457,LARGE PARLOUR FRAME,122.85,27,2
90195A,PURPLE GEMSTONE BRACELET,122.84,19,10
90070,RUBY GLASS CLUSTER BRACELET,122.64000000000001,20,14
85086A,CANDY SPOT HEART DECORATION,122.08,146,50
90129B,TURQUOISE GLASS TASSLE BAG CHARM,121.38000000000001,57,20
37333,"RETRO ""TEA FOR ONE""",120.99,21,17
20845,ZINC HEART LATTICE 2 WALL PLANTER,120.64999999999999,19,11
21420,OYSTER TRINKET BOX,120.41,53,19
90173,PAIR BUTTERFLY HAIR CLIPS,120.34,32,17
90199C,5 STRAND GLASS NECKLACE CRYSTAL,120.28999999999999,19,10
23467,VINTAGE ZINC PLANTER,120.08000000000001,32,11
84800S,SMALL WHITE/PINK ROSE ART FLOWER,120.07000000000001,107,9
35972,DAISY FOLKART HEART DECORATION,120.0,96,16
23438,GIFT BAG LARGE SPOT,120.0,96,6
90161A,ANT COPPER RED BOUDICCA BRACELET,119.91000000000001,24,21
90124B,BLUE MURANO TWIST NECKLACE,119.89,12,11
90003C,MIDNIGHT BLUE PAIR HEART HAIR SLIDE,119.84,32,24
23209,LUNCH BAG VINTAGE DOILEY,119.63,71,5
90122C,TURQUOISE CRYSTAL+GLASS BRACELET,119.23,24,11
10080,GROOVY CACTUS INFLATABLE,119.08999999999999,303,22
84709B,PINK OVAL JEWELLED MIRROR,119.0,20,11
23359,SET OF 12 T-LIGHTS VINTAGE DOILEY,118.94999999999999,61,6
23280,FOLDING MIRROR HOT PINK,118.91999999999999,156,5
85114b,IVORY ENCHANTED FOREST PLACEMAT,118.86000000000001,36,14
84507B,STRIPES DESIGN MONKEY DOLL,118.72999999999999,39,22
21095,SET/6 POSIES PAPER PLATES,118.72999999999999,125,14
84569B,PACK 3 FIRE ENGINE/CAR PATCHES,118.4,85,19
84228,HEN HOUSE W CHICK STANDING,118.21,283,24
21032,SPACE CADET WHITE,117.78,97,30
90184A,AMBER CHUNKY BEAD BRACELET W STRAP,117.73,13,9
90183A,AMBER DROP EARRINGS W LONG BEADS,117.24000000000001,40,23
23244,STORAGE TIN VINTAGE LEAF,117.0,60,7
84741C,CITRUS GARLAND FELT FLOWERS,117.0,60,14
72780,BLACK SILOUETTE CANDLE PLATE,116.44999999999999,137,20
51020A,SUMMER FUN DESIGN SHOWER CAP,116.32999999999998,325,18
72812,LARGE ZINC GLASS CANDLEHOLDER,116.06,34,11
84809A,WHITE CHRYSANTHEMUMS ART FLOWER,115.50000000000001,55,8
16052,TEATIME PUSH DOWN RUBBER,115.3,479,13
23185,FRENCH STYLE STORAGE JAR JAM,114.85,317,30
23151,ZINC SWEETHEART SOAP DISH,114.33000000000001,61,21
23535,WALL ART BICYCLE SAFTEY,114.15,21,3
90130B,TURQ STONE/CRYSTAL EARRINGS,113.97,39,31
47518F,ICON PLACEMAT POP ART ELVIS,113.64,827,28
72801D,4 SKY BLUE DINNER CANDLES,113.21,75,18
20795,LARGE BLUE PROVENCAL CERAMIC BALL,113.05000000000001,49,11
84457,SET/3 RABBITS FLOWER SKIPPPING ROPE,112.55999999999999,126,26
90003D,CRYSTAL PAIR HEART HAIR SLIDES,112.26,30,16
90096,NECKLACE+BRACELET SET BLUE BLOSSOM,112.21,45,26
21678,PAISLEY PATTERN  STICKERS,111.86,125,32
21814,HEART T-LIGHT HOLDER,111.77,74,15
90214A,"LETTER ""A"" BLING KEY RING",111.66,130,56
90036E,"FLOWER GLASS GARLD NECKL36""AMETHYST",110.95,14,11
47503H,ASS FLORAL PRINT SPIRIT LEVEL,110.86,100,37
90185C,BLACK DIAMANTE EXPANDABLE RING,110.09,26,10
90125D,PURPLE BERTIE GLASS BEAD BAG CHARM,110.03,95,19
20731,POSY CANDY BAG,109.96,92,16
85167B,BLACK GRAND BAROQUE PHOTO FRAME,109.94,50,8
84925F,PSYCHEDELIC WALL THERMOMETER,109.92999999999999,79,14
90124C,GREEN MURANO TWIST NECKLACE,109.53999999999999,11,8
85096,HILDA CANDY SPOT RABBIT,109.23,25,16
20894,HANGING BAUBLE T-LIGHT HOLDER LARGE,108.71000000000001,33,15
23041,PAPER LANTERN 6 POINT SNOW STAR,107.9,26,6
21372,MIRRORED WALL ART TABLE LAMP,107.75,75,33
35916C,PINK FELT HANGING HEART W FLOWER,107.72,106,20
17090A,LAVENDER INCENSE 40 CONES IN TIN,107.44999999999999,109,10
85129C,BEADED CRYSTAL HEART BLUE SMALL,107.31,80,15
23626,SET 10 CARDS DINKY TREE 17076,107.07000000000001,43,16
23455,SMALL PARLOUR FRAME,106.98000000000002,42,2
90125A,PINK BERTIE GLASS BEAD BAG CHARM,106.24,115,10
35819B,"ACRYLIC HANGING JEWEL,BLUE",106.05,268,24
20657,TROPICAL LUGGAGE TAG,105.91,73,33
35818P,"ACRYLIC JEWEL ICICLE, PINK",105.83,263,19
20898,VINTAGE NOTEBOOK TRAVELOGUE,105.73,38,13
90016A,SILVER/M.O.P PENDANT ORBIT NECKLACE,105.71000000000001,17,7
85040a,S/4 PINK FLOWER CANDLES IN BOWL,105.28,32,21
23574,PACKING CHARGE,105.0,14,14
22039,BOTANICAL LILY GIFT WRAP,105.0,250,7
21904,HOUSE WRECKING METAL SIGN,105.0,50,23
35920,FOUR RABBIT EASTER DECORATIONS,104.84,72,15
84661C,PINK SQUARE TABLE CLOCK,104.84,71,14
84461,12 PINK HEN+CHICKS IN BASKET,104.55,41,14
90122A,PINK CRYSTAL+GLASS BRACELET,104.53,21,14
17084P,DRAGONS BLOOD INCENSE,104.44,423,39
20796,SMALL BLUE PROVENCAL CERAMIC BALL,103.93999999999998,62,9
79144B,PAINTED LIGHTBULB STAR+ MOON,103.22999999999999,180,53
90032,IVORY SHELL HEART NECKLACE,103.13,21,8
22879,NUMBER TILE VINTAGE FONT 0,102.46,70,16
90196A,PURPLE GEMSTONE NECKLACE 45CM,102.0,8,5
90063A,WHITE VINT ART DECO CRYSTAL NECKLAC,102.0,12,8
90148,LONG SILVER NECKLACE PASTEL FLOWER,101.73,8,6
21109,"LARGE CAKE TOWEL, CHOCOLATE SPOTS",101.53,11,8
20701,PINK CAT FLORAL CUSHION COVER,100.97,25,18
35637C,PINK STRING CURTAIN WITH POLE,100.86,30,9
16033,MINI HIGHLIGHTER PENS,100.79999999999998,840,4
35911B,PINK/FLOWER RABBIT EGG WARMER,100.76,119,15
gift_0001_40,Dotcomgiftshop Gift Voucher £40.00,100.69999999999999,3,3
21370,MIRRORED WALL ART FOXY,100.66000000000001,16,9
84247E,PACK/12 XMAS FUN CARD,100.30000000000001,34,11
90010B,BLACK/WHITE GLASS/SILVER BRACELET,100.08999999999999,11,7
90081C,LILY BROOCH OLIVE COLOUR,99.60000000000001,20,15
23611,SET 10 CARDS RED RIDING HOOD 17214,99.60000000000001,40,16
23464,VINTAGE ZINC WATERING CAN SMALL,99.2,18,8
23466,TUSCAN VILLA DOVECOTE,99.0,12,4
23465,TUSCAN VILLA FEEDING STATION,99.0,12,7
23191,BUNDLE OF 3 RETRO EXERCISE BOOKS,98.99999999999999,60,5
17091A,LAVENDER INCENSE IN TIN,98.91,171,25
84510c,SET OF 4 POLKADOT COASTERS,98.7,40,23
84898F,YELLOW FLOWERS FELT HANDBAG KIT,98.63000000000001,46,19
79144C,PAINTED LIGHTBULB RAINBOW DESIGN,98.11999999999999,152,51
90101,WHITE FRANGIPANI NECKLACE,98.07,39,17
84723,CHERRY BLOSSOM CANVAS ART PICTURE,97.95,41,6
47369B,BLUE GREEN EMBROIDERY COSMETIC BAG,97.13,35,22
90185B,AMETHYST DIAMANTE EXPANDABLE RING,97.02,23,12
84806A,PINK CANDYSTUFT ARTIFICIAL FLOWER,96.88999999999999,137,11
90204,PAIR OF ENAMEL BUTTERFLY HAIRCLIP,96.86,29,18
84801A,PINK HYDRANGEA ART FLOWER,96.60000000000001,46,5
90019B,GOLD M.O.P ORBIT BRACELET,96.52000000000001,18,18
72801c,4 ROSE PINK DINNER CANDLES,95.94,39,25
21722,SWEET PUDDING STICKER SHEET,95.52999999999999,98,36
90174,BUTTERFLY HAIR BAND,95.41999999999999,38,21
21777,RECIPE BOX WITH METAL HEART,95.4,12,6
90146,FINE SILVER NECKLACE W PASTEL FLOWE,95.35000000000001,17,7
90036D,"FLOWER GLASS GARLAND NECKL.36""BLACK",95.35000000000001,12,5
90178A,AMBER CHUNKY GLASS+BEAD NECKLACE,95.25,8,8
20653,CHERRY BLOSSOM LUGGAGE TAG,95.17999999999999,73,33
84527,FLAMES SUNGLASSES PINK LENSES,95.1,52,8
84666,SQUARE CHERRY BLOSSOM CABINET,94.80000000000001,24,4
90133,TEAL/FUSCHIA COL BEAD NECKLACE,94.43,19,13
20622,VIP PASSPORT COVER,94.04,43,17
23402,HOME SWEEET HOME 3 PEG HANGER,93.75,25,4
47369A,PINK GREEN EMBROIDERY COSMETIC BAG,93.19,33,20
20773,BLUE PAISLEY NOTEBOOK,92.39999999999999,56,23
82613A,"METAL SIGN,CUPCAKE SINGLE HOOK",92.38,71,18
90018B,GOLD M.O.P ORBIT DROP EARRINGS,92.28,22,17
35933,PINK STOCKING CHRISTMAS DECORATION,92.21000000000001,226,19
85132a,CHARLIE + LOLA BISCUITS TINS,92.19999999999999,8,8
82615,PINK MARSHMALLOW SCARF KNITTING KIT,91.8,36,1
90030C,BROWN KUKUI COCONUT SEED NECKLACE,91.7,77,11
90175B,PINK GLASS CHUNKY CHARM BRACELET,91.68,10,9
23075,DOUBLE CERAMIC PARLOUR HOOK,91.30000000000001,22,5
20662,FIRST CLASS HOLIDAY PURSE,90.42,31,20
85230F,JASMINE VOTIVE CANDLE,90.33999999999999,338,12
90163A,PINK ROSEBUD & PEARL NECKLACE,90.32,12,9
90022,EDWARDIAN DROP EARRINGS JET BLACK,90.2,24,20
72051S,BAG OF SILVER STONES,89.52999999999999,130,13
35400,WOODEN BOX ADVENT CALENDAR,89.5,10,5
20892,SET/3 TALL GLASS CANDLE HOLDER PINK,89.22,4,3
90123A,PINK HEART OF GLASS BRACELET,89.12,15,9
35833P,4 PINK FLOCK CHRISTMAS BALLS,88.47,49,22
84984A,GREEN PEONY CUSHION COVER,88.35000000000001,19,6
84306,S/3 PINK SQUARE PLANTERS ROSES,88.22,10,9
90166,PINK & WHITE ROSEBUD RING,88.04,21,15
90129F,RED GLASS TASSLE BAG CHARM,88.03,40,16
84989a,75 GREEN FAIRY CAKE CASES,87.51,42,25
20869,GOLD FABRIC MIRROR,86.76,180,29
21038,SET/4 MODERN VINTAGE COTTON NAPKINS,86.75,77,23
23614,SET 10 CARDS 12 DAYS WRAP  17058,86.58000000000001,26,11
90003E,GREEN PAIR HEART HAIR SLIDES,86.11,23,14
84531B,BLUE KNITTED EGG COSY,85.61,155,28
79403,FROSTED WHITE BASE,85.52,95,15
75172,PAINTED SEA SHELL METAL WINDCHIME,85.31,93,8
20901,VINTAGE KEEPSAKE BOX PINK FLOWER,85.13,19,15
79051A,SMOKEY GREY COLOUR GLASS,84.75999999999999,236,15
20821,GOLDIE LOOKING MIRROR,84.15,17,6
23456,MEDIUM PARLOUR FRAME,84.1,22,2
79030D,"TUMBLER, BAROQUE",84.03999999999999,56,7
16169K,WRAP FOLK ART,84.0,200,8
20941,FROG CANDLE,83.78,64,19
90072,RUBY DROP CHANDELIER EARRINGS,83.42,21,14
22016,Dotcomgiftshop Gift Voucher £100.00,83.33,1,1
90123C,GREEN HEART OF GLASS BRACELET,83.29,14,6
23442,12 HANGING EGGS HAND PAINTED,83.2,40,7
90129A,PINK GLASS TASSLE BAG CHARM,82.97999999999999,45,20
84881,BLUE WIRE SPIRAL CANDLE HOLDER,82.57,12,6
21690,SILVER  CANDLEPOT JARDIN,82.5,22,7
35968,FOLK ART METAL HEART T-LIGHT HOLDER,82.1,163,19
35638A,PINK AND BLACK STRING CURTAIN,82.1,38,5
16049,TEATIME GEL PENS ASST,82.08,504,5
90108,BLUE BLOSSOM HAIR CLIP,81.96000000000001,70,12
20664,TROPICAL HOLIDAY PURSE,81.66,32,18
71496A,A4 WALL TIDY BLUE OFFICE,80.96000000000001,127,12
90175C,BLUE GLASS CHUNKY CHARM BRACELET,80.55,9,6
21226,POCKET MIRROR WOODLAND,80.55,93,20
84249A,"GREETING CARD,SQUARE, DOUGHNUTS",80.46,174,27
84927E,FLOWERS TILE HOOK,80.16000000000001,59,13
23370,SET 36 COLOUR PENCILS DOILEY,80.0,64,3
90129C,GREEN GLASS TASSLE BAG CHARM,79.76,35,16
90124A,PINK MURANO TWIST NECKLACE,79.66,8,6
90162B,ANT SILVER LIME GREEN BOUDICCA RING,79.65,27,10
84984B,RED PEONY CUSHION COVER,79.05000000000001,17,5
21278,VINTAGE KITCHEN PRINT PUDDINGS,79.05,31,7
72811,SMALL ZINC/GLASS CANDLEHOLDER,78.92999999999999,53,8
90039D,FIRE POLISHED GLASS BRACELET GREEN,78.69,21,9
84906,PINK B'FLY C/COVER W BOBBLES,78.17,12,7
37479B,CUBIC MUG FLOCK BLUE ON BROWN,78.09,131,21
90000A,RASPBERRY ANT COPPER FLOWER NECKLAC,77.91,13,8
90086,CRYSTAL FROG PHONE CHARM,77.78999999999999,102,28
23497,CLASSIC CROME BICYCLE BELL,77.4,60,2
90129E,PURPLE GLASS TASSLE BAG CHARM,77.03999999999999,42,14
20980,36 PENCILS TUBE POSY,76.91,79,20
84531A,PINK KNITTED EGG COSY,76.69,147,29
46000P,POLYESTER FILLER PAD 65CMx65CM,76.5,18,6
84840,SWEETHEART CARRY-ALL BASKET,76.44,6,6
90099,NECKLACE+BRACELET SET BLUE HIBISCUS,76.38,27,16
90063B,BLACK VINT ART DEC CRYSTAL NECKLACE,76.32,9,6
90177C,DROP DIAMANTE EARRINGS CRYSTAL,76.23,26,14
16207B,PINK HEART RED HANDBAG,76.14,29,18
20798,CLEAR MILKSHAKE GLASS,75.60000000000001,36,5
22416,SET OF 36 SPACEBOY PAPER DOILIES,75.42,51,8
21946,PARTY TIME DESIGN FLANNEL,75.35,86,25
21413,PERIWINKLE T-LIGHT HOLDER,75.02,48,17
84847,FLORAL BATHROOM SET,75.0,20,11
23061,VINTAGE ENGRAVED HEART,75.0,60,4
gift_0001_10,Dotcomgiftshop Gift Voucher £10.00,74.97,9,8
84968d,SET OF 16 VINTAGE RED CUTLERY,74.88,3,3
23068,ALUMINIUM HEART,74.7,30,6
23044,PAPER LANTERN 9 POINT HOLLY STAR 23,74.7,18,5
84251G,"GREETING CARD, OVERCROWDED POOL.",74.7,270,53
90118,PINK DAISY BAG CHARM,74.64,30,19
85132b,CHARLIE AND LOLA TABLE TINS,74.60999999999999,9,9
85198,ASSORTED FARMYARD ANIMALS IN BUCKET,74.58,90,9
21087,SET/6 POSIES PAPER CUPS,74.57000000000001,141,16
90059A,DIAMANTE HAIR GRIP PACK/2 CRYSTAL,74.53,45,27
22285,"DECORATION HEN ON NEST, HANGING",74.42999999999999,42,6
90081A,LILY BROOCH AMETHYST COLOUR,74.25,15,8
90098,NECKLACE+BRACELET PINK BUTTERFLY,73.95,29,10
90177D,DROP DIAMANTE EARRINGS PURPLE,73.53,25,14
90214C,"LETTER ""C"" BLING KEY RING",72.77,91,33
90103,PURPLE FRANGIPANI NECKLACE,72.66,29,16
84231,EASTER BUNNY WITH BASKET ON BACK,72.63,108,20
20960,WATERMELON BATH SPONGE,72.49,29,10
90030A,SPOTTED WHITE NATURAL SEED NECKLACE,72.0,72,7
85197,SET OF 12 MINI BUNNIES IN A BUCKET,71.4,34,19
90036C,"FLOWER GLASS GARLAND NECKL.36""BLUE",71.4,9,5
22950,SET OF 36 VINTAGE CHRISTMAS DOILIES,71.27,38,8
17014A,ORIGAMI VANILLA INCENSE CONES,71.19,155,8
23413,DECROTIVEVINTAGE COFFEE GRINDER BOX,71.08,12,6
20933,YELLOW POT PLANT CANDLE,71.05,23,9
90214S,"LETTER ""S"" BLING KEY RING",71.0,94,41
90211A,DIAMOND LAS VEGAS NECKLACE 45CM,70.97,12,8
47589,CONGRATULATIONS BUNTING,70.85000000000001,13,3
84251B,"GREETING CARD, STICKY GORDON",70.78,245,53
51020B,STRIPY DESIGN SHOWER CAP,70.57,197,15
84927A,WAKE UP COCKEREL TILE HOOK,70.45,50,18
85026B,EAU DE NILE JEWELLED T-LIGHT HOLDER,70.27,79,11
90051,CRACKED GLAZE NECKLACE RED,70.16,10,7
16161G,WRAP BAD HAIR DAY,70.0,700,22
16020C,CLEAR STATIONERY BOX SET,69.89999999999999,84,17
90125C,TURQUOISE BERTIE GLASS BEAD CHARM,69.85,77,7
46126A,ELVIS WALLHANGING / CURTAIN,69.84,52,8
22949,SET OF 36 DOLLY GIRL PAPER DOILIES,69.66,45,15
90199A,5 STRAND GLASS NECKLACE BLACK,69.63,11,6
84549,CROCHET WHITE RABBIT KEYRING,69.38,38,7
81952V,ROUND PURPLE CLOCK WITH SUCKER,69.35,365,24
90019C,SILVER BLACK ORBIT BRACELET,68.73,13,11
85188B,PINK METAL SWINGING BUNNY,68.69999999999999,78,10
90151,SILVER/NATURAL SHELL NECKLACE,68.0,8,4
22597,CHRISTMAS MUSICAL ZINC HEART,67.89999999999999,58,10
90194,SILVER LARIAT BLACK STONE EARRINGS,67.87,16,10
90000B,MIDNIGHT BLUE COPPER FLOWER NECKLAC,67.83,11,7
90155,RESIN NECKLACE W PASTEL BEADS,67.62,9,7
84874B,BLUE TRAVEL FIRST AID KIT,67.50999999999999,41,14
85049B,LUSH GREENS RIBBONS,67.5,54,13
82011A,"BATHROOM SCALES, TROPICAL BEACH",67.5,18,12
35916A,YELLOW FELT HANGING HEART W FLOWER,67.39,87,29
90144,SILVER DROP EARRINGS WITH FLOWER,67.36,18,14
90024B,NEW BAROQUE B'FLY NECKLACE RED,67.28,8,6
90040B,MURANO STYLE GLASS BRACELET BLACK,66.7,18,11
35819P,"ACRYLIC HANGING JEWEL,PINK",66.55,95,7
84686,BEACH HUT MIRROR,66.39,49,8
17011F,ORIGAMI SANDLEWOOD INCENSE+FLOWER,66.36000000000001,81,7
37444A,YELLOW BREAKFAST CUP AND SAUCER,66.35000000000001,53,18
72807a,SET/3 ROSE CANDLE IN JEWELLED BOX,66.32,8,5
20663,QUEEN OF THE SKIES HOLIDAY PURSE,66.26,25,20
85008,SET OF 3 CONEY ISLAND OVAL BOXES,66.12,13,8
20835,FRENCH LATTICE CUSHION COVER,65.8,67,8
90214L,"LETTER ""L"" BLING KEY RING",65.03999999999999,94,37
84247K,"FOLK ART GREETING CARD,pack/12",64.9,22,9
84247N,PACK/12 BLUE FOLKART CARDS,64.9,22,18
84859B,BLUE DISCO HANDBAG,64.81,31,11
90186B,CRYSTAL HOOP EARRING FLORAL LEAF,64.58,22,15
23235,BISCUIT TIN VINTAGE LEAF,64.56,24,3
90202D,PINK ENAMEL FLOWER HAIR TIE,64.46000000000001,22,11
90202A,PURPLE ENAMEL FLOWER HAIR TIE,64.28,22,15
21031,SPACE CADET BLACK,64.24,52,19
90036F,"FLOWER GLASS GARLD NECKL36""TURQUOIS",64.08,8,5
90181A,AMBER GLASS/SHELL/PEARL NECKLACE,64.04,7,7
23253,16 PC CUTLERY SET PANTRY DESIGN,63.8,4,1
21692,SILVER LATTICE VANILLA CANDLE POT,63.75,17,7
84875D,BLUE SQUARE COMPACT MIRROR,63.75,51,8
84673A,PINK FLY SWAT,63.720000000000006,92,43
72133,COLUMBIAN CANDLE RECTANGLE,63.51,45,16
90196B,BLACK GEMSTONE NECKLACE 45CM,63.480000000000004,5,5
35815P,"ACRYLIC JEWEL SNOWFLAKE, PINK",63.28000000000001,162,5
62094B,TURQ ICE CREAM BUM BAG,63.209999999999994,19,8
90141A,GREEN PENDANT TRIPLE SHELL NECKLACE,63.11,12,10
S,SAMPLES,63.05,2,2
22145,CHRISTMAS CRAFT HEART STOCKING,63.0,30,1
84452,METAL RABBIT LADDER EASTER,62.9,74,16
17012E,ORIGAMI OPIUM INCENSE/CANDLE SET,62.64,44,10
40046A,RED DAISY PAPER LAMPSHADE,62.5,50,6
22407,MONEY BOX FIRST ADE DESIGN,62.5,50,13
84760S,SMALL HANGING GLASS+ZINC LANTERN,62.349999999999994,43,8
72351a,SET/6 TURQUOISE BUTTERFLY T-LIGHTS,62.269999999999996,15,12
85160B,BLACK BIRD GARDEN DESIGN MUG,62.239999999999995,106,16
84247L,FAWN AND MUSHROOM GREETING CARD,62.06,128,19
20848,ZINC HEART LATTICE CHARGER SMALL,61.95,21,8
90210B,CLEAR ACRYLIC FACETED BANGLE,61.56,41,7
90087,CRYSTAL SEA HORSE PHONE CHARM,61.459999999999994,107,25
16151A,FLOWERS HANDBAG blue and orange,61.25,49,3
23541,"WALL ART ,PUDDINGS",61.2,8,2
90183B,AMETHYST DROP EARRINGS W LONG BEADS,61.08,21,17
71495B,CD WALL TIDY RED FLOWERS,61.05,163,8
21655,HANGING RIDGE GLASS T-LIGHT HOLDER,60.84,36,2
90214K,"LETTER ""K"" BLING KEY RING",60.699999999999996,78,38
84984D,ORIENTAL RED CUSHION COVER,60.45,13,4
84805A,CREAM CLIMBING HYDRANGA ART FLOWER,60.0,32,4
90031,BILI NUT AND WOOD NECKLACE,59.89,50,7
90206A,GOLD DIAMANTE STAR BROOCH,59.800000000000004,12,9
22847,"BREAD BIN, DINER STYLE, IVORY",59.8,4,1
22849,"BREAD BIN, DINER STYLE, MINT",59.8,4,1
23629,SET 10 CARDS DRESSING UP 17077,59.760000000000005,24,10
84985A,SET OF 72 GREEN PAPER DOILIES,59.449999999999996,41,18
23537,I LOVE LONDON WALL ART,59.400000000000006,12,2
23325,RUSTIC STRAWBERRY JAMPOT SMALL,59.39999999999999,36,3
21910,WAY OUT METAL SIGN,59.39999999999999,36,8
79071B,ENGLISH ROSE METAL WASTE BIN,59.0,20,11
90202C,GREEN ENAMEL FLOWER HAIR TIE,58.71,20,14
20760,GARDEN PATH POCKET BOOK,58.65,69,21
84798A,PINK FOXGLOVE ARTIIFCIAL FLOWER,58.64999999999999,23,4
72134,COLUMBIAN  CUBE CANDLE,58.62,105,11
90190C,SILVER/AMETHYST DROP EARRINGS LEAF,58.43,20,19
84877A,PINK ROUND COMPACT MIRROR,58.16,40,4
90082D,DIAMANTE BOW BROOCH BLACK COLOUR,58.03,9,5
72802a,ROSE SCENT CANDLE IN JEWELLED BOX,58.029999999999994,7,2
71406C,BLACK ORANGE SQUEEZER,57.96,138,21
90210A,GREY ACRYLIC FACETED BANGLE,57.55,34,10
84466,TOP SECRET PEN SET,57.5,46,10
84597C,RETRO PINK BALL ASHTRAY,57.5,46,13
72801G,4 BURGUNDY WINE DINNER CANDLES,57.46,45,13
85006,SET 4 NURSERY DES ROUND BOXES,57.25,55,9
90214J,"LETTER ""J"" BLING KEY RING",57.21,71,41
21460,GREEN EASTER EGG HUNT START POST,56.779999999999994,28,11
90199B,5 STRAND GLASS NECKLACE AMETHYST,56.59,9,8
44236,PINK/PURPLE CIRCLE CURTAIN,56.52,52,6
90003B,ROSE COLOUR PAIR HEART HAIR SLIDES,56.31,15,10
47341B,BLUE TABLE RUN FLOWER,56.25,45,11
90038A,GLASS AND PAINTED BEADS BRACELET TO,56.15,15,10
90050,CRACKED GLAZE NECKLACE IVORY,55.72,8,4
84679,CLASSICAL ROSE TABLE LAMP,55.7,6,2
16046,TEATIME PEN CASE & PENS,55.25,65,14
90023,FILIGREE DIAMANTE EARRINGS,55.02,13,9
84750B,BLACK SMALL GLASS CAKE STAND,54.99,61,12
90014A,SILVER M.O.P. ORBIT NECKLACE,54.800000000000004,11,6
90071,RUBY GLASS CLUSTER EARRINGS,54.62,44,33
72132,COLUMBIAN CUBE CANDLE,54.599999999999994,28,12
21336,GOLD WASHBAG,54.57,27,10
90040C,MURANO STYLE GLASS BRACELET GOLD,54.42,15,10
20759,CHRYSANTHEMUM POCKET BOOK,54.4,64,20
90040A,MURANO STYLE GLASS BRACELET RED,54.290000000000006,14,5
79323B,BLACK CHERRY LIGHTS,54.0,8,1
20793,BLUE TILED TRAY,54.0,8,4
23389,SPACEBOY MINI RUCKSACK,53.95,13,4
84251C,"GREETING CARD, TWO SISTERS.",53.88,127,40
90012A,MIDNIGHT BLUE DROP CRYSTAL NECKLACE,53.760000000000005,11,5
90035A,"PEARL & SHELL 42""NECKL. GREEN",53.62,5,3
20851,ZINC HEART LATTICE TRAY OVAL,53.550000000000004,9,7
20756,GREEN FERN POCKET BOOK,53.55,63,22
47586A,PINK FAIRY CAKE CUSHION COVER,53.55,21,8
90123B,TURQUOISE HEART OF GLASS BRACELET,53.42,9,5
90211B,JET BLACK LAS VEGAS NECKLACE 45CM,53.260000000000005,9,6
90214E,"LETTER ""E"" BLING KEY RING",53.199999999999996,72,30
20857,BLUE ROSE PATCH PURSE PINK BUTTERFL,52.8,32,8
90163B,WHITE ROSEBUD & PEARL NECKLACE,52.72,7,5
90168,2 DAISIES HAIR COMB,52.56,18,12
84805B,BLUE CLIMBING HYDRANGA ART FLOWER,52.5,38,3
84842,HELLO SAILOR BATHROOM SET,52.5,14,9
90176D,DIAMANTE NECKLACE PURPLE,52.5,7,4
90138,WHITE/PINK MINI CRYSTALS NECKLACE,52.42,10,7
90141C,TURQ PENDANT TRIPLE SHELL NECKLACE,52.31,10,8
35265,COLOURFUL FLOWER FRUIT BOWL,52.2,17,12
23035,DOORKNOB CERAMIC IVORY,52.199999999999996,36,1
23196,RETO LEAVES MAGNETIC SHOPPING LIST,52.199999999999996,36,3
84927D,LA PALMIERA TILE HOOK,51.86,47,14
85028S,FRENCH CHATEAU SMALL FRUITBOWL,51.599999999999994,24,8
90205A,LARGE MINT DIAMANTE HAIRSLIDE,51.51,31,16
84597B,RETRO BROWN BALL ASHTRAY,51.25,41,5
20910,VINTAGE PHOTO ALBUM PARIS DAYS,50.8,8,3
84534B,FAIRY CAKE NOTEBOOK A5 SIZE,50.72,53,10
35916B,BLUE FELT HANGING HEART WITH FLOWER,50.57,75,30
90018C,SILVER BLACK ORBIT DROP EARRINGS,50.400000000000006,12,9
17007B,S/3 POT POURI CUSHIONS BLUE COLOURS,50.400000000000006,24,2
47348A,FUSCHIA VOILE POINTY SHOE DEC,50.31,97,15
44242B,PINK FEATHERS CURTAIN,50.28,52,3
90214D,"LETTER ""D"" BLING KEY RING",49.9,68,32
90214M,"LETTER ""M"" BLING KEY RING",49.82,60,28
90180B,PURPLE AMETHYST NECKLACE W TASSEL,49.81,5,5
23603,SET 10 CARD KRAFT REINDEER 17084,49.800000000000004,20,14
23197,VEGETABLE MAGNETIC  SHOPPING LIST,49.8,36,3
90079,VINTAGE ENAMEL & CRYSTAL NECKLACE,49.760000000000005,10,4
20667,CHERRY BLOSSOM PURSE,49.69,20,16
90202B,WHITE ENAMEL FLOWER HAIR TIE,49.65,17,10
90142D,MOP PENDANT SHELL NECKLACE,49.64,10,4
90157,RIVIERA NECKLACE,49.59,10,5
23015,CORDIAL JUG,49.5,6,2
21089,SET/6 GREEN SPRING PAPER CUPS,48.99,233,25
90038B,GLASS AND PAINTED BEADS BRACELET OL,48.77,13,8
84497,BUTTONS AND STRIPES NOTEBOOK,48.75,13,7
90002D,FLOWER BURST SILVER RING CRYSTAL,48.71,13,9
21720,CAKE SHOP  STICKER SHEET,48.449999999999996,57,8
20697,LITTLE GREEN MONSTER SOFT TOY,48.449999999999996,19,11
DCGS0076,SUNJAR LED NIGHT NIGHT LIGHT,48.39,3,2
84559a,3D SHEET OF DOG STICKERS,48.379999999999995,29,22
84510E,SET OF 4 GREEN CAROUSEL COASTERS,48.29,34,16
90205C,LARGE CRYSTAL DIAMANTE HAIRSLIDE,48.209999999999994,29,15
84402B,PURPLE DRESS JEWELLERY STAND,48.19,61,3
90125B,AQUA BERTIE GLASS BEAD BAG CHARM,48.06,30,12
21816,CHRISTMAS TREE T-LIGHT HOLDER,47.849999999999994,33,7
90169,DAISY HAIR COMB,47.839999999999996,19,11
90036A,FLOWER GARLAND NECKLACE RED,47.7,6,4
23539,"WALL ART , LOVES' SECRET",47.6,8,2
90165B,WHITE ROSEBUD  PEARL EARRINGS,47.43,19,18
17084J,LOVE POTION MASALA INCENSE,47.25,225,8
90065A,WHITE VINTAGE CRYSTAL BRACELET,47.25,7,4
84086B,YELLOW/BLUE RETRO RADIO,47.2,16,7
84706F,RED PEONY TABLE CLOCK,47.2,16,10
84715,SET OF 6 ICE CREAM SKITTLES,47.2,16,3
84857B,BLUE MONTE CARLO HANDBAG,46.8,24,1
84750A,PINK SMALL GLASS CAKE STAND,46.8,24,1
90190A,SILVER/CRYSTAL DROP EARRINGS W LEAF,46.76,16,10
21392,RED POLKADOT PUDDING BOWL,46.39,34,7
23107,WHITE WIRE PLANT POT HOLDER,46.24,16,2
84801B,WHITE HYDRANGEA ART FLOWER,46.2,22,3
23047,PAPER LANTERN 5 POINT STUDDED STAR,46.0,8,4
85031A,ROMANTIC IMAGES SCRAP BOOK SET,45.9,16,7
90012B,BLACK DROP CRYSTAL NECKLACE,45.35000000000001,13,3
90064B,BLACK VINTAGE  CRYSTAL EARRINGS,45.0,12,7
23625,SET 6 CARDS SPARKLY REINDEER 17262,44.910000000000004,9,4
90141B,IVORY PENDANT TRIPLE SHELL NECKLACE,44.86,9,5
84906,PINK BUTTERFLY CUSHION COVER,44.849999999999994,23,5
85185D,FROG SOCK PUPPET,44.25000000000001,15,8
20670,VIP HOLIDAY PURSE,44.04,14,11
47344B,BLUE FLOWER DES PURSE,43.66,44,6
79063C,"RETRO PILL BOX KEY CHAIN,THE KING",43.65,235,14
90056,CHUNKY CRACKED GLAZE NECKLACE IVORY,43.510000000000005,4,4
20698,LITTLE PINK MONSTER SOFT TOY,43.349999999999994,17,8
46138B,BLUE CHENILLE SHAGGY CUSHION COVER,43.15,43,12
23038,T-LIGHT HOLDER SILVER SAUCER,42.919999999999995,44,8
84539,KNITTED RABBIT DOLL,42.9,26,2
22987,WRAP SUMMER ROSE DESIGN,42.84,102,5
20818,GOLD TEDDY BEAR,42.7,15,5
16254,TRANSPARENT ACRYLIC TAPE DISPENSER,42.58,40,17
84922,PINK BUTTERFLY WASHBAG,42.29,9,6
37444C,PINK BREAKFAST CUP AND SAUCER,42.27,21,9
90029,NEW BAROQUE SMALL NECKLACE BLACK,42.14,5,4
90024F,NEW BAROQUE B'FLY NECKLACE CRYSTAL,42.13,5,4
47570b,TEA TIME TABLE CLOTH,42.019999999999996,2,2
17084A,TRANQUILITY MASALA INCENSE,42.0,200,7
23231,WRAP  VINTAGE DOILEY,42.0,100,2
16156L,"WRAP, CAROUSEL",42.0,100,4
90120D,WHITE MURANO TWIST BRACELET,41.790000000000006,10,5
20666,ECONOMY HOLIDAY PURSE,41.53,30,17
23045,PAPER LANTERN 5 POINT STAR MOON 30,41.5,10,5
15030,FAN BLACK FRAME,41.47,143,12
72807c,SET/3 VANILLA SCENTED CANDLE IN BOX,41.449999999999996,5,5
90059D,DIAMANTE HAIR GRIP PACK/2 PERIDOT,41.449999999999996,25,19
84997a,GREEN 3 PIECE POLKADOT CUTLERY SET,41.449999999999996,5,5
90059E,DIAMANTE HAIR GRIP PACK/2 RUBY,41.37,25,15
90039B,FIRE POLISHED GLASS BRACELET MONTAN,41.31,11,6
90162C,ANT SILVER FUSCHIA BOUDICCA RING,41.300000000000004,14,7
84921,CREAM AND PINK FLOWERS PONY,41.25,11,5
23448,CREAM BUNNY EASTER EGG BASKET,41.24999999999999,25,3
75013B,"STRING OF 8 BUTTERFLIES,PINK",41.24999999999999,25,6
90067A,PINK VINTAGE VICTORIAN EARRINGS,41.150000000000006,14,7
90177E,DROP DIAMANTE EARRINGS GREEN,41.080000000000005,14,9
90177B,DROP DIAMANTE EARRINGS BLACK DIAMON,41.010000000000005,14,7
90182C,BLACK 3 BEAD DROP EARRINGS,40.96,14,9
90130C,GREEN STONE/CRYSTAL EARRINGS,40.95,14,13
90177A,CLASSIC DIAMANTE EARRINGS JET,40.900000000000006,14,9
23148,MINITURE ANTIQUE ROSE HOOK IVORY,40.8,48,4
71495A,CD WALL TIDY BLUE OFFICE,40.379999999999995,103,8
10120,DOGGY RUBBER,40.32,192,29
90214G,"LETTER ""G"" BLING KEY RING",40.199999999999996,60,30
85092,CANDY SPOT TEA COSY,40.05,27,2
90187B,GREEN DROP EARRINGS W BEAD CLUSTER,40.03,12,8
90165A,PINK ROSEBUD PEARL EARRINGS,39.98,16,15
72369A,PINK CLEAR GLASS CANDLE PLATE,39.92,30,5
23462,ROCOCO WALL MIROR,39.9,2,1
90135,ORANGE/WHT/FUSCHIA STONES NECKLACE,39.660000000000004,8,2
84725,FREESTYLE CANVAS ART PICTURE,39.65,41,18
22972,CHILDRENS SPACEBOY MUG,39.599999999999994,24,2
84596f,SMALL MARSHMALLOWS PINK BOWL,39.36,16,12
84575A,PINK DOG CANNISTER,39.3,14,4
21307,SET/4 BUTTERFLY MIRROR MAGNETS,39.199999999999996,79,13
35910A,MULTICOLOUR EASTER RABBIT,39.0,20,4
47341A,FUSCHIA TABLE RUN FLOWER,38.75,27,5
90064A,WHITE VINTAGE CRYSTAL EARRINGS,38.7,10,6
21393,BLUE POLKADOT PUDDING BOWL,38.67,29,7
85089,CANDY SPOT BUNNY,38.35,13,5
84559b,3D SHEET OF CAT STICKERS,38.33,23,20
84746,PINK EASTER HENS+FLOWER,38.31,14,9
84925D,LA PALMIERA WALL THERMOMETER,38.25,15,10
84617,NEW BAROQUE BLACK BOXES,38.25,3,3
90190B,GOLD/AMBER DROP EARRINGS W LEAF,38.18,13,7
81952B,ROUND BLUE CLOCK WITH SUCKER,38.0,200,9
84033,FLAG OF ST GEORGE,37.95,23,7
84809B,PINK CHRYSANTHEMUMS ART FLOWER,37.800000000000004,18,1
90075,MONTANA DIAMOND CLUSTER NECKLACE,37.66,4,3
90199D,5 STRAND GLASS NECKLACE AMBER,37.620000000000005,6,6
90212B,JET BLACK LAS VEGAS BRACELET ROUND,37.62,10,8
79191D,RETRO PLASTIC DAISY TRAY,37.61,35,16
23043,PAPER LANTERN 9 POINT HOLLY STAR 40,37.5,6,3
72709,IVORY SCULPTED RND CANDLE,37.4,44,7
35809a,ENAMEL PINK TEA CONTAINER,37.33,9,9
84509b,SET OF 4 FAIRY CAKE PLACEMATS,37.3,5,4
47420,ASSORTED COLOUR SUCTION CUP HOOK,37.24,196,13
90074,BLACK DIAMOND CLUSTER NECKLACE,37.239999999999995,4,3
22837,HOT WATER BOTTLE BABUSHKA LARGE,37.2,8,1
84751B,BLACK MEDIUM GLASS CAKE STAND,37.11,17,8
22407,MONEY BOX FIRST AID DESIGN,36.78,44,11
90214H,"LETTER ""H"" BLING KEY RING",36.76,48,30
84522,PINK PARTY SUNGLASSES,36.76,20,12
90085,CRYSTAL STILETTO PHONE CHARM,36.76,34,10
71510,SQUARE METAL CANDLEHOLDER BASE,36.519999999999996,52,8
84548,CROCHET BEAR RED/BLUE  KEYRING,36.3,22,4
17090D,VANILLA INCENSE 40 CONES IN TIN,36.25,29,12
84226,HEN HOUSE W FAMILY IN BARN & NEST,36.21,51,10
85216,ASSORTED CAKES FRIDGE MAGNETS,35.75,55,8
90094,NECKLACE+BRACELET SET FRUIT SALAD,35.699999999999996,14,13
35913B,WHITE/PINK CHICK EASTER DECORATION,35.48,36,10
90179C,BLACK FINE BEAD NECKLACE W TASSEL,35.44,6,6
90179A,AMBER FINE BEAD NECKLACE W TASSEL,35.31,6,5
90123D,WHITE HEART OF GLASS BRACELET,35.31,6,5
90011B,BLACK CRYSTAL DROP EARRINGS,35.27,12,7
90060F,FIRE POLISHED GLASS NECKL GREEN,35.160000000000004,6,6
79063D,"RETRO PILL BOX , REVOLUTIONARY",35.14,189,11
90131,PINK/AMETHYST/GOLD NECKLACE,34.870000000000005,5,2
23196,LEAVES MAGNETIC  SHOPPING LIST,34.8,24,2
90049,IVORY GOLD METAL BAG CHARM,34.77,5,3
90059F,DIAMANTE HAIR GRIP PACK/2 LT ROSE,34.69,21,14
20827,GOLD APERITIF GLASS,34.32,88,2
79406,FROSTED WHITE BASE,34.12,144,8
84873A,FUNKY FLOWER PICNIC BAG FOR 4,33.9,2,2
90026C,GLASS BEAD HOOP NECKLACE GREEN,33.82,4,3
90024C,NEW BAROQUE B'FLY NECKLACE GREEN,33.81,4,3
90038C,GLASS AND BEADS BRACELET IVORY,33.69,9,4
81950B,FLOWER BLUE CLOCK WITH SUCKER,33.64,116,8
72783,BLACK SIL'T SQU CANDLE PLATE,33.6,16,2
90129D,AMBER GLASS TASSLE BAG CHARM,33.440000000000005,14,7
23390,DOLLY GIRL MINI RUCKSACK,33.2,8,2
37423,WHITE WITH BLACK CATS PLATE,33.18,78,3
72807b,SET/3 OCEAN SCENT CANDLE JEWEL BOX,33.16,4,4
35610C,WHITE CHRISTMAS FLOCK DROPLET,32.51,25,2
17109D,FLOWER FAIRY INCENSE BOUQUET,32.349999999999994,61,5
90186A,AMETHYST HOOP EARRING FLORAL LEAF,32.16,11,9
37468,HARDMAN MUG 3 ASSORTED,32.03,64,13
84824,DANISH ROSE UMBRELLA STAND,31.9,2,2
90036B,"FLOWER GLASS GARLAND NECKL.36""GREEN",31.8,4,2
23632,SET 10 CARDS CHEERFUL ROBIN 17065,31.200000000000003,15,10
23366,SET 12 COLOUR PENCILS DOILEY,31.200000000000003,48,3
44228,CANNABIS LEAF BEAD CURTAIN,30.599999999999998,36,2
85018D,YULETIDE IMAGES S/6 PAPER BOXES,30.599999999999998,12,7
22937,BAKING MOULD CUPCAKE CHOCOLATE,30.599999999999998,12,1
22937,BAKING MOULD CHOCOLATE CUP CAKES,30.599999999999998,12,2
37471,MULTICOLOUR POLKADOT PLATE,30.43,29,3
90176B,DIAMANTE NECKLACE BLACK,30.12,4,3
23396,BUTTERFLY CUSHION COVER,30.0,8,2
22953,BIRTHDAY BANNER TAPE,30.0,24,1
23437,GIFT BAG LARGE 50'S CHRISTMAS,30.0,24,2
35610B,BLACK CHRISTMAS FLOCK DROPLET,30.0,24,1
23250,ENAMEL BOWL PANTRY,30.0,24,2
20878,SET/9 CHRISTMAS T-LIGHTS SCENTED,30.0,24,7
23252,ENAMEL JUG PANTRY,30.0,8,2
90176E,DIAMANTE NECKLACE GREEN,29.98,4,3
90195B,BLACK GEMSTONE BRACELET,29.98,4,4
90039A,FIRE POLISHED GLASS BRACELET RED,29.96,8,3
21310,CAPIZ CHANDELIER,29.95,1,1
90122B,JADE CRYSTAL+GLASS BRACELET,29.93,6,6
21667,GLASS CAKE COVER AND PLATE,29.9,2,1
90014C,SILVER/BLACK ORBIT NECKLACE,29.849999999999998,3,2
90136,PALE PINK/AMETHYST STONE NECKLACE,29.849999999999998,3,2
84660a,WHITE STITCHED WALL CLOCK,29.84,4,2
90159,COTE D'AZURE NECKLACE,29.790000000000003,6,5
90001D,ANTIQUE OLIVE GREEN FLOWER EARRINGS,29.73,7,5
90120A,PINK MURANO TWIST BRACELET,29.73,7,3
23530,"WALL ART,ONLY ONE PERSON",29.700000000000003,6,1
21757,LIGHTHOUSE PRINTED METAL SIGN,29.700000000000003,6,3
21040,MODERN VINTAGE COTTON SHOPPING BAG,29.7,22,8
35816P,"ACRYLIC JEWEL ANGEL,PINK",29.64,78,2
90214I,"LETTER ""I"" BLING KEY RING",29.619999999999997,38,13
84706D,CHERRY BLOSSOM TABLE CLOCK,29.599999999999998,8,4
17136A,BLUE STONES ON WIRE FOR CANDLE,29.59,352,17
90162D,ANT SILVER PURPLE BOUDICCA RING,29.500000000000004,10,5
84465,15 PINK FLUFFY CHICKS IN BOX,29.5,10,7
82605,OLD DOC RUSSEL METAL SIGN,29.400000000000002,14,3
84558a,3D DOG PICTURE PLAYING CARDS,29.310000000000002,5,5
85030,FRENCH CHATEAU OVAL PLATTER,29.25,15,6
90214N,"LETTER ""N"" BLING KEY RING",29.23,41,24
21011,GLITTER SNOW PEAR TREE DECORATION,28.999999999999996,20,3
84199,GLOW IN DARK DOLPHINS,28.98,138,31
46776f,WOVEN ROSE GARDEN CUSHION COVER,28.91,7,1
90152A,SILVER/NAT SHELL NECKLACE W PENDANT,28.76,5,5
84803B,WHITE ALLIUM  ARTIFICIAL FLOWER,28.73,17,4
90093,CLEAR CRYSTAL STAR PHONE CHARM,28.569999999999997,52,10
90027D,GLASS BEAD HOOP EARRINGS AMETHYST,28.4,9,6
17165D,ASS COL LARGE SAND FROG P'WEIGHT,28.35,27,7
23380,PACK OF 12 DOILEY TISSUES,28.08,72,2
84798B,PURPLE FOXGLOVE ARTIIFCIAL FLOWER,28.049999999999997,11,3
90005A,JADE GREEN ENAMEL HAIR COMB,28.02,14,10
90214R,"LETTER ""R"" BLING KEY RING",28.009999999999998,41,25
84613A,PINK NEW BAROQUE FLOCK CANDLESTICK,27.900000000000002,6,3
79066k,RETRO MOD TRAY,27.77,17,10
23637,SET 10 CARDS OUT OF ORDER 17216,27.39,11,9
23613,SET 10 XMAS CARDS & BADGES 17070,27.39,11,6
85126,LARGE ROUND CUTGLASS CANDLESTICK,27.14,2,1
79323P,PINK CHERRY LIGHTS,27.0,4,1
23702,High Resolution Image,27.0,4,3
44235,ASSORTED COLOURED CIRCLE MOBILE,26.88,64,7
84993a,75 GREEN PETIT FOUR CASES,26.56,32,19
35598A,DUSTY PINK CHRISTMAS TREE 60CM,26.550000000000004,9,2
84675,FROG KING WATERING CAN,26.55,9,2
90059B,DIAMANTE HAIR GRIP PACK/2 BLACK DIA,26.52,16,10
21836,GINGHAM OVEN GLOVE RED HEART,26.490000000000002,5,3
72140E,BEST DAD CANDLE LETTERS,26.349999999999998,31,8
90212C,PURPLE LAS VEGAS BRACELET ROUND,26.25,7,3
23636,SET 10 CARDS WISHING TREE 17116,26.19,9,7
85017C,ENVELOPE 50 CURIOUS IMAGES,26.17,49,10
90183C,BLACK DROP EARRINGS W LONG BEADS,26.15,9,9
35916B,BLUE FELT HANGING HEART W FLOWER,26.11,16,2
90026D,GLASS BEAD HOOP NECKLACE AMETHYST,25.5,3,3
84968B,SET OF 16 VINTAGE IVORY CUTLERY,25.5,2,2
84968f,SET OF 16 VINTAGE SKY BLUE CUTLERY,25.49,1,1
35910B,PINK FLOWERS RABBIT EASTER,25.349999999999998,13,3
90026B,GLASS BEAD HOOP NECKLACE MONTANA,25.32,3,3
90037B,TINY CRYSTAL BRACELET GREEN,25.279999999999998,10,5
90013D,PURPLE VINTAGE EARRINGS,25.17,6,3
84596e,SMALL LICORICE DES PINK BOWL,25.099999999999998,10,6
90033,IVORY SHELL HEART EARRINGS,25.07,10,9
23104,IVORY PANTRY HANGING LAMP,25.0,2,1
22135,LADLE LOVE HEART PINK,24.98,39,13
90016C,SILVER/BLACK PENDANT ORBIT NECKLACE,24.96,3,3
23214,BELL HEART ANTIQUE GOLD,24.96,12,1
23240,SET OF 4 KNICK KNACK TINS  DOILEY,24.900000000000002,6,1
23620,SET 10 CARDS PERFECT POST 17090,24.900000000000002,10,7
85115B,S/4 BLACK DISCO PARTITION PANEL,24.869999999999997,3,1
85034a,3 GARDENIA MORRIS BOXED CANDLES,24.869999999999997,3,3
85132c,CHARLIE AND LOLA FIGURES TINS,24.869999999999997,3,3
15060b,FAIRY CAKE DESIGN UMBRELLA,24.869999999999997,3,3
90043,COPPER AND BRASS BAG CHARM,24.810000000000002,4,2
90059C,DIAMANTE HAIR GRIP PACK/2 MONTANA,24.79,15,10
90214B,"LETTER ""B"" BLING KEY RING",24.77,37,22
90141E,ORANGE PENDANT TRIPLE SHELL NECKLAC,24.75,5,2
84854,GIRLY PINK TOOL SET,24.75,5,1
20820,SILVER LOOKING MIRROR,24.75,5,2
20778,GARDEN PATH NOTEBOOK,24.75,15,8
84993B,75 BLACK PETIT FOUR CASES,24.36,58,18
90076,MONTANA DIAMOND CLUSTER EARRINGS,24.119999999999997,9,4
21461,BLUE EASTER EGG HUNT START POST,23.86,10,6
84562A,PINK/WHITE RIBBED MELAMINE JUG,23.85,3,3
47503J,SET/3 FLORAL GARDEN TOOLS IN BAG,23.85,3,2
21357,TOAST ITS - DINOSAUR,23.75,19,10
35909A,RABBIT EASTER DECORATION,23.6,8,3
35909B,PINK FLOWERS RABBIT EASTER,23.6,8,2
90083,CRYSTAL CZECH CROSS PHONE CHARM,23.47,25,9
23244,CANNISTER VINTAGE LEAF DESIGN,23.4,12,2
22246,"GARLAND, MAGIC GARDEN 1.8M",23.4,12,1
90176C,DIAMANTE NECKLACE,23.32,3,2
23623,SET 10 CARD CHRISTMAS WELCOME 17112,23.28,8,6
90182A,AMBER 3 BEAD DROP EARRINGS,23.2,8,8
90104,PURPLE FRANGIPANI HAIRCLIP,23.16,28,12
23236,STORAGE TIN VINTAGE DOILEY,23.13,7,2
23106,ZINC PLANT POT HOLDER,23.12,8,1
85195,HANGING HEART BASKET,23.1,11,3
85206B,PINK FELT EASTER EGG BASKET,23.099999999999998,14,4
22351,DOTCOMGIFTSHOP TEA TOWEL,23.089999999999996,13,2
90214Y,"LETTER ""Y"" BLING KEY RING",22.839999999999996,66,8
23145,ZINC T-LIGHT HOLDER STARS LARGE,22.799999999999997,24,2
90188,DROP EARRINGS W FLOWER & LEAF,22.58,9,7
90054,CRACKED GLAZE EARRINGS RED,22.58,9,9
90039C,FIRE POLISHED GLASS BRACELET BLACK,22.48,6,6
90176A,CLASSIC DIAMANTE NECKLACE JET,22.48,3,2
23640,SET 10 CARDS SCOTTIE DOG 17211,22.410000000000004,9,8
23645,SET 10 CHRISTMAS CARDS HOHOHO 16956,22.410000000000004,9,4
21018,BIRD BOX CHRISTMAS TREE DECORATION,22.06,24,6
90035C,"PEARL & SHELL 42""NECKL. IVORY",21.5,2,1
84387A,BIRD ON BRANCH CANVAS SCREEN,21.45,11,1
84551,CROCHET DOG KEYRING,21.449999999999996,13,2
20695,FLORAL BLUE MONSTER,21.25,5,4
90001B,ANTIQUE MID BLUE FLOWER EARRINGS,21.15,5,3
90001C,ANTIQUE OPAL WHITE FLOWER EARRINGS,21.130000000000003,5,5
90125E,AMBER BERTIE GLASS BEAD BAG CHARM,21.05,11,10
23692,WRAP A PRETTY THANK YOU,21.0,50,2
16169P,WRAP GREEN RUSSIAN FOLKART,21.0,50,2
23691,KEEP CALM BIRTHDAY WRAP,21.0,50,2
90001A,ANTIQUE RASPBERRY FLOWER EARRINGS,20.950000000000003,5,4
17001,HEAVENS SCENT FRAGRANCE OILS ASSTD,20.88,72,1
23388,WOODLAND MINI RUCKSACK,20.75,5,2
47518f,ICON PLACEMAT POP ART ELVIS,20.73,5,5
46776a,WOVEN BUBBLE GUM CUSHION COVER,20.65,5,1
90141D,ROSE PENDANT TRIPLE SHELL NECKLACE,20.36,4,2
90214P,"LETTER ""P"" BLING KEY RING",20.229999999999997,39,16
90034,WHITE SILVER NECKLACE SHELL GLASS,20.17,2,2
84415B,BLUE FLOCK CUSHION COVER,20.0,8,3
23616,SET 10 CARDS JINGLE BELLS 17217,19.92,8,7
23646,SET 10 CARDS JINGLE BELLS 16957,19.92,8,5
23601,SET 10 CARDS SNOWY SNOWDROPS  17100,19.92,8,4
21681,GIANT MEDINA STAMPED METAL BOWL,19.9,2,2
22776,"CAKESTAND, 3 TIER, LOVEHEART",19.9,2,1
37491A,YELLOW/PINK CERAMIC CANDLE HOLDER,19.81,6,4
90156,RESIN BRACELET W PASTEL BEADS,19.8,4,3
23029,DOORKNOB CRACKED GLAZE GREEN,19.799999999999997,12,2
23249,ENAMEL DINNER PLATE PANTRY,19.799999999999997,12,1
23031,DOORKNOB CRACKED GLAZE PINK,19.799999999999997,12,2
85024C,PINK SMALL JEWELLED PHOTOFRAME,19.799999999999997,12,9
37487B,YELLOW/ORANGE FLOWER DESIGN PLATE,19.72,68,2
85028L,FRENCH CHATEAU LARGE FRUIT BOWL,19.5,10,4
79062D,"RETRO TIN ASHTRAY,REVOLUTIONARY",19.4,52,4
85047,WHITE BEADED GARLAND STRING 20LIGHT,19.049999999999997,3,2
23056,CRYSTAL CHANDELIER T-LIGHT HOLDER,18.75,3,1
21538,DAIRY MAID  PUDDING BOWL,18.75,5,2
21416,CLAM SHELL LARGE,18.75,5,4
84856S,SMALL TAHITI BEACH BAG,18.6,4,1
90041,PEARL AND CHERRY QUARTZ BRACLET,18.27,5,4
35607B,BLACK FEATHER CHRISTMAS DECORATION,18.240000000000002,96,7
72821,CUPID SCENTED CANDLE IN GLASS,18.15,11,4
21661,VINTAGE GLASS TEA CADDY,17.85,3,3
90060D,FIRE POLISHED GLASS NECKL BRONZE,17.85,3,3
22134,LADLE LOVE HEART RED,17.82,24,9
84856L,LARGE TAHITI BEACH BAG,17.82,2,2
20935,ROUND CACTUS CANDLE,17.700000000000003,6,4
90162A,ANT SILVER TURQUOISE BOUDICCA RING,17.700000000000003,6,1
90027A,GLASS BEAD HOOP EARRINGS BLACK,17.66,6,3
90179B,PURPLE FINE BEAD NECKLACE W TASSEL,17.59,3,3
84596b,SMALL DOLLY MIX DESIGN ORANGE BOWL,17.57,7,5
90011A,MIDNIGHT BLUE CRYSTAL DROP EARRINGS,17.509999999999998,6,6
79331,PINK FLOCK GLASS CANDLEHOLDER,17.5,26,3
90130A,WHITE STONE/CRYSTAL EARRINGS,17.5,6,6
35597D,PINK/WHITE CHRISTMAS TREE 30CM,17.48,46,2
23627,SET 10 CARDS XMAS GRAPHIC  17218,17.43,7,2
22963,JAM JAR WITH BLUE LID,17.28,24,1
37489D,PINK/GREEN FLOWER DESIGN BIG MUG,17.16,40,16
23342,MINT DINER CLOCK,17.0,2,1
22777,GLASS BELL JAR LARGE,17.0,2,1
44092C,PURPLE/COPPER HANGING LAMPSHADE,17.0,20,8
47574B,ENGLISH ROSE SCENTED HANGING HEART,17.0,4,2
90026A,GLASS BEAD HOOP NECKLACE BLACK,17.0,2,1
85084,HOLLY TOP CHRISTMAS STOCKING,17.0,20,7
35645,VINTAGE BEAD PINK JEWEL BOX,17.0,4,3
21120,*Boombox Ipod Classic,16.98,1,1
20954,*USB Office Mirror Ball,16.94,2,2
21595,Dad's Cab Electronic Meter,16.94,2,2
85035a,GARDENIA 3 WICK MORRIS BOXED CANDLE,16.94,2,2
90024D,NEW BAROQUE B'FLY NECKLACE PINK,16.82,2,2
90024E,NEW BAROQUE B'FLY NECKLACE MONTANA,16.810000000000002,2,2
21144,PINK POODLE HANGING DECORATION,16.8,5,2
37489B,BLUE/YELLOW FLOWER DESIGN BIG MUG,16.77,31,12
23644,SET 10 CARDS CHRISTMAS TREE 16955,16.65,5,5
84031a,CHARLIE+LOLA RED HOT WATER BOTTLE,16.63,1,1
84031b,CHARLIE LOLA BLUE HOT WATER BOTTLE,16.63,1,1
DCGS0004,HAYNES CAMPER SHOULDER BAG,16.63,1,1
85036a,GARDENIA 1 WICK MORRIS BOXED CANDLE,16.58,2,1
90137,PINK COMBO MINI CRYSTALS NECKLACE,16.310000000000002,3,3
23502,PLAYING CARDS VINTAGE DOILEY,16.25,13,2
35647,VINTAGE BEAD PINK SHADE,16.25,13,2
16248B,BLUE HOLE PUNCH,16.25,13,7
85160a,WHITE BIRD GARDEN DESIGN MUG,16.13,1,1
90214V,"LETTER ""V"" BLING KEY RING",15.979999999999999,26,14
72815,3 WICK CHRISTMAS BRIAR CANDLE,15.97,3,2
85136B,BLUE SHARK HELICOPTER,15.9,2,2
84795C,OCEAN STRIPE HAMMOCK,15.9,2,1
22778,GLASS BELL JAR SMALL,15.8,4,1
DCGS0069,OOH LA LA DOGS COLLAR,15.79,1,1
20816,GOLD FLOWER CUSHION COVER,15.6,8,2
78034B,BLUE NETTING STORAGE HANGER,15.6,8,6
90214F,"LETTER ""F"" BLING KEY RING",15.429999999999998,27,15
22932,BAKING MOULD TOFFEE CUP  CHOCOLATE,15.299999999999999,6,1
17107D,FLOWER FAIRY 5 SUMMER DRAW LINERS,15.299999999999999,6,1
35817P,"ACRYLIC JEWEL SNOWFLAKE,PINK",15.299999999999999,6,1
90132,LIGHT TOPAZ TEAL/AQUA COL NECKLACE,15.16,3,3
72024U,LILAC VOTIVE CANDLE,15.120000000000001,72,3
90140,PINK SWEETIE NECKLACE,15.120000000000001,2,2
84660b,BLACK STITCHED WALL CLOCK,15.08,2,2
35610A,PINK CHRISTMAS FLOCK DROPLET,15.02,10,3
23449,SET OF 6 EASTER RAINBOW CHICKS,15.0,12,1
90189A,SILVER 2 STRAND NECKLACE-LEAF CHARM,15.0,2,2
17191A,ROSE FLOWER CANDLE+INCENSE 16X16CM,15.0,4,2
84705C,PINK FLOCK PHOTO FRAME,15.0,12,1
23251,ENAMEL MUG PANTRY,15.0,12,1
84415A,PINK FLOCK SUEDE CUSHION COVER,15.0,12,2
90069,RUBY GLASS CLUSTER NECKLACE,15.0,2,1
90078,PINK/WHITE GLASS DEMI CHOKER,15.0,2,1
84462,3 PINK HEN+CHICKS IN BASKET,15.0,12,6
23212,PAINTED HEART WREATH WITH BELL,15.0,12,1
90025F,BAROQUE BUTTERFLY EARRINGS CRYSTAL,14.96,4,4
23621,SET 10 CARDS DAVID'S MADONNA 17074,14.940000000000001,6,4
23281,FOLDING MIRROR RED,14.939999999999998,18,2
23282,FOLDING MIRROR IVORY,14.939999999999998,18,2
84509g,SET OF 4 FAIRY CAKE PLACEMATS,14.92,2,2
85031C,CURIOUS IMAGES SCRAP BOOK SET,14.850000000000001,3,1
90046,WHITE WITH METAL BAG CHARM,14.850000000000001,3,1
90048,GREEN WITH METAL BAG CHARM,14.850000000000001,3,1
84989A,75 GREEN FAIRY CAKE CASES,14.850000000000001,27,17
84593,CROCHET ROSE DES CLOTHES HANGER,14.750000000000002,5,1
23634,SET 10 CARDS XMAS CHOIR 17068,14.55,5,5
16202B,PASTEL BLUE PHOTO ALBUM,14.5,29,2
90027C,GLASS BEAD HOOP EARRINGS GREEN,14.5,5,5
90182B,AMETHYST 3 BEAD DROP EARRINGS,14.5,5,5
37489A,YELLOW/PINK FLOWER DESIGN BIG MUG,14.43,33,14
47593A,CAROUSEL PONIES BABY BIB,14.37,33,12
90052,CRACKED GLAZE NECKLACE BROWN,14.14,2,2
62043B,BLUE CHECK BAG W HANDLE 34X20CM,14.11,17,5
71143,ANTIQUE SILVER BOOK MARK WITH BEADS,14.11,17,3
90089,PINK CRYSTAL SKULL PHONE CHARM,13.94,20,9
23540,"WALL ART , THE MAGIC FOREST",13.9,2,1
79336,LIGHT PINK FLOCK GLASS CANDLEHOLDER,13.680000000000003,36,3
37489C,GREEN/BLUE FLOWER DESIGN BIG MUG,13.65,23,8
85017A,ENVELOPE 50 ROMANTIC IMAGES,13.58,16,8
90065B,BLACK VINT ART DEC CRYSTAL BRACELET,13.5,2,2
90214T,"LETTER ""T"" BLING KEY RING",13.459999999999999,24,11
84745B,BLUE HANGING GINGHAM EASTER HEN,13.44,32,5
84745A,PINK HANGING GINGHAM EASTER HEN,13.44,32,5
90014C,SILVER AND BLACK ORBIT NECKLACE,13.350000000000001,2,2
23639,SET 10 CARDS MAGICAL TREE 17086,13.32,4,4
23271,CHRISTMAS TABLE CANDLE SILVER SPIKE,13.28,16,1
23607,SET 10 CARDS HATS & STOCKINGS 17081,13.28,8,7
22952,72 CAKE CASES VINTAGE CHRISTMAS,13.200000000000001,24,1
37491C,GREEN/BLUE CERAMIC CANDLE HOLDER,13.2,8,1
84388,WISE MAN STAR SHAPE EGG PAN,13.14,24,6
37462E,"PET MUG, GOLDFISH",13.1,36,12
16162L,THE KING GIFT BAG,13.0,20,8
47013C,WINE BOTTLE DRESSING DARK BLUE,12.969999999999999,52,12
18097A,PINK TALL PORCELAIN T-LIGHT HOLDER,12.75,5,4
DCGS0070,CAMOUFLAGE DOG COLLAR,12.72,1,1
21895,POTTING SHED SOW 'N' GROW SET,12.72,2,2
90042C,FRESHWATER PEARL BRACELET IVORY,12.7,5,5
90055,CRACKED GLAZE EARRINGS BROWN,12.53,5,5
90037C,TINY CRYSTAL BRACELET BLUE,12.52,5,5
23071,MARIE ANTOIENETT TRINKET BOX GOLD,12.5,1,1
20671,BLUE TEATIME PRINT BOWL,12.5,10,2
90020,FILIGREE DIAMANTE CHAIN,12.48,1,1
23635,SET 10 CARDS CHRISTMAS HOLLY  17259,12.48,3,3
23654,SET 10 CARD SNOWMAN 16965,12.450000000000001,5,4
82613c,"METAL SIGN,CUPCAKE SINGLE HOOK",12.399999999999999,5,4
79329,PINK FLOCK GLASS CANDLEHOLDER,12.18,12,2
84016,FLAG OF ST GEORGE CAR FLAG,12.16,27,2
90178B,PURPLE CHUNKY GLASS+BEAD NECKLACE,11.95,1,1
90021,LASER CUT MULTI STRAND NECKLACE,11.95,1,1
84614A,PINK BAROQUE FLOCK CANDLE HOLDER,11.9,2,1
84620,BLUE GINGHAM ROSE CUSHION COVER,11.9,2,1
44092B,BLUE WHITE PLASTIC RINGS LAMPSHADE,11.899999999999999,14,5
90214Z,"LETTER ""Z"" BLING KEY RING",11.84,22,10
37444B,BLUE BREAKFAST CUP AND SAUCER,11.8,4,3
35818B,"ACRYLIC JEWEL ICICLE, BLUE",11.780000000000001,31,3
16162M,THE KING GIFT BAG 25x24x12cm,11.76,28,8
16043,POP ART PUSH DOWN RUBBER,11.759999999999998,98,2
23608,SET 10 CARDS RUDOLPHS NOSE 17097,11.64,4,3
23605,SET 10 CARDS 12 DAYS OF XMAS 17059,11.64,4,1
85184c,SET 4 VALENTINE DECOUPAGE HEART BOX,11.58,2,2
71050,SMALL SINGLE FLAME CANDLE HOLDER,11.549999999999999,33,6
72798C,SET/4 GARDEN ROSE DINNER CANDLE,11.549999999999999,7,3
90152B,BLUE/GREEN SHELL NECKLACE W PENDANT,11.46,2,2
17164B,ASS COL SMALL SAND GECKO P'WEIGHT,11.34,27,9
23299,"FOOD COVER WITH BEADS , SET 2 SIZES",11.25,3,1
90025D,BAROQUE BUTTERFLY EARRINGS PINK,11.19,3,3
84536a,ENGLISH ROSE NOTEBOOK A7 SIZE,11.060000000000002,14,4
37488A,YELLOW PINK FLOWER DESIGN BIG BOWL,10.92,28,3
79026B,"S/4 ICON COASTER,ELVIS LIVES",10.61,25,9
16161M,WRAP  PINK FLOCK,10.5,25,1
16169N,WRAP BLUE RUSSIAN FOLKART,10.5,25,1
35966,FOLKART CHRISTMAS TREE T-LIGHT HOLD,10.260000000000002,27,2
35958,FOLKART ZINC STAR CHRISTMAS DEC,10.2,12,3
40005B,BLUE ORGANDY ROUND LAMPSHADE W BEA,10.2,12,4
85109,PINK BOUDOIR T-LIGHT HOLDER,10.2,12,1
44089C,LILAC GAUZE BUTTERFLY LAMPSHADE,10.08,24,6
23086,ZINC STAR T-LIGHT HOLDER,10.0,8,1
90053,CRACKED GLAZE EARRINGS IVORY,9.99,4,4
23650,SET 10 CARDS FILIGREE BAUBLE 16961,9.96,4,4
23624,SET 10 CARD PERFECT NATIVITY 17089,9.96,4,4
23619,SET 10 CARDS POINSETTIA 17093,9.96,4,2
23615,SET 10 CARDS PRINTED GRAPHIC 17219,9.96,4,4
84689,S/2 BEACH HUT TREASURE CHESTS,9.95,3,2
37474,SET/4 2 TONE EGG SHAPE MIXING BOWLS,9.95,1,1
82613b,"METAL SIGN,CUPCAKE SINGLE HOOK",9.94,4,4
DCGS0003,BOXED GLASS ASHTRAY,9.94,4,4
37491D,PURPLE/BLUE CERAMIC CANDLE HOLDER,9.879999999999999,4,2
85231g,ORANGE SCENTED SET/9 T-LIGHTS,9.78,6,6
44242A,LILAC FEATHERS CURTAIN,9.48,12,1
23441,HAND PAINTED HANGING EASTER EGG,9.24,22,3
35809B,ENAMEL BLUE RIM TEA CONTAINER,9.18,8,3
90181C,BLACK GLASS/SHELL/PEARL NECKLACE,9.15,1,1
90184c,BLACK CHUNKY BEAD BRACELET W STRAP,9.15,1,1
37351,ORANGE FLOWER MUG,9.06,10,2
84773,RED ROSE AND LACE C/COVER,8.850000000000001,3,1
45013,FOLDING SHOE TIDY,8.850000000000001,3,2
20906,VINTAGE NOTEBOOK BEAUTY GIRL,8.850000000000001,3,2
90077,BLACK DIAMOND CLUSTER EARRINGS,8.82,3,3
90011E,AMBER CRYSTAL DROP EARRINGS,8.76,3,3
90011D,PURPLE CRYSTAL DROP EARRINGS,8.76,3,3
90027B,GLASS BEAD HOOP EARRINGS MONTANA,8.76,3,3
16206B,RED PURSE WITH PINK HEART,8.75,7,2
90130D,RED STONE/CRYSTAL EARRINGS,8.7,3,3
84732B,CUTE BIRD CEATURE SCREEN,8.58,22,2
90167,BEADED LOVE HEART JEWELLERY SET,8.5,10,1
44265,M/COLOUR POM-POM CURTAIN,8.5,2,1
90102,WHITE FRANGIPANI HAIR CLIP,8.5,10,1
72803b,OCEAN SCENT CANDLE JEWELLED DRAWER,8.47,1,1
85035b,CHOCOLATE 3 WICK MORRIS BOX CANDLE,8.47,1,1
85035c,ROSE 3 WICK MORRIS BOX CANDLE,8.47,1,1
85036b,CHOCOLATE 1 WICK MORRIS BOX CANDLE,8.47,1,1
21410,COUNTRY COTTAGE  DOORSTOP GREEN,8.47,1,1
84975,HEART SHAPED MIRROR,8.45,5,2
20871,OPULENT VELVET SET/3 CANDLES,8.42,2,1
21594,Dr. Jam's Arouzer Stress Ball,8.34,2,2
23612,SET 10 MINICARDS CUTE SNOWMAN 17071,8.299999999999999,5,2
85034b,3 WHITE CHOC MORRIS BOXED CANDLES,8.29,1,1
72802c,VANILLA SCENT CANDLE JEWELLED BOX,8.29,1,1
84924F,PSYCHEDELIC METAL SIGN CALENDAR,7.9,10,3
16244B,MAXWELL 2 TONE BLUE 60 PAGE PHOTO A,7.85,7,2
35607A,PINK FLUFFY CHRISTMAS DECORATION,7.82,26,2
85189,HANGING BUTTERFLY  EGG,7.6499999999999995,9,3
90042A,FRESHWATER PEARL BRACELET GOLD,7.6499999999999995,3,2
79149B,SILICON STAR BULB  BLUE,7.56,18,8
21827,EIGHT PIECE CREEPY CRAWLIE SET,7.5,6,3
37379A,PINK CHERRY BLOSSOM CUP & SAUCER,7.5,6,1
90068,"RUBY GLASS NECKLACE 42""",7.5,1,1
16202E,BLACK PHOTO ALBUM,7.5,15,3
85160A,WHITE BIRD GARDEN DESIGN MUG,7.5,6,1
90025A,BAROQUE BUTTERFLY EARRINGS BLACK,7.5,2,2
23633,SET 10 CARDS WORLD CHILDREN 17067,7.470000000000001,3,3
62097B,BLUE STRIPES SHOULDER BAG,7.469999999999999,9,3
90128A,PINK LEAVES AND BEADS PHONE CHARM,7.43,3,2
84596g,SMALL CHOCOLATES PINK BOWL,7.38,3,1
71496B,A4 WALL TIDY RED FLOWERS,7.37,13,4
85144,JARDIN ETCHED GLASS BUTTER DISH,7.25,1,1
10124G,ARMY CAMO BOOKCOVER TAPE,7.14,17,4
90214W,"LETTER ""W"" BLING KEY RING",6.819999999999999,16,5
90214O,"LETTER ""O"" BLING KEY RING",6.819999999999999,16,5
35443,RASTA IN BATH W SPLIFF ASHTRAY,6.8,8,6
84802B,PURPLE ANEMONE ARTIFICIAL FLOWER,6.76,4,1
10124A,SPOTS ON RED BOOKCOVER TAPE,6.72,16,5
21186,WHITE DOVE HONEYCOMB PAPER GARLAND,6.72,2,1
62074B,ELEPHANT CLIP W SUCTION CUP,6.72,16,4
35833G,4 GOLD FLOCK CHRISTMAS BALLS,6.72,2,1
23604,SET 10 MINI SANTA & SNOWMAN  17087,6.64,4,2
20678,LARGE BLACK DIAMANTE HAIRSLIDE,6.6,4,1
37491B,BLUE/YELLOW CERAMIC CANDLE HOLDER,6.6,4,1
90126C,AMBER BERTIE MOBILE PHONE CHARM,6.58,2,1
85224,ASSORTED COLOUR SILK GLASSES CASE,6.300000000000001,3,1
44089A,PINK GAUZE BUTTERFLY LAMPSHADE,6.3,15,4
21228,"POCKET MIRROR ""GLAMOROUS""",6.25,5,2
85225,BLING KEY RING STAND,6.25,6,3
35591T,TURQUOISE CHRISTMAS TREE,6.25,5,4
23610,SET 10 CARDS CHRISTMAS ROBIN 17095,6.24,3,3
90152C,BLUE/NAT SHELL NECKLACE W PENDANT,5.95,1,1
90060B,FIRE POLISHED GLASS NECKL GOLD,5.95,1,1
84499,BLACK FLOWER CANDLE PLATE,5.949999999999999,7,2
90014B,GOLD M.O.P. ORBIT NECKLACE,5.9,2,2
35598C,WHITE CHRISTMAS TREE 60CM,5.9,2,2
79161A,ST GEORGE SET OF 10 PARTY LIGHTS,5.9,2,2
84228,HEN HOUSE WITH CHICK STANDING,5.88,14,3
23652,SET 10 CARD CHRISTMAS STAMPS 16963,5.82,2,1
23638,SET 10 CARDS ROBIN WATERPUMP  17096,5.82,2,2
23617,SET 10 CARDS SWIRLY XMAS TREE 17104,5.82,2,1
90067B,BROWN VINTAGE VICTORIAN EARRINGS,5.8,2,2
90011C,GREEN CRYSTAL DROP EARRINGS,5.8,2,2
23630,SET 10 CARDS HANGING BAUBLES 17080,5.48,2,2
21839,MUMMY MOUSE RED GINGHAM RIBBON,5.45,1,1
35004P,SET OF 3 PINK FLYING DUCKS,5.45,1,1
81953P,ROUND ARTICULATED PINK CLOCK W/SUCK,5.32,28,3
20964,POLYESTER FILLER PAD 60x40cm,5.1,2,1
37509,NEW ENGLAND MUG W GIFT BOX,5.1,2,2
90142A,GREEN PENDANT SHELL NECKLACE,5.09,1,1
84803A,PINK ALLIUM  ARTIFICIAL FLOWER,5.07,3,1
22034,ROBIN CHRISTMAS CARD,5.02,10,4
23649,SET 10 CARDS DECK THE HALLS 16960,4.98,2,2
90135A,ORANGE/FUSCHIA STONES NECKLACE,4.98,1,1
47593b,SCOTTIE DOGS BABY BIB,4.9799999999999995,6,1
90128C,GREEN LEAVES AND BEADS PHONE CHARM,4.97,2,2
90128D,PURPLE LEAVES AND BEADS PHONE CHAR,4.97,2,2
84661a,WHITE SQUARE TABLE CLOCK,4.96,1,1
84661b,BLACK SQUARE TABLE CLOCK,4.96,1,1
35650,VINTAGE BEAD PINK JEWEL STAND,4.95,1,1
90081B,LILY BROOCH WHITE/SILVER COLOUR,4.95,1,1
85031B,BLOSSOM IMAGES SCRAP BOOK SET,4.95,1,1
84971l,LARGE HEART FLOWERS HOOK,4.92,2,1
90127A,PINK BEADS+HAND PHONE CHARM,4.92,2,1
85049d,BRIGHT BLUES RIBBONS,4.92,2,2
85049b,LUSH GREENS RIBBONS,4.92,2,2
85231b,CINAMMON SET OF 9 T-LIGHTS,4.92,3,3
84613C,BLUE NEW BAROQUE FLOCK CANDLESTICK,4.65,1,1
71215,METAL BASE FOR CANDLES,4.62,11,2
79151B,"SILICON CUBE 25W, BLUE",4.62,11,2
84206A,3 BLACK CATS W HEARTS BLANK CARD,4.5600000000000005,24,3
35817P,PINK ACRYLIC JEWEL SNOWFLAKE,4.5600000000000005,12,1
81950V,FLOWER PURPLE CLOCK WITH SUCKER,4.35,15,3
84732D,CUTE RABBIT CEATURE SCREEN,4.29,11,2
22199,FRYING PAN RED POLKADOT,4.25,1,1
22218,CAKE STAND LACE WHITE,4.25,1,1
81950V,FLOWER PURPLE CLOCK W/SUCKER,4.25,5,3
79157V,UBO-LIGHT TRIOBASE PURPLE,4.25,5,3
20703,BLUE PADDED SOFT MOBILE,4.25,1,1
47016,LIGHT DECORATION BATTERY OPERATED,4.2,2,1
20861,GOLD COSMETIC BAG PINK STAR,4.2,2,2
22206,"MUG , DOTCOMGIFTSHOP.COM",4.17,5,5
23391,I LOVE LONDON MINI RUCKSACK,4.15,1,1
46776e,WOVEN CANDY CUSHION COVER,4.13,1,1
46776b,WOVEN BERRIES CUSHION COVER,4.13,1,1
47591b,SCOTTIES CHILDRENS APRON,4.13,1,1
84536b,FAIRY CAKES NOTEBOOK A7 SIZE,4.050000000000001,5,1
17174,ASSTD RASTA KEY-CHAINS,3.7800000000000002,9,3
44091A,BLUE CRUSOE CHECK LAMPSHADE,3.78,9,3
90128B,BLUE LEAVES AND BEADS PHONE CHARM,3.76,2,2
79192A,RETRO PLASTIC 70'S TRAY,3.75,3,2
37464,ROBOT MUG IN DISPLAY BOX,3.75,3,2
90025B,BAROQUE BUTTERFLY EARRINGS RED,3.73,1,1
90025E,BAROQUE BUTTERFLY EARRINGS MONTANA,3.73,1,1
35271S,GOLD PRINT PAPER BAG,3.6100000000000003,19,2
16010,FOLDING CAMPING SCISSOR W/KNIF & S,3.5999999999999996,30,3
84270,ASSTD DESIGN BUBBLE GUM RING,3.5700000000000003,17,4
16202A,PASTEL PINK PHOTO ALBUM,3.5,7,2
90214U,"LETTER ""U"" BLING KEY RING",3.4799999999999995,12,1
79157B,UBO-LIGHT TRIOBASE BLUE,3.4,4,2
84802A,WHITE ANEMONE ARTIFICIAL FLOWER,3.38,2,1
90126A,PINK BERTIE MOBILE PHONE CHARM,3.36,1,1
21160,KEEP OUT GIRLS DOOR HANGER,3.36,1,1
22528,GARDENERS KNEELING PAD,3.36,1,1
85119,WATERING CAN SINGLE HOOK PISTACHIO,3.36,1,1
23643,SET 10 CARDS CHRISTMAS BAUBLE 16954,3.33,1,1
84534b,FAIRY CAKE NOTEBOOK A5 SIZE,3.32,2,2
90187A,BLUE DROP EARRINGS W BEAD CLUSTER,3.32,1,1
10123C,HEARTS WRAPPING TAPE,3.25,5,3
47013A,WINE BOTTLE DRESSING LT.BLUE,3.0399999999999996,14,4
23609,SET 10 CARDS SNOWY ROBIN 17099,2.91,1,1
23602,SET 10 CARDS 3 WISE MEN 17107,2.91,1,1
23628,SET 10 CARDS TRIANGLE ICONS  17220,2.91,1,1
90183c,BLACK DROP EARRINGS W LONG BEADS,2.9,1,1
m,Manual,2.55,1,1
90100,NECKLACE+BRACELET SET PINK DAISY,2.55,1,1
17028J,INCENSE BAZAAR PEACH,2.52,6,1
35609A,PINK FEATHER CHRISTMAS DECORATION,2.51,1,1
62096B,PURPLE/TURQ FLOWERS HANDBAG,2.5,2,1
90037A,TINY CRYSTAL BRACELET RED,2.48,1,1
84201B,HAPPY BIRTHDAY CARD STRIPEY TEDDY,2.47,13,2
85179a,GREEN BITTY LIGHT CHAIN,2.46,1,1
84596l,BISCUITS SMALL BOWL LIGHT BLUE,2.46,1,1
85049c,ROMANTIC PINKS RIBBONS,2.46,1,1
82613a,"METAL SIGN,CUPCAKE SINGLE HOOK",2.46,1,1
84510e,SET OF 4 GREEN CAROUSEL COASTERS,2.46,1,1
37330,BIG POLKADOT MUG,2.34,6,1
46115B,GREEN POP ART MAO CUSHION COVER,2.2800000000000002,12,2
77079,DOLPHIN WINDMILL,2.12,1,1
90112,PINK DOLLY HAIR CLIPS,2.1,2,1
47579,TEA TIME BREAKFAST BASKET,2.1,1,1
20860,GOLD COSMETICS BAG WITH BUTTERFLY,2.1,1,1
85170A,SET/6 IVORY BIRD T-LIGHT CANDLES,2.1,1,1
21414,SCALLOP SHELL SOAP DISH,2.1,1,1
81953B,ROUND BLUE CLOCK WITH SUCKER,2.09,11,3
84731,3 BIRDS CANVAS SCREEN,2.04,2,2
22323,PINK POLKADOT KIDS BAG,1.95,1,1
21491,SET OF THREE VINTAGE GIFT WRAPS,1.95,1,1
22146,EASTER CRAFT IVY WREATH WITH CHICK,1.95,1,1
90092,BLUE CRYSTAL BOOT PHONE CHARM,1.66,1,1
84550,CROCHET LILAC/RED BEAR KEYRING,1.65,1,1
23664,FLOWER SHOP DESIGN MUG,1.65,1,1
84206C,CHAMPAGNE TRAY BLANK CARD,1.52,8,2
37461,FUNKY MONKEY MUG,1.25,1,1
21009,ETCHED GLASS STAR TREE DECORATION,1.25,1,1
23370,SET 36 COLOURING PENCILS DOILEY,1.25,1,1
84569C,PACK 4 FLOWER/BUTTERFLY PATCHES,1.25,1,1
35597A,DUSTY PINK CHRISTMAS TREE 30CM,1.25,1,1
84743C,ORANGE FELT VASE + FLOWERS,1.25,1,1
84977,WIRE FLOWER T-LIGHT HOLDER,1.25,1,1
35597B,BLACKCHRISTMAS TREE 30CM,1.25,1,1
84990,60 GOLD AND SILVER FAIRY CAKE CASES,1.1,2,2
84206B,CAT WITH SUNGLASSES BLANK CARD,0.95,5,1
84201C,HAPPY BIRTHDAY CARD TEDDY/CAKE,0.95,5,1
90084,PINK CRYSTAL GUITAR PHONE CHARM,0.85,1,1
21268,VINTAGE BLUE TINSEL REEL,0.84,2,1
51014c,"FEATHER PEN,COAL BLACK",0.83,1,1
23366,SET 12 COLOURING PENCILS DOILEY,0.65,1,1
84227,HEN HOUSE W CHICK IN NEST,0.42,1,1
PADS,PADS TO MATCH ALL CUSHIONS,0.003,3,3
